,Unnamed: 0,customerID,gender,SeniorCitizen,Partner,Dependents,tenure,PhoneService,MultipleLines,InternetService,OnlineSecurity,OnlineBackup,DeviceProtection,TechSupport,StreamingTV,StreamingMovies,Contract,PaperlessBilling,PaymentMethod,MonthlyCharges,TotalCharges,Actual_Churn,Predicted_Churn,No_Churn_Rate,Churn_Rate,contract_label,tech_service_label,entertainment_label,communication_label
0,0,7590-VHVEG,Female,No,Yes,No,1,No,No phone service,DSL,No,Yes,No,No,No,No,Month-to-month,Yes,Electronic check,29.85,29.85,No,Yes,0.4952827844077241,0.5047172155922759,Create and Promote mid to long term contracts,Promote Tech Services,No action needed,Customize communication for customers with no dependents.
2,2,3668-QPYBK,Male,No,No,No,2,Yes,No,DSL,Yes,Yes,No,No,No,No,Month-to-month,Yes,Mailed check,53.85,108.15,Yes,Yes,0.383768120183017,0.616231879816983,Create and Promote mid to long term contracts,Promote Tech Services,No action needed,Customize communication for customers with no dependents.
4,4,9237-HQITU,Female,No,No,No,2,Yes,No,Fiber optic,No,No,No,No,No,No,Month-to-month,Yes,Electronic check,70.7,151.65,Yes,Yes,0.1178444872746338,0.8821555127253662,Create and Promote mid to long term contracts,Promote Tech Services,No action needed,Customize communication for customers with no dependents.
5,5,9305-CDSKC,Female,No,No,No,8,Yes,Yes,Fiber optic,No,No,Yes,No,Yes,Yes,Month-to-month,Yes,Electronic check,99.65,820.5,Yes,Yes,0.0557957720388866,0.9442042279611134,Create and Promote mid to long term contracts,Promote Tech Services,Enhance and Promote Entertainment Services,Customize communication for customers with no dependents.
8,8,7892-POOKP,Female,No,Yes,No,28,Yes,Yes,Fiber optic,No,No,Yes,Yes,Yes,Yes,Month-to-month,Yes,Electronic check,104.8,3046.05,Yes,Yes,0.185579801073386,0.814420198926614,Create and Promote mid to long term contracts,Promote Tech Services,Enhance and Promote Entertainment Services,Customize communication for customers with no dependents.
13,13,0280-XJGEX,Male,No,No,No,49,Yes,Yes,Fiber optic,No,Yes,Yes,No,Yes,Yes,Month-to-month,Yes,Bank transfer (automatic),103.7,5036.3,Yes,Yes,0.2718201415562722,0.7281798584437278,Create and Promote mid to long term contracts,Promote Tech Services,Enhance and Promote Entertainment Services,Customize communication for customers with no dependents.
18,18,4190-MFLUW,Female,No,Yes,Yes,10,Yes,No,DSL,No,No,Yes,Yes,No,No,Month-to-month,No,Credit card (automatic),55.2,528.35,Yes,Yes,0.4585215828176822,0.5414784171823178,Create and Promote mid to long term contracts,Promote Tech Services,No action needed,No action needed
19,19,4183-MYFRB,Female,No,No,No,21,Yes,No,Fiber optic,No,Yes,Yes,No,No,Yes,Month-to-month,Yes,Electronic check,90.05,1862.9,No,Yes,0.4871895874544143,0.5128104125455857,Create and Promote mid to long term contracts,Promote Tech Services,Enhance and Promote Entertainment Services,Customize communication for customers with no dependents.
20,20,8779-QRDMV,Male,Yes,No,No,1,No,No phone service,DSL,No,No,Yes,No,No,Yes,Month-to-month,Yes,Electronic check,39.65,39.65,Yes,Yes,0.0413798683924921,0.9586201316075078,Create and Promote mid to long term contracts,Promote Tech Services,Enhance and Promote Entertainment Services,Engage with senior citizens to better understand their needs and concerns.
22,22,1066-JKSGK,Male,No,No,No,1,Yes,No,No,No internet service,No internet service,No internet service,No internet service,No internet service,No internet service,Month-to-month,No,Mailed check,20.15,20.15,Yes,Yes,0.3126762676281104,0.6873237323718896,Create and Promote mid to long term contracts,No action needed,No action needed,Customize communication for customers with no dependents.
26,26,6467-CHFZW,Male,No,Yes,Yes,47,Yes,Yes,Fiber optic,No,Yes,No,No,Yes,Yes,Month-to-month,Yes,Electronic check,99.35,4749.15,Yes,Yes,0.3767511352866618,0.6232488647133382,Create and Promote mid to long term contracts,Promote Tech Services,Enhance and Promote Entertainment Services,No action needed
27,27,8665-UTDHZ,Male,No,Yes,Yes,1,No,No phone service,DSL,No,Yes,No,No,No,No,Month-to-month,No,Electronic check,30.2,30.2,Yes,Yes,0.2136159076547457,0.7863840923452543,Create and Promote mid to long term contracts,Promote Tech Services,No action needed,No action needed
29,29,8773-HHUOZ,Female,No,No,Yes,17,Yes,No,DSL,No,No,No,No,Yes,Yes,Month-to-month,Yes,Mailed check,64.7,1093.1,Yes,Yes,0.3910450165796741,0.6089549834203258,Create and Promote mid to long term contracts,Promote Tech Services,Enhance and Promote Entertainment Services,No action needed
31,31,4929-XIHVW,Male,Yes,Yes,No,2,Yes,No,Fiber optic,No,No,Yes,No,Yes,Yes,Month-to-month,Yes,Credit card (automatic),95.5,181.65,No,Yes,0.4547470565563718,0.5452529434436282,Create and Promote mid to long term contracts,Promote Tech Services,Enhance and Promote Entertainment Services,Engage with senior citizens to better understand their needs and concerns.
34,34,3413-BMNZE,Male,Yes,No,No,1,Yes,No,DSL,No,No,No,No,No,No,Month-to-month,No,Bank transfer (automatic),45.25,45.25,No,Yes,0.4340554655357411,0.5659445344642589,Create and Promote mid to long term contracts,Promote Tech Services,No action needed,Engage with senior citizens to better understand their needs and concerns.
36,36,6047-YHPVI,Male,No,No,No,5,Yes,No,Fiber optic,No,No,No,No,No,No,Month-to-month,Yes,Electronic check,69.7,316.9,Yes,Yes,0.2251588346188292,0.7748411653811708,Create and Promote mid to long term contracts,Promote Tech Services,No action needed,Customize communication for customers with no dependents.
38,38,5380-WJKOV,Male,No,No,No,34,Yes,Yes,Fiber optic,No,Yes,Yes,No,Yes,Yes,Month-to-month,Yes,Electronic check,106.35,3549.25,Yes,Yes,0.2103144733037535,0.7896855266962465,Create and Promote mid to long term contracts,Promote Tech Services,Enhance and Promote Entertainment Services,Customize communication for customers with no dependents.
39,39,8168-UQWWF,Female,No,No,No,11,Yes,Yes,Fiber optic,No,No,Yes,No,Yes,Yes,Month-to-month,Yes,Bank transfer (automatic),97.85,1105.4,Yes,Yes,0.0750534066490798,0.92494659335092,Create and Promote mid to long term contracts,Promote Tech Services,Enhance and Promote Entertainment Services,Customize communication for customers with no dependents.
45,45,3714-NTNFO,Female,No,No,No,49,Yes,Yes,Fiber optic,No,No,No,No,No,Yes,Month-to-month,Yes,Electronic check,84.5,3906.7,No,Yes,0.3502138970441333,0.6497861029558667,Create and Promote mid to long term contracts,Promote Tech Services,Enhance and Promote Entertainment Services,Customize communication for customers with no dependents.
47,47,7760-OYPDY,Female,No,No,No,2,Yes,No,Fiber optic,No,No,No,No,Yes,No,Month-to-month,Yes,Electronic check,80.65,144.15,Yes,Yes,0.0970432425915646,0.9029567574084354,Create and Promote mid to long term contracts,Promote Tech Services,Enhance and Promote Entertainment Services,Customize communication for customers with no dependents.
51,51,9420-LOJKX,Female,No,No,No,15,Yes,No,Fiber optic,Yes,Yes,No,No,Yes,Yes,Month-to-month,Yes,Credit card (automatic),99.1,1426.4,Yes,Yes,0.1964390946873859,0.803560905312614,Create and Promote mid to long term contracts,Promote Tech Services,Enhance and Promote Entertainment Services,Customize communication for customers with no dependents.
53,53,7495-OOKFY,Female,Yes,Yes,No,8,Yes,Yes,Fiber optic,No,Yes,No,No,No,No,Month-to-month,Yes,Credit card (automatic),80.65,633.3,Yes,Yes,0.1919397846218001,0.8080602153781998,Create and Promote mid to long term contracts,Promote Tech Services,No action needed,Engage with senior citizens to better understand their needs and concerns.
55,55,1658-BYGOY,Male,Yes,No,No,18,Yes,Yes,Fiber optic,No,No,No,No,Yes,Yes,Month-to-month,Yes,Electronic check,95.45,1752.55,Yes,Yes,0.245827735971852,0.754172264028148,Create and Promote mid to long term contracts,Promote Tech Services,Enhance and Promote Entertainment Services,Engage with senior citizens to better understand their needs and concerns.
60,60,0434-CSFON,Female,No,Yes,No,47,Yes,Yes,Fiber optic,No,No,Yes,No,Yes,Yes,Month-to-month,Yes,Electronic check,100.5,4707.1,No,Yes,0.4671471969712192,0.5328528030287808,Create and Promote mid to long term contracts,Promote Tech Services,Enhance and Promote Entertainment Services,Customize communication for customers with no dependents.
64,64,5698-BQJOH,Female,No,No,No,9,Yes,Yes,Fiber optic,No,No,No,No,Yes,Yes,Month-to-month,No,Electronic check,94.4,857.25,Yes,Yes,0.0705080600517606,0.9294919399482392,Create and Promote mid to long term contracts,Promote Tech Services,Enhance and Promote Entertainment Services,Customize communication for customers with no dependents.
79,79,5919-TMRGD,Female,No,No,Yes,1,Yes,No,Fiber optic,No,No,No,No,Yes,No,Month-to-month,Yes,Electronic check,79.35,79.35,Yes,Yes,0.0725407761370169,0.9274592238629832,Create and Promote mid to long term contracts,Promote Tech Services,Enhance and Promote Entertainment Services,No action needed
81,81,9191-MYQKX,Female,No,Yes,No,7,Yes,No,Fiber optic,No,No,Yes,No,No,No,Month-to-month,Yes,Bank transfer (automatic),75.15,496.9,Yes,Yes,0.2180477483001525,0.7819522516998475,Create and Promote mid to long term contracts,Promote Tech Services,No action needed,Customize communication for customers with no dependents.
84,84,4445-ZJNMU,Male,No,No,No,9,Yes,Yes,Fiber optic,No,Yes,No,No,Yes,Yes,Month-to-month,Yes,Credit card (automatic),99.3,918.75,No,Yes,0.288066864281032,0.711933135718968,Create and Promote mid to long term contracts,Promote Tech Services,Enhance and Promote Entertainment Services,Customize communication for customers with no dependents.
94,94,8637-XJIVR,Female,No,No,No,12,Yes,Yes,Fiber optic,Yes,No,No,No,No,No,Month-to-month,Yes,Electronic check,78.95,927.35,Yes,Yes,0.4335201489860959,0.5664798510139041,Create and Promote mid to long term contracts,Promote Tech Services,No action needed,Customize communication for customers with no dependents.
98,98,4598-XLKNJ,Female,Yes,Yes,No,25,Yes,No,Fiber optic,No,Yes,Yes,No,Yes,Yes,Month-to-month,Yes,Electronic check,98.5,2514.5,Yes,Yes,0.195145540466582,0.8048544595334179,Create and Promote mid to long term contracts,Promote Tech Services,Enhance and Promote Entertainment Services,Engage with senior citizens to better understand their needs and concerns.
99,99,6380-ARCEH,Male,No,No,No,1,Yes,No,No,No internet service,No internet service,No internet service,No internet service,No internet service,No internet service,Month-to-month,No,Mailed check,20.2,20.2,No,Yes,0.3984598019100919,0.6015401980899081,Create and Promote mid to long term contracts,No action needed,No action needed,Customize communication for customers with no dependents.
109,109,0486-HECZI,Male,No,Yes,No,55,Yes,Yes,Fiber optic,Yes,Yes,No,No,Yes,No,Month-to-month,Yes,Electronic check,96.75,5238.9,Yes,Yes,0.4433747227919897,0.5566252772080102,Create and Promote mid to long term contracts,Promote Tech Services,Enhance and Promote Entertainment Services,Customize communication for customers with no dependents.
112,112,4846-WHAFZ,Female,Yes,Yes,No,37,Yes,Yes,Fiber optic,No,No,No,No,No,No,Month-to-month,Yes,Electronic check,76.5,2868.15,Yes,Yes,0.182095771868519,0.817904228131481,Create and Promote mid to long term contracts,Promote Tech Services,No action needed,Engage with senior citizens to better understand their needs and concerns.
116,116,5299-RULOA,Female,No,Yes,Yes,10,Yes,Yes,Fiber optic,Yes,No,No,No,Yes,Yes,Month-to-month,Yes,Electronic check,100.25,1064.65,Yes,Yes,0.1662947673297169,0.8337052326702831,Create and Promote mid to long term contracts,Promote Tech Services,Enhance and Promote Entertainment Services,No action needed
121,121,0404-SWRVG,Male,No,No,No,3,Yes,Yes,Fiber optic,No,No,No,No,No,No,Month-to-month,Yes,Electronic check,74.4,229.55,Yes,Yes,0.1352866218104762,0.8647133781895238,Create and Promote mid to long term contracts,Promote Tech Services,No action needed,Customize communication for customers with no dependents.
125,125,4412-YLTKF,Female,Yes,No,No,27,Yes,Yes,Fiber optic,No,No,Yes,No,No,No,Month-to-month,Yes,Electronic check,78.05,2135.5,Yes,Yes,0.3235770309017395,0.6764229690982605,Create and Promote mid to long term contracts,Promote Tech Services,No action needed,Engage with senior citizens to better understand their needs and concerns.
127,127,3930-ZGWVE,Male,No,No,No,1,Yes,No,No,No internet service,No internet service,No internet service,No internet service,No internet service,No internet service,Month-to-month,No,Mailed check,19.75,19.75,No,Yes,0.3893914880710054,0.6106085119289946,Create and Promote mid to long term contracts,No action needed,No action needed,Customize communication for customers with no dependents.
129,129,2876-GZYZC,Female,No,No,No,13,Yes,Yes,Fiber optic,No,No,No,No,No,Yes,Month-to-month,Yes,Electronic check,85.95,1215.65,No,Yes,0.1681549815408933,0.8318450184591066,Create and Promote mid to long term contracts,Promote Tech Services,Enhance and Promote Entertainment Services,Customize communication for customers with no dependents.
130,130,6207-WIOLX,Female,No,Yes,Yes,25,No,No phone service,DSL,Yes,Yes,Yes,No,Yes,Yes,Month-to-month,Yes,Credit card (automatic),58.6,1502.65,Yes,Yes,0.4181648884240398,0.5818351115759601,Create and Promote mid to long term contracts,Promote Tech Services,Enhance and Promote Entertainment Services,No action needed
132,132,3091-FYHKI,Male,No,No,No,1,No,No phone service,DSL,No,No,No,No,No,Yes,Month-to-month,Yes,Electronic check,35.45,35.45,Yes,Yes,0.0483322442134721,0.9516677557865278,Create and Promote mid to long term contracts,Promote Tech Services,Enhance and Promote Entertainment Services,Customize communication for customers with no dependents.
133,133,2372-HWUHI,Male,No,No,No,2,Yes,No,DSL,No,No,No,No,No,No,Month-to-month,No,Electronic check,44.35,81.25,Yes,Yes,0.2014636019415572,0.7985363980584428,Create and Promote mid to long term contracts,Promote Tech Services,No action needed,Customize communication for customers with no dependents.
138,138,0390-DCFDQ,Female,Yes,Yes,No,1,Yes,No,Fiber optic,No,No,No,No,No,No,Month-to-month,Yes,Mailed check,70.45,70.45,Yes,Yes,0.1289275385105018,0.8710724614894981,Create and Promote mid to long term contracts,Promote Tech Services,No action needed,Engage with senior citizens to better understand their needs and concerns.
140,140,4080-OGPJL,Female,No,No,No,8,Yes,Yes,DSL,Yes,No,No,Yes,No,Yes,Month-to-month,No,Electronic check,71.15,563.65,Yes,Yes,0.4368850256895725,0.5631149743104275,Create and Promote mid to long term contracts,Promote Tech Services,Enhance and Promote Entertainment Services,Customize communication for customers with no dependents.
146,146,2135-RXIHG,Male,No,No,No,1,Yes,No,DSL,No,No,No,No,No,No,Month-to-month,Yes,Electronic check,45.65,45.65,Yes,Yes,0.1207365900215184,0.8792634099784815,Create and Promote mid to long term contracts,Promote Tech Services,No action needed,Customize communication for customers with no dependents.
150,150,3874-EQOEP,Male,No,No,No,7,Yes,Yes,Fiber optic,No,No,No,No,Yes,Yes,Month-to-month,No,Mailed check,95.0,655.5,Yes,Yes,0.1428052439942707,0.8571947560057293,Create and Promote mid to long term contracts,Promote Tech Services,Enhance and Promote Entertainment Services,Customize communication for customers with no dependents.
154,154,6551-GNYDG,Female,No,Yes,Yes,14,Yes,No,Fiber optic,No,No,No,No,No,Yes,Month-to-month,Yes,Bank transfer (automatic),80.9,1152.8,No,Yes,0.4836546603374405,0.5163453396625595,Create and Promote mid to long term contracts,Promote Tech Services,Enhance and Promote Entertainment Services,No action needed
155,155,9167-APMXZ,Female,No,No,No,22,Yes,Yes,Fiber optic,No,No,No,No,Yes,No,Month-to-month,Yes,Bank transfer (automatic),84.15,1821.95,No,Yes,0.4351497444244417,0.5648502555755582,Create and Promote mid to long term contracts,Promote Tech Services,Enhance and Promote Entertainment Services,Customize communication for customers with no dependents.
160,160,0867-MKZVY,Female,No,Yes,No,20,Yes,Yes,Fiber optic,Yes,No,No,No,No,No,Month-to-month,No,Electronic check,82.4,1592.35,Yes,Yes,0.3983969398782824,0.6016030601217176,Create and Promote mid to long term contracts,Promote Tech Services,No action needed,Customize communication for customers with no dependents.
161,161,4482-EWFMI,Female,No,No,No,2,Yes,No,Fiber optic,No,No,No,No,No,No,Month-to-month,Yes,Electronic check,69.7,135.2,No,Yes,0.2273495071378443,0.7726504928621557,Create and Promote mid to long term contracts,Promote Tech Services,No action needed,Customize communication for customers with no dependents.
165,165,3376-BMGFE,Female,No,No,No,4,Yes,No,Fiber optic,No,No,No,No,No,No,Month-to-month,Yes,Bank transfer (automatic),70.9,273.0,Yes,Yes,0.0774351174254813,0.9225648825745186,Create and Promote mid to long term contracts,Promote Tech Services,No action needed,Customize communication for customers with no dependents.
167,167,3445-HXXGF,Male,Yes,Yes,No,58,No,No phone service,DSL,No,Yes,Yes,No,No,Yes,Month-to-month,Yes,Electronic check,45.3,2651.2,Yes,Yes,0.4658520982009084,0.5341479017990916,Create and Promote mid to long term contracts,Promote Tech Services,Enhance and Promote Entertainment Services,Engage with senior citizens to better understand their needs and concerns.
170,170,1875-QIVME,Female,No,Yes,No,2,Yes,Yes,Fiber optic,No,No,Yes,Yes,Yes,Yes,Month-to-month,Yes,Electronic check,104.4,242.8,Yes,Yes,0.1250551976620626,0.8749448023379374,Create and Promote mid to long term contracts,Promote Tech Services,Enhance and Promote Entertainment Services,Customize communication for customers with no dependents.
172,172,0691-JVSYA,Female,No,Yes,No,53,Yes,No,Fiber optic,No,No,Yes,No,Yes,Yes,One year,Yes,Bank transfer (automatic),94.85,5000.2,Yes,Yes,0.4658007144571395,0.5341992855428604,Create and Promote mid to long term contracts,Promote Tech Services,Enhance and Promote Entertainment Services,Customize communication for customers with no dependents.
175,175,2656-FMOKZ,Female,Yes,No,No,15,Yes,Yes,Fiber optic,No,No,No,No,No,No,Month-to-month,Yes,Mailed check,74.45,1145.7,Yes,Yes,0.1947383311953601,0.8052616688046399,Create and Promote mid to long term contracts,Promote Tech Services,No action needed,Engage with senior citizens to better understand their needs and concerns.
176,176,2070-FNEXE,Female,Yes,No,No,7,Yes,No,Fiber optic,Yes,No,No,No,No,No,Month-to-month,No,Bank transfer (automatic),76.45,503.6,Yes,Yes,0.243363806019626,0.756636193980374,Create and Promote mid to long term contracts,Promote Tech Services,No action needed,Engage with senior citizens to better understand their needs and concerns.
179,179,6317-YPKDH,Female,No,No,No,1,No,No phone service,DSL,No,Yes,No,No,No,No,Month-to-month,No,Bank transfer (automatic),29.95,29.95,Yes,Yes,0.1669071987655609,0.8330928012344391,Create and Promote mid to long term contracts,Promote Tech Services,No action needed,Customize communication for customers with no dependents.
180,180,6582-OIVSP,Female,No,No,No,1,Yes,No,DSL,No,No,No,No,No,No,Month-to-month,No,Mailed check,45.3,45.3,No,Yes,0.2583944271643191,0.7416055728356808,Create and Promote mid to long term contracts,Promote Tech Services,No action needed,Customize communication for customers with no dependents.
181,181,9367-WXLCH,Male,No,No,No,8,Yes,Yes,Fiber optic,No,No,No,No,No,Yes,Month-to-month,No,Bank transfer (automatic),84.5,662.65,Yes,Yes,0.1545156328485982,0.8454843671514017,Create and Promote mid to long term contracts,Promote Tech Services,Enhance and Promote Entertainment Services,Customize communication for customers with no dependents.
183,183,1918-ZBFQJ,Female,No,No,No,13,Yes,No,Fiber optic,No,Yes,Yes,No,No,No,Month-to-month,Yes,Electronic check,79.25,1111.65,Yes,Yes,0.2355141255399688,0.7644858744600311,Create and Promote mid to long term contracts,Promote Tech Services,No action needed,Customize communication for customers with no dependents.
184,184,1024-GUALD,Female,No,Yes,No,1,No,No phone service,DSL,No,No,No,No,No,No,Month-to-month,Yes,Electronic check,24.8,24.8,Yes,Yes,0.1306929328754111,0.8693070671245888,Create and Promote mid to long term contracts,Promote Tech Services,No action needed,Customize communication for customers with no dependents.
190,190,2472-OVKUP,Male,No,Yes,No,6,Yes,No,Fiber optic,No,Yes,Yes,No,No,Yes,Month-to-month,Yes,Electronic check,91.0,531.0,Yes,Yes,0.2638384118701364,0.7361615881298635,Create and Promote mid to long term contracts,Promote Tech Services,Enhance and Promote Entertainment Services,Customize communication for customers with no dependents.
206,206,1285-OKIPP,Male,No,No,No,1,Yes,No,Fiber optic,No,No,No,No,No,Yes,Month-to-month,No,Electronic check,79.9,79.9,Yes,Yes,0.0454813820693349,0.9545186179306652,Create and Promote mid to long term contracts,Promote Tech Services,Enhance and Promote Entertainment Services,Customize communication for customers with no dependents.
207,207,7825-ECJRF,Female,No,No,No,19,Yes,No,Fiber optic,Yes,No,Yes,Yes,Yes,Yes,Month-to-month,Yes,Electronic check,106.6,1934.45,Yes,Yes,0.269909830896293,0.7300901691037069,Create and Promote mid to long term contracts,Promote Tech Services,Enhance and Promote Entertainment Services,Customize communication for customers with no dependents.
209,209,7841-TZDMQ,Male,No,No,No,2,Yes,No,DSL,No,No,No,No,No,No,Month-to-month,Yes,Credit card (automatic),46.0,84.5,Yes,Yes,0.2504505729713595,0.7495494270286405,Create and Promote mid to long term contracts,Promote Tech Services,No action needed,Customize communication for customers with no dependents.
210,210,4195-NZGTA,Female,No,No,No,1,No,No phone service,DSL,No,No,No,No,No,No,Month-to-month,No,Electronic check,25.25,25.25,No,Yes,0.1411961462367497,0.8588038537632503,Create and Promote mid to long term contracts,Promote Tech Services,No action needed,Customize communication for customers with no dependents.
213,213,2504-DSHIH,Male,Yes,Yes,No,23,Yes,Yes,Fiber optic,No,No,No,No,No,Yes,Month-to-month,No,Electronic check,86.8,1975.85,No,Yes,0.4849003650073292,0.5150996349926708,Create and Promote mid to long term contracts,Promote Tech Services,Enhance and Promote Entertainment Services,Engage with senior citizens to better understand their needs and concerns.
218,218,6496-JDSSB,Female,No,No,No,8,Yes,No,Fiber optic,No,No,No,No,Yes,No,Month-to-month,Yes,Bank transfer (automatic),80.0,624.6,No,Yes,0.2063636796771699,0.79363632032283,Create and Promote mid to long term contracts,Promote Tech Services,Enhance and Promote Entertainment Services,Customize communication for customers with no dependents.
219,219,9408-SSNVZ,Female,No,No,No,4,Yes,No,Fiber optic,No,No,No,No,No,No,Month-to-month,Yes,Electronic check,70.15,268.35,Yes,Yes,0.1381406006062256,0.8618593993937743,Create and Promote mid to long term contracts,Promote Tech Services,No action needed,Customize communication for customers with no dependents.
222,222,0742-MOABM,Male,No,Yes,No,4,Yes,No,DSL,No,No,No,Yes,No,No,Month-to-month,No,Mailed check,50.05,179.35,Yes,Yes,0.4683730140677135,0.5316269859322865,Create and Promote mid to long term contracts,Promote Tech Services,No action needed,Customize communication for customers with no dependents.
226,226,2232-DMLXU,Female,No,Yes,No,1,Yes,No,DSL,No,No,No,No,Yes,No,Month-to-month,No,Mailed check,55.2,55.2,Yes,Yes,0.292094318926546,0.707905681073454,Create and Promote mid to long term contracts,Promote Tech Services,Enhance and Promote Entertainment Services,Customize communication for customers with no dependents.
231,231,8937-RDTHP,Male,No,No,No,1,Yes,No,Fiber optic,Yes,No,No,No,No,Yes,Month-to-month,Yes,Mailed check,84.6,84.6,Yes,Yes,0.2545043003578601,0.7454956996421399,Create and Promote mid to long term contracts,Promote Tech Services,Enhance and Promote Entertainment Services,Customize communication for customers with no dependents.
234,234,1251-KRREG,Male,No,No,No,2,Yes,Yes,DSL,No,Yes,No,No,No,No,Month-to-month,Yes,Mailed check,54.4,114.1,Yes,Yes,0.3954627285166912,0.6045372714833088,Create and Promote mid to long term contracts,Promote Tech Services,No action needed,Customize communication for customers with no dependents.
237,237,0094-OIFMO,Female,Yes,No,No,11,Yes,No,Fiber optic,No,Yes,No,No,Yes,Yes,Month-to-month,Yes,Electronic check,95.0,1120.3,Yes,Yes,0.1993855303658981,0.8006144696341019,Create and Promote mid to long term contracts,Promote Tech Services,Enhance and Promote Entertainment Services,Engage with senior citizens to better understand their needs and concerns.
246,246,9947-OTFQU,Male,Yes,No,No,15,Yes,No,Fiber optic,No,Yes,No,No,No,No,Month-to-month,Yes,Electronic check,74.4,1074.3,Yes,Yes,0.2328599993522713,0.7671400006477287,Create and Promote mid to long term contracts,Promote Tech Services,No action needed,Engage with senior citizens to better understand their needs and concerns.
247,247,0322-YINQP,Male,No,No,No,1,Yes,No,DSL,Yes,No,No,No,No,No,Month-to-month,Yes,Mailed check,48.55,48.55,Yes,Yes,0.4870646219778397,0.5129353780221603,Create and Promote mid to long term contracts,Promote Tech Services,No action needed,Customize communication for customers with no dependents.
250,250,4629-NRXKX,Female,No,Yes,Yes,2,Yes,No,Fiber optic,No,No,No,No,No,No,Month-to-month,No,Electronic check,70.4,147.15,Yes,Yes,0.3205907708887491,0.6794092291112509,Create and Promote mid to long term contracts,Promote Tech Services,No action needed,No action needed
251,251,9514-JDSKI,Male,Yes,Yes,No,1,No,No phone service,DSL,No,Yes,No,No,Yes,No,Month-to-month,No,Electronic check,40.2,40.2,Yes,Yes,0.1071105763133367,0.8928894236866632,Create and Promote mid to long term contracts,Promote Tech Services,Enhance and Promote Entertainment Services,Engage with senior citizens to better understand their needs and concerns.
257,257,4959-JOSRX,Female,No,Yes,No,2,Yes,No,DSL,No,No,No,No,No,No,Month-to-month,Yes,Credit card (automatic),44.6,80.55,Yes,Yes,0.3588003011460405,0.6411996988539594,Create and Promote mid to long term contracts,Promote Tech Services,No action needed,Customize communication for customers with no dependents.
259,259,7273-TEFQD,Male,Yes,No,No,3,No,No phone service,DSL,No,No,Yes,No,No,Yes,Month-to-month,Yes,Electronic check,41.15,132.2,Yes,Yes,0.0620197862766764,0.9379802137233236,Create and Promote mid to long term contracts,Promote Tech Services,Enhance and Promote Entertainment Services,Engage with senior citizens to better understand their needs and concerns.
260,260,3606-TWKGI,Male,Yes,No,No,13,Yes,Yes,Fiber optic,No,Yes,Yes,No,Yes,Yes,Month-to-month,Yes,Electronic check,106.9,1364.3,Yes,Yes,0.1557900990157527,0.8442099009842473,Create and Promote mid to long term contracts,Promote Tech Services,Enhance and Promote Entertainment Services,Engage with senior citizens to better understand their needs and concerns.
269,269,4385-GZQXV,Female,Yes,No,No,16,Yes,No,Fiber optic,No,No,No,Yes,Yes,Yes,Month-to-month,Yes,Electronic check,94.45,1511.2,Yes,Yes,0.3014417910477086,0.6985582089522914,Create and Promote mid to long term contracts,Promote Tech Services,Enhance and Promote Entertainment Services,Engage with senior citizens to better understand their needs and concerns.
271,271,6366-ZGQGL,Male,No,No,No,1,No,No phone service,DSL,No,No,No,No,No,No,Month-to-month,No,Bank transfer (automatic),24.8,24.8,Yes,Yes,0.1897288196491579,0.8102711803508421,Create and Promote mid to long term contracts,Promote Tech Services,No action needed,Customize communication for customers with no dependents.
273,273,5940-AHUHD,Male,No,No,No,1,Yes,No,Fiber optic,No,No,No,No,No,No,Month-to-month,No,Mailed check,70.6,70.6,Yes,Yes,0.1504761615432047,0.8495238384567952,Create and Promote mid to long term contracts,Promote Tech Services,No action needed,Customize communication for customers with no dependents.
274,274,6432-TWQLB,Male,No,Yes,No,5,Yes,Yes,Fiber optic,No,Yes,No,Yes,No,No,Month-to-month,Yes,Electronic check,85.4,401.1,Yes,Yes,0.1570897807615263,0.8429102192384736,Create and Promote mid to long term contracts,Promote Tech Services,No action needed,Customize communication for customers with no dependents.
275,275,4484-GLZOU,Female,No,Yes,No,52,Yes,Yes,Fiber optic,No,Yes,Yes,No,Yes,Yes,Month-to-month,Yes,Electronic check,105.05,5624.85,Yes,Yes,0.3535865904072772,0.6464134095927228,Create and Promote mid to long term contracts,Promote Tech Services,Enhance and Promote Entertainment Services,Customize communication for customers with no dependents.
283,283,9512-UIBFX,Male,No,Yes,Yes,18,Yes,No,Fiber optic,No,No,Yes,No,Yes,Yes,Month-to-month,No,Mailed check,95.15,1779.95,Yes,Yes,0.3138890687238589,0.6861109312761411,Create and Promote mid to long term contracts,Promote Tech Services,Enhance and Promote Entertainment Services,No action needed
286,286,5583-SXDAG,Male,No,Yes,No,1,Yes,No,Fiber optic,No,No,No,No,No,No,Month-to-month,No,Electronic check,70.0,70.0,Yes,Yes,0.1038580313978925,0.8961419686021075,Create and Promote mid to long term contracts,Promote Tech Services,No action needed,Customize communication for customers with no dependents.
287,287,3488-PGMQJ,Male,Yes,No,No,8,Yes,No,Fiber optic,No,Yes,No,No,No,No,Month-to-month,Yes,Electronic check,74.5,606.55,Yes,Yes,0.3065276547569142,0.6934723452430858,Create and Promote mid to long term contracts,Promote Tech Services,No action needed,Engage with senior citizens to better understand their needs and concerns.
288,288,3580-REOAC,Male,No,No,No,10,Yes,No,DSL,No,No,No,No,No,No,Month-to-month,Yes,Credit card (automatic),44.85,435.4,Yes,Yes,0.4866181562280727,0.5133818437719273,Create and Promote mid to long term contracts,Promote Tech Services,No action needed,Customize communication for customers with no dependents.
289,289,7534-BFESC,Male,Yes,No,No,24,Yes,Yes,Fiber optic,No,No,No,No,No,No,Month-to-month,Yes,Electronic check,76.1,1712.7,Yes,Yes,0.2444882377989926,0.7555117622010074,Create and Promote mid to long term contracts,Promote Tech Services,No action needed,Engage with senior citizens to better understand their needs and concerns.
292,292,4847-TAJYI,Female,Yes,No,No,6,Yes,No,Fiber optic,No,No,No,No,Yes,Yes,Month-to-month,Yes,Electronic check,89.35,567.8,No,Yes,0.3058300952651299,0.6941699047348701,Create and Promote mid to long term contracts,Promote Tech Services,Enhance and Promote Entertainment Services,Engage with senior citizens to better understand their needs and concerns.
294,294,8203-XJZRC,Male,No,No,No,1,Yes,No,No,No internet service,No internet service,No internet service,No internet service,No internet service,No internet service,Month-to-month,No,Mailed check,20.25,20.25,No,Yes,0.4865142507047788,0.5134857492952212,Create and Promote mid to long term contracts,No action needed,No action needed,Customize communication for customers with no dependents.
296,296,6851-WEFYX,Male,Yes,Yes,No,35,Yes,Yes,Fiber optic,No,No,Yes,No,Yes,Yes,Month-to-month,Yes,Electronic check,100.8,3437.5,No,Yes,0.4386505369733005,0.5613494630266995,Create and Promote mid to long term contracts,Promote Tech Services,Enhance and Promote Entertainment Services,Engage with senior citizens to better understand their needs and concerns.
298,298,6390-DSAZX,Female,No,No,Yes,1,Yes,No,Fiber optic,Yes,No,No,No,No,No,Month-to-month,Yes,Mailed check,73.6,73.6,Yes,Yes,0.1804121369229018,0.8195878630770982,Create and Promote mid to long term contracts,Promote Tech Services,No action needed,No action needed
300,300,8098-LLAZX,Female,Yes,No,No,4,Yes,Yes,Fiber optic,No,No,No,No,Yes,Yes,Month-to-month,Yes,Electronic check,95.45,396.1,Yes,Yes,0.0798490393337694,0.9201509606662306,Create and Promote mid to long term contracts,Promote Tech Services,Enhance and Promote Entertainment Services,Engage with senior citizens to better understand their needs and concerns.
305,305,0265-EDXBD,Male,Yes,Yes,No,32,Yes,Yes,Fiber optic,No,No,No,No,No,No,Month-to-month,Yes,Electronic check,74.9,2303.35,Yes,Yes,0.3450919141397944,0.6549080858602055,Create and Promote mid to long term contracts,Promote Tech Services,No action needed,Engage with senior citizens to better understand their needs and concerns.
312,312,2799-ARNLO,Female,Yes,Yes,No,5,Yes,No,Fiber optic,No,No,No,No,No,No,Month-to-month,Yes,Electronic check,69.35,341.6,No,Yes,0.4574647398013005,0.5425352601986995,Create and Promote mid to long term contracts,Promote Tech Services,No action needed,Engage with senior citizens to better understand their needs and concerns.
313,313,7563-BIUPC,Male,No,No,No,5,Yes,No,Fiber optic,No,No,No,No,Yes,No,Month-to-month,Yes,Electronic check,80.6,415.55,Yes,Yes,0.178563322241849,0.821436677758151,Create and Promote mid to long term contracts,Promote Tech Services,Enhance and Promote Entertainment Services,Customize communication for customers with no dependents.
317,317,2840-XANRC,Male,Yes,Yes,No,24,Yes,No,Fiber optic,No,No,Yes,No,Yes,Yes,Month-to-month,Yes,Electronic check,93.15,2231.05,Yes,Yes,0.3925564420969447,0.6074435579030553,Create and Promote mid to long term contracts,Promote Tech Services,Enhance and Promote Entertainment Services,Engage with senior citizens to better understand their needs and concerns.
321,321,8705-WZCYL,Male,No,No,No,1,Yes,No,DSL,No,No,No,No,No,No,Month-to-month,Yes,Electronic check,44.8,44.8,No,Yes,0.3570959378445268,0.6429040621554731,Create and Promote mid to long term contracts,Promote Tech Services,No action needed,Customize communication for customers with no dependents.
326,326,5804-LEPIM,Female,Yes,No,No,2,Yes,No,Fiber optic,No,No,No,No,No,No,Month-to-month,Yes,Electronic check,70.35,139.05,Yes,Yes,0.2060350067418449,0.7939649932581551,Create and Promote mid to long term contracts,Promote Tech Services,No action needed,Engage with senior citizens to better understand their needs and concerns.
328,328,2739-CACDQ,Female,Yes,No,No,17,Yes,Yes,Fiber optic,No,No,Yes,No,No,No,Month-to-month,Yes,Credit card (automatic),82.65,1470.05,No,Yes,0.2875395536643973,0.7124604463356027,Create and Promote mid to long term contracts,Promote Tech Services,No action needed,Engage with senior citizens to better understand their needs and concerns.
332,332,0122-OAHPZ,Female,No,No,No,7,Yes,Yes,Fiber optic,No,No,No,No,No,No,Month-to-month,Yes,Electronic check,73.85,511.25,Yes,Yes,0.1735910239613998,0.8264089760386002,Create and Promote mid to long term contracts,Promote Tech Services,No action needed,Customize communication for customers with no dependents.
333,333,2868-SNELZ,Female,No,No,No,2,Yes,Yes,Fiber optic,No,No,Yes,No,No,No,Month-to-month,No,Mailed check,80.6,155.8,Yes,Yes,0.1910934481135295,0.8089065518864704,Create and Promote mid to long term contracts,Promote Tech Services,No action needed,Customize communication for customers with no dependents.
335,335,6680-NENYN,Female,No,No,No,43,Yes,Yes,Fiber optic,No,Yes,Yes,No,Yes,Yes,Two year,Yes,Electronic check,104.6,4759.85,Yes,Yes,0.4828537908009165,0.5171462091990835,No action needed,Promote Tech Services,Enhance and Promote Entertainment Services,Customize communication for customers with no dependents.
338,338,1343-EHPYB,Male,No,Yes,No,63,Yes,Yes,Fiber optic,No,Yes,Yes,No,Yes,Yes,Month-to-month,Yes,Electronic check,103.4,6603.0,Yes,Yes,0.4104389247258749,0.589561075274125,Create and Promote mid to long term contracts,Promote Tech Services,Enhance and Promote Entertainment Services,Customize communication for customers with no dependents.
344,344,0021-IKXGC,Female,Yes,No,No,1,Yes,Yes,Fiber optic,No,No,No,No,No,No,Month-to-month,Yes,Electronic check,72.1,72.1,No,Yes,0.2425393339877625,0.7574606660122375,Create and Promote mid to long term contracts,Promote Tech Services,No action needed,Engage with senior citizens to better understand their needs and concerns.
345,345,2034-GDRCN,Female,No,No,No,2,Yes,No,Fiber optic,No,No,No,No,Yes,Yes,Month-to-month,Yes,Electronic check,90.4,168.2,Yes,Yes,0.0673084513166568,0.9326915486833433,Create and Promote mid to long term contracts,Promote Tech Services,Enhance and Promote Entertainment Services,Customize communication for customers with no dependents.
351,351,4115-NZRKS,Female,Yes,No,No,7,Yes,No,Fiber optic,No,No,No,No,Yes,Yes,Month-to-month,Yes,Electronic check,89.15,574.35,No,Yes,0.38868510275971,0.61131489724029,Create and Promote mid to long term contracts,Promote Tech Services,Enhance and Promote Entertainment Services,Engage with senior citizens to better understand their needs and concerns.
352,352,0219-YTZUE,Male,No,Yes,Yes,4,Yes,Yes,Fiber optic,No,Yes,Yes,No,No,No,Month-to-month,Yes,Bank transfer (automatic),84.8,371.9,Yes,Yes,0.1533673271703749,0.8466326728296251,Create and Promote mid to long term contracts,Promote Tech Services,No action needed,No action needed
353,353,0623-IIHUG,Female,Yes,No,No,21,No,No phone service,DSL,Yes,No,No,No,Yes,No,Month-to-month,Yes,Electronic check,41.9,840.1,Yes,Yes,0.2681266665835696,0.7318733334164303,Create and Promote mid to long term contracts,Promote Tech Services,Enhance and Promote Entertainment Services,Engage with senior citizens to better understand their needs and concerns.
354,354,4572-DVCGN,Female,No,No,No,10,Yes,No,Fiber optic,No,No,No,No,No,Yes,Month-to-month,Yes,Bank transfer (automatic),80.25,846.0,Yes,Yes,0.1143631831673193,0.8856368168326807,Create and Promote mid to long term contracts,Promote Tech Services,Enhance and Promote Entertainment Services,Customize communication for customers with no dependents.
357,357,9057-MSWCO,Male,Yes,Yes,No,27,No,No phone service,DSL,Yes,No,No,No,No,No,Month-to-month,No,Credit card (automatic),30.75,805.1,Yes,Yes,0.3780069201253001,0.6219930798746999,Create and Promote mid to long term contracts,Promote Tech Services,No action needed,Engage with senior citizens to better understand their needs and concerns.
364,364,1010-DIAUQ,Male,No,No,No,5,Yes,No,Fiber optic,No,No,Yes,No,Yes,Yes,Month-to-month,No,Bank transfer (automatic),96.5,492.55,Yes,Yes,0.1043071699390991,0.8956928300609008,Create and Promote mid to long term contracts,Promote Tech Services,Enhance and Promote Entertainment Services,Customize communication for customers with no dependents.
370,370,0259-GBZSH,Male,No,No,No,2,Yes,Yes,Fiber optic,No,No,No,No,Yes,No,Month-to-month,Yes,Electronic check,85.65,181.5,Yes,Yes,0.1045928184669491,0.8954071815330509,Create and Promote mid to long term contracts,Promote Tech Services,Enhance and Promote Entertainment Services,Customize communication for customers with no dependents.
375,375,6158-HDPXZ,Male,No,No,No,1,No,No phone service,DSL,No,No,No,No,No,No,Month-to-month,No,Mailed check,25.35,25.35,No,Yes,0.4200499858159698,0.5799500141840301,Create and Promote mid to long term contracts,Promote Tech Services,No action needed,Customize communication for customers with no dependents.
376,376,9601-BRXPO,Female,No,Yes,No,25,Yes,Yes,Fiber optic,No,No,Yes,Yes,Yes,Yes,Month-to-month,Yes,Bank transfer (automatic),104.95,2566.5,Yes,Yes,0.2724019295406624,0.7275980704593376,Create and Promote mid to long term contracts,Promote Tech Services,Enhance and Promote Entertainment Services,Customize communication for customers with no dependents.
380,380,6905-NIQIN,Male,No,No,No,1,Yes,No,DSL,No,Yes,No,No,No,No,Month-to-month,No,Mailed check,50.65,50.65,Yes,Yes,0.2830091593372765,0.7169908406627234,Create and Promote mid to long term contracts,Promote Tech Services,No action needed,Customize communication for customers with no dependents.
382,382,5167-ZFFMM,Male,No,No,No,1,Yes,Yes,Fiber optic,No,Yes,No,No,No,Yes,Month-to-month,Yes,Credit card (automatic),90.85,90.85,Yes,Yes,0.1019751811402561,0.8980248188597438,Create and Promote mid to long term contracts,Promote Tech Services,Enhance and Promote Entertainment Services,Customize communication for customers with no dependents.
385,385,0533-BNWKF,Female,Yes,Yes,No,55,Yes,Yes,Fiber optic,No,Yes,Yes,No,No,No,Month-to-month,Yes,Electronic check,85.45,4874.7,Yes,Yes,0.4437067561431315,0.5562932438568685,Create and Promote mid to long term contracts,Promote Tech Services,No action needed,Engage with senior citizens to better understand their needs and concerns.
389,389,3597-MVHJT,Female,No,No,No,27,Yes,Yes,Fiber optic,No,No,No,No,Yes,Yes,Month-to-month,Yes,Bank transfer (automatic),95.6,2595.25,No,Yes,0.2521422870624789,0.7478577129375211,Create and Promote mid to long term contracts,Promote Tech Services,Enhance and Promote Entertainment Services,Customize communication for customers with no dependents.
391,391,0224-RLWWD,Female,Yes,No,No,2,Yes,No,DSL,No,No,No,No,No,No,Month-to-month,Yes,Electronic check,44.3,89.3,No,Yes,0.3677010928684382,0.6322989071315618,Create and Promote mid to long term contracts,Promote Tech Services,No action needed,Engage with senior citizens to better understand their needs and concerns.
396,396,6599-CEBNN,Female,No,No,No,34,Yes,No,Fiber optic,No,Yes,No,No,No,No,Month-to-month,Yes,Credit card (automatic),73.95,2524.45,Yes,Yes,0.2273477889700249,0.7726522110299751,Create and Promote mid to long term contracts,Promote Tech Services,No action needed,Customize communication for customers with no dependents.
401,401,0979-PHULV,Male,No,Yes,Yes,69,Yes,Yes,Fiber optic,No,No,Yes,No,Yes,Yes,Month-to-month,Yes,Credit card (automatic),99.45,7007.6,Yes,Yes,0.2591556777204217,0.7408443222795783,Create and Promote mid to long term contracts,Promote Tech Services,Enhance and Promote Entertainment Services,No action needed
407,407,4800-VHZKI,Female,No,No,No,1,Yes,No,No,No internet service,No internet service,No internet service,No internet service,No internet service,No internet service,Month-to-month,Yes,Mailed check,19.9,19.9,Yes,Yes,0.3663868015123233,0.6336131984876767,Create and Promote mid to long term contracts,No action needed,No action needed,Customize communication for customers with no dependents.
408,408,7989-CHGTL,Male,No,No,No,1,Yes,No,No,No internet service,No internet service,No internet service,No internet service,No internet service,No internet service,Month-to-month,Yes,Mailed check,19.6,19.6,Yes,Yes,0.3627960843962269,0.6372039156037731,Create and Promote mid to long term contracts,No action needed,No action needed,Customize communication for customers with no dependents.
409,409,0334-GDDSO,Male,Yes,No,No,3,Yes,Yes,Fiber optic,No,Yes,No,No,No,No,Month-to-month,Yes,Electronic check,81.35,233.7,Yes,Yes,0.1691270595069015,0.8308729404930985,Create and Promote mid to long term contracts,Promote Tech Services,No action needed,Engage with senior citizens to better understand their needs and concerns.
411,411,5233-AOZUF,Female,No,Yes,No,29,Yes,Yes,Fiber optic,No,No,No,No,No,No,Month-to-month,Yes,Electronic check,74.95,2149.05,No,Yes,0.4336722212942686,0.5663277787057314,Create and Promote mid to long term contracts,Promote Tech Services,No action needed,Customize communication for customers with no dependents.
417,417,0578-SKVMF,Female,No,Yes,Yes,22,Yes,No,Fiber optic,No,Yes,No,No,No,Yes,Month-to-month,No,Electronic check,83.3,1845.9,Yes,Yes,0.3700511334104756,0.6299488665895244,Create and Promote mid to long term contracts,Promote Tech Services,Enhance and Promote Entertainment Services,No action needed
418,418,5564-NEMQO,Female,Yes,No,No,1,Yes,No,Fiber optic,No,No,Yes,No,No,No,Month-to-month,Yes,Bank transfer (automatic),75.3,75.3,Yes,Yes,0.0703722474226468,0.9296277525773532,Create and Promote mid to long term contracts,Promote Tech Services,No action needed,Engage with senior citizens to better understand their needs and concerns.
420,420,5605-IYGFG,Female,No,No,No,7,Yes,No,Fiber optic,No,No,No,No,No,No,Month-to-month,Yes,Bank transfer (automatic),69.85,515.45,No,Yes,0.3270335253507818,0.6729664746492182,Create and Promote mid to long term contracts,Promote Tech Services,No action needed,Customize communication for customers with no dependents.
426,426,8734-DKSTZ,Female,No,Yes,Yes,10,Yes,Yes,Fiber optic,No,No,No,No,No,Yes,Month-to-month,No,Electronic check,85.95,858.6,No,Yes,0.3510692028858507,0.6489307971141492,Create and Promote mid to long term contracts,Promote Tech Services,Enhance and Promote Entertainment Services,No action needed
443,443,1910-FMXJM,Female,No,Yes,No,36,Yes,No,Fiber optic,No,No,No,No,No,Yes,Month-to-month,No,Electronic check,80.4,2937.65,No,Yes,0.4737720834020541,0.5262279165979459,Create and Promote mid to long term contracts,Promote Tech Services,Enhance and Promote Entertainment Services,Customize communication for customers with no dependents.
444,444,7752-XUSCI,Female,No,No,No,60,Yes,Yes,Fiber optic,No,Yes,Yes,No,Yes,Yes,Month-to-month,Yes,Electronic check,105.9,6396.45,Yes,Yes,0.3348866147079085,0.6651133852920915,Create and Promote mid to long term contracts,Promote Tech Services,Enhance and Promote Entertainment Services,Customize communication for customers with no dependents.
445,445,4110-PFEUZ,Female,No,No,No,1,Yes,No,Fiber optic,No,No,No,No,No,No,Month-to-month,No,Mailed check,69.55,69.55,Yes,Yes,0.0719896362205911,0.9280103637794088,Create and Promote mid to long term contracts,Promote Tech Services,No action needed,Customize communication for customers with no dependents.
447,447,5168-MSWXT,Male,No,Yes,Yes,8,Yes,No,Fiber optic,No,No,Yes,No,Yes,Yes,Month-to-month,Yes,Electronic check,94.75,759.55,No,Yes,0.4923049549227452,0.5076950450772548,Create and Promote mid to long term contracts,Promote Tech Services,Enhance and Promote Entertainment Services,No action needed
452,452,0256-LTHVJ,Female,No,Yes,Yes,28,Yes,No,Fiber optic,No,No,No,No,No,Yes,Month-to-month,Yes,Electronic check,81.05,2227.1,Yes,Yes,0.3325006874983042,0.6674993125016958,Create and Promote mid to long term contracts,Promote Tech Services,Enhance and Promote Entertainment Services,No action needed
454,454,8313-NDOIA,Female,No,No,No,24,Yes,Yes,Fiber optic,No,Yes,Yes,No,Yes,Yes,Month-to-month,Yes,Electronic check,104.15,2494.65,No,Yes,0.2617817910842904,0.7382182089157096,Create and Promote mid to long term contracts,Promote Tech Services,Enhance and Promote Entertainment Services,Customize communication for customers with no dependents.
458,458,1452-VOQCH,Male,No,No,No,1,Yes,Yes,Fiber optic,No,No,No,No,No,No,Month-to-month,Yes,Electronic check,75.1,75.1,No,Yes,0.0702986206738178,0.929701379326182,Create and Promote mid to long term contracts,Promote Tech Services,No action needed,Customize communication for customers with no dependents.
461,461,0880-TKATG,Male,No,Yes,Yes,4,Yes,Yes,Fiber optic,No,No,Yes,No,Yes,Yes,Month-to-month,No,Electronic check,101.15,385.9,Yes,Yes,0.1200367716260447,0.8799632283739552,Create and Promote mid to long term contracts,Promote Tech Services,Enhance and Promote Entertainment Services,No action needed
462,462,3811-VBYBZ,Male,No,No,No,7,Yes,Yes,Fiber optic,No,Yes,No,No,Yes,Yes,Month-to-month,Yes,Electronic check,99.8,673.25,Yes,Yes,0.1176104862681483,0.8823895137318517,Create and Promote mid to long term contracts,Promote Tech Services,Enhance and Promote Entertainment Services,Customize communication for customers with no dependents.
468,468,4640-UHDOS,Female,No,Yes,Yes,13,Yes,No,DSL,No,No,No,No,No,Yes,Month-to-month,No,Electronic check,55.95,734.35,Yes,Yes,0.417819370197774,0.582180629802226,Create and Promote mid to long term contracts,Promote Tech Services,Enhance and Promote Entertainment Services,No action needed
470,470,3583-EKAPL,Male,No,No,No,1,Yes,No,DSL,No,No,No,No,No,Yes,Month-to-month,Yes,Electronic check,55.0,55.0,Yes,Yes,0.2243831271049557,0.7756168728950442,Create and Promote mid to long term contracts,Promote Tech Services,Enhance and Promote Entertainment Services,Customize communication for customers with no dependents.
473,473,9399-APLBT,Female,No,Yes,Yes,1,Yes,No,Fiber optic,No,Yes,No,No,No,No,Month-to-month,Yes,Electronic check,74.7,74.7,Yes,Yes,0.1192184368071268,0.8807815631928732,Create and Promote mid to long term contracts,Promote Tech Services,No action needed,No action needed
474,474,2359-KMGLI,Male,No,No,No,24,Yes,Yes,Fiber optic,No,Yes,No,No,No,No,Month-to-month,Yes,Electronic check,80.25,1861.5,Yes,Yes,0.2750858367962047,0.7249141632037953,Create and Promote mid to long term contracts,Promote Tech Services,No action needed,Customize communication for customers with no dependents.
477,477,0306-JAELE,Male,No,No,No,5,Yes,No,Fiber optic,No,No,No,Yes,Yes,Yes,Month-to-month,Yes,Electronic check,96.1,453.4,Yes,Yes,0.1597706733887427,0.8402293266112573,Create and Promote mid to long term contracts,Promote Tech Services,Enhance and Promote Entertainment Services,Customize communication for customers with no dependents.
478,478,6227-HWPWX,Female,No,No,Yes,15,Yes,No,Fiber optic,No,No,No,No,No,No,Month-to-month,No,Bank transfer (automatic),69.0,994.8,Yes,Yes,0.3103682859904773,0.6896317140095227,Create and Promote mid to long term contracts,Promote Tech Services,No action needed,No action needed
481,481,4612-SSVHJ,Female,Yes,No,No,20,Yes,No,Fiber optic,No,No,No,No,No,Yes,Month-to-month,Yes,Electronic check,81.45,1671.6,No,Yes,0.482125843107076,0.5178741568929239,Create and Promote mid to long term contracts,Promote Tech Services,Enhance and Promote Entertainment Services,Engage with senior citizens to better understand their needs and concerns.
483,483,5949-XIKAE,Female,No,Yes,Yes,8,Yes,No,Fiber optic,No,Yes,No,No,Yes,No,Month-to-month,Yes,Electronic check,83.55,680.05,Yes,Yes,0.2753815769728003,0.7246184230271997,Create and Promote mid to long term contracts,Promote Tech Services,Enhance and Promote Entertainment Services,No action needed
485,485,9094-AZPHK,Female,No,No,No,15,Yes,Yes,Fiber optic,No,Yes,No,No,Yes,Yes,Month-to-month,Yes,Electronic check,100.15,1415.0,No,Yes,0.3224034311913359,0.677596568808664,Create and Promote mid to long term contracts,Promote Tech Services,Enhance and Promote Entertainment Services,Customize communication for customers with no dependents.
488,488,8372-JUXUI,Male,No,No,Yes,1,Yes,Yes,Fiber optic,No,No,No,No,No,No,Month-to-month,Yes,Electronic check,74.35,74.35,Yes,Yes,0.0681270677909557,0.9318729322090442,Create and Promote mid to long term contracts,Promote Tech Services,No action needed,No action needed
491,491,0388-EOPEX,Female,No,Yes,No,2,Yes,No,Fiber optic,Yes,No,No,No,No,No,Month-to-month,Yes,Electronic check,74.4,139.4,Yes,Yes,0.3405162496271663,0.6594837503728337,Create and Promote mid to long term contracts,Promote Tech Services,No action needed,Customize communication for customers with no dependents.
494,494,8205-OTCHB,Male,No,No,No,22,No,No phone service,DSL,No,Yes,Yes,No,No,Yes,One year,Yes,Bank transfer (automatic),43.75,903.6,Yes,Yes,0.4326898399414678,0.5673101600585322,Create and Promote mid to long term contracts,Promote Tech Services,Enhance and Promote Entertainment Services,Customize communication for customers with no dependents.
497,497,6235-VDHOM,Female,Yes,No,No,5,No,No phone service,DSL,No,Yes,No,No,No,No,Month-to-month,No,Electronic check,28.45,131.05,Yes,Yes,0.1846312293215412,0.8153687706784588,Create and Promote mid to long term contracts,Promote Tech Services,No action needed,Engage with senior citizens to better understand their needs and concerns.
498,498,7783-YKGDV,Female,No,No,No,12,Yes,Yes,Fiber optic,Yes,Yes,Yes,No,No,Yes,Month-to-month,Yes,Bank transfer (automatic),99.7,1238.45,Yes,Yes,0.1709244578621298,0.8290755421378702,Create and Promote mid to long term contracts,Promote Tech Services,Enhance and Promote Entertainment Services,Customize communication for customers with no dependents.
504,504,5609-CEBID,Female,Yes,No,No,20,Yes,Yes,Fiber optic,No,Yes,Yes,No,No,Yes,Month-to-month,Yes,Electronic check,94.1,1782.4,Yes,Yes,0.3251444337132233,0.6748555662867767,Create and Promote mid to long term contracts,Promote Tech Services,Enhance and Promote Entertainment Services,Engage with senior citizens to better understand their needs and concerns.
506,506,7218-HKQFK,Male,No,Yes,No,2,Yes,No,Fiber optic,No,No,No,Yes,Yes,Yes,Month-to-month,Yes,Electronic check,94.2,167.5,Yes,Yes,0.2137527492940161,0.7862472507059839,Create and Promote mid to long term contracts,Promote Tech Services,Enhance and Promote Entertainment Services,Customize communication for customers with no dependents.
507,507,4636-QRJKY,Female,No,Yes,Yes,6,Yes,Yes,Fiber optic,No,No,No,Yes,No,No,Month-to-month,Yes,Electronic check,80.5,502.85,Yes,Yes,0.2844607381844181,0.7155392618155819,Create and Promote mid to long term contracts,Promote Tech Services,No action needed,No action needed
508,508,1135-LMECX,Female,No,No,No,1,Yes,No,No,No internet service,No internet service,No internet service,No internet service,No internet service,No internet service,Month-to-month,No,Mailed check,19.85,19.85,No,Yes,0.4010365570088916,0.5989634429911084,Create and Promote mid to long term contracts,No action needed,No action needed,Customize communication for customers with no dependents.
511,511,5956-VKDTT,Female,Yes,Yes,No,5,Yes,Yes,Fiber optic,No,No,No,No,No,No,Month-to-month,Yes,Electronic check,74.35,334.8,Yes,Yes,0.1802654526750186,0.8197345473249814,Create and Promote mid to long term contracts,Promote Tech Services,No action needed,Engage with senior citizens to better understand their needs and concerns.
514,514,9412-GHEEC,Male,No,No,No,40,Yes,Yes,Fiber optic,No,No,Yes,Yes,Yes,Yes,Month-to-month,No,Bank transfer (automatic),104.8,4131.95,Yes,Yes,0.2492191471875126,0.7507808528124874,Create and Promote mid to long term contracts,Promote Tech Services,Enhance and Promote Entertainment Services,Customize communication for customers with no dependents.
522,522,6825-UYPFK,Female,No,No,No,23,Yes,Yes,Fiber optic,No,No,No,No,No,No,Month-to-month,No,Bank transfer (automatic),75.6,1758.6,Yes,Yes,0.2244181005626319,0.7755818994373681,Create and Promote mid to long term contracts,Promote Tech Services,No action needed,Customize communication for customers with no dependents.
523,523,8397-MVTAZ,Male,No,Yes,No,34,Yes,Yes,Fiber optic,No,No,Yes,No,Yes,Yes,Month-to-month,Yes,Electronic check,100.05,3480.0,Yes,Yes,0.2461584696559734,0.7538415303440266,Create and Promote mid to long term contracts,Promote Tech Services,Enhance and Promote Entertainment Services,Customize communication for customers with no dependents.
531,531,4234-XTNEA,Male,No,No,No,2,Yes,No,Fiber optic,No,No,No,No,Yes,No,Month-to-month,Yes,Electronic check,79.95,174.45,No,Yes,0.2422505080074697,0.7577494919925303,Create and Promote mid to long term contracts,Promote Tech Services,Enhance and Promote Entertainment Services,Customize communication for customers with no dependents.
533,533,9282-IZGQK,Female,No,No,No,1,Yes,Yes,Fiber optic,No,No,No,No,No,Yes,Month-to-month,Yes,Electronic check,85.0,85.0,Yes,Yes,0.0473490441020757,0.9526509558979244,Create and Promote mid to long term contracts,Promote Tech Services,Enhance and Promote Entertainment Services,Customize communication for customers with no dependents.
534,534,5348-CAGXB,Male,No,No,No,12,Yes,Yes,Fiber optic,No,No,Yes,No,Yes,No,Month-to-month,Yes,Electronic check,89.55,1021.75,No,Yes,0.3950959544829612,0.6049040455170388,Create and Promote mid to long term contracts,Promote Tech Services,Enhance and Promote Entertainment Services,Customize communication for customers with no dependents.
541,541,2866-IKBTM,Female,No,No,No,1,Yes,No,No,No internet service,No internet service,No internet service,No internet service,No internet service,No internet service,Month-to-month,No,Mailed check,19.55,19.55,No,Yes,0.4610207161129747,0.5389792838870253,Create and Promote mid to long term contracts,No action needed,No action needed,Customize communication for customers with no dependents.
542,542,1342-JPNKI,Male,No,No,No,10,Yes,Yes,Fiber optic,No,No,No,No,Yes,No,Month-to-month,Yes,Bank transfer (automatic),86.05,834.1,Yes,Yes,0.1773952652354017,0.8226047347645983,Create and Promote mid to long term contracts,Promote Tech Services,Enhance and Promote Entertainment Services,Customize communication for customers with no dependents.
543,543,2817-NTQDO,Male,No,No,No,13,No,No phone service,DSL,Yes,No,No,Yes,Yes,No,Month-to-month,Yes,Credit card (automatic),45.55,597.0,Yes,Yes,0.3754617332767781,0.6245382667232219,Create and Promote mid to long term contracts,Promote Tech Services,Enhance and Promote Entertainment Services,Customize communication for customers with no dependents.
553,553,5301-GAUUY,Male,No,No,No,32,Yes,Yes,Fiber optic,No,Yes,No,No,No,No,Month-to-month,Yes,Bank transfer (automatic),80.35,2596.15,Yes,Yes,0.4747594178523371,0.5252405821476629,Create and Promote mid to long term contracts,Promote Tech Services,No action needed,Customize communication for customers with no dependents.
555,555,2654-VBVPB,Female,No,No,No,1,Yes,No,No,No internet service,No internet service,No internet service,No internet service,No internet service,No internet service,Month-to-month,No,Bank transfer (automatic),19.9,19.9,No,Yes,0.4861770970301635,0.5138229029698365,Create and Promote mid to long term contracts,No action needed,No action needed,Customize communication for customers with no dependents.
557,557,2501-XWWTZ,Male,No,No,No,11,Yes,No,Fiber optic,No,No,No,No,No,No,Month-to-month,No,Electronic check,70.2,760.05,No,Yes,0.4712773151346194,0.5287226848653805,Create and Promote mid to long term contracts,Promote Tech Services,No action needed,Customize communication for customers with no dependents.
567,567,0939-YAPAF,Female,No,No,No,35,Yes,Yes,Fiber optic,No,No,Yes,No,Yes,Yes,Month-to-month,Yes,Electronic check,100.25,3527.6,Yes,Yes,0.2233211078841579,0.7766788921158421,Create and Promote mid to long term contracts,Promote Tech Services,Enhance and Promote Entertainment Services,Customize communication for customers with no dependents.
572,572,4710-FDUIZ,Male,No,Yes,No,56,Yes,Yes,Fiber optic,No,Yes,No,No,Yes,Yes,One year,No,Credit card (automatic),100.3,5614.45,Yes,Yes,0.4630987641905311,0.5369012358094689,Create and Promote mid to long term contracts,Promote Tech Services,Enhance and Promote Entertainment Services,Customize communication for customers with no dependents.
576,576,8270-RKSAP,Male,No,No,No,9,Yes,No,Fiber optic,No,No,No,No,No,No,Month-to-month,Yes,Electronic check,70.5,597.9,No,Yes,0.4881232027229456,0.5118767972770544,Create and Promote mid to long term contracts,Promote Tech Services,No action needed,Customize communication for customers with no dependents.
580,580,3627-FHKBK,Female,No,No,No,1,Yes,No,Fiber optic,Yes,No,No,No,No,No,Month-to-month,No,Mailed check,75.3,75.3,Yes,Yes,0.174566389809,0.8254336101909999,Create and Promote mid to long term contracts,Promote Tech Services,No action needed,Customize communication for customers with no dependents.
581,581,2865-TCHJW,Female,Yes,No,No,4,Yes,Yes,Fiber optic,No,No,Yes,No,Yes,No,Month-to-month,Yes,Electronic check,89.2,346.2,Yes,Yes,0.1060075303189164,0.8939924696810836,Create and Promote mid to long term contracts,Promote Tech Services,Enhance and Promote Entertainment Services,Engage with senior citizens to better understand their needs and concerns.
584,584,5192-EBGOV,Female,Yes,No,No,1,Yes,Yes,Fiber optic,No,No,No,No,Yes,No,Month-to-month,Yes,Electronic check,85.7,85.7,Yes,Yes,0.0424128580640968,0.9575871419359032,Create and Promote mid to long term contracts,Promote Tech Services,Enhance and Promote Entertainment Services,Engage with senior citizens to better understand their needs and concerns.
593,593,9244-ZVAPM,Male,No,No,No,1,Yes,No,DSL,No,No,No,No,No,No,Month-to-month,No,Mailed check,45.6,45.6,No,Yes,0.318646094703205,0.681353905296795,Create and Promote mid to long term contracts,Promote Tech Services,No action needed,Customize communication for customers with no dependents.
608,608,3419-SNJJD,Female,Yes,Yes,No,65,Yes,Yes,Fiber optic,Yes,No,Yes,No,Yes,Yes,Month-to-month,No,Bank transfer (automatic),105.25,6786.4,Yes,Yes,0.4236676070797033,0.5763323929202967,Create and Promote mid to long term contracts,Promote Tech Services,Enhance and Promote Entertainment Services,Engage with senior citizens to better understand their needs and concerns.
609,609,6543-CPZMK,Male,No,Yes,Yes,9,No,No phone service,DSL,No,Yes,No,No,No,No,Month-to-month,Yes,Electronic check,29.95,248.95,Yes,Yes,0.3407515004638821,0.6592484995361179,Create and Promote mid to long term contracts,Promote Tech Services,No action needed,No action needed
618,618,4059-IIEBK,Female,No,No,No,7,Yes,Yes,Fiber optic,No,Yes,No,No,No,No,Month-to-month,Yes,Bank transfer (automatic),78.55,522.95,No,Yes,0.295276755790954,0.704723244209046,Create and Promote mid to long term contracts,Promote Tech Services,No action needed,Customize communication for customers with no dependents.
623,623,1009-IRMNA,Female,No,No,No,7,Yes,No,No,No internet service,No internet service,No internet service,No internet service,No internet service,No internet service,Month-to-month,No,Bank transfer (automatic),20.0,137.6,Yes,Yes,0.3422665544012996,0.6577334455987004,Create and Promote mid to long term contracts,No action needed,No action needed,Customize communication for customers with no dependents.
628,628,4554-YGZIH,Male,Yes,Yes,No,49,Yes,Yes,Fiber optic,No,Yes,No,No,No,Yes,Month-to-month,No,Credit card (automatic),90.05,4547.25,Yes,Yes,0.4261392934194877,0.5738607065805122,Create and Promote mid to long term contracts,Promote Tech Services,Enhance and Promote Entertainment Services,Engage with senior citizens to better understand their needs and concerns.
629,629,5099-BAILX,Male,Yes,Yes,Yes,43,Yes,Yes,Fiber optic,No,Yes,Yes,Yes,Yes,Yes,Month-to-month,Yes,Bank transfer (automatic),110.75,4687.9,Yes,Yes,0.3722425032247181,0.6277574967752819,Create and Promote mid to long term contracts,Promote Tech Services,Enhance and Promote Entertainment Services,Engage with senior citizens to better understand their needs and concerns.
634,634,7207-RMRDB,Female,No,Yes,Yes,65,Yes,Yes,Fiber optic,No,Yes,Yes,No,Yes,Yes,Month-to-month,Yes,Electronic check,105.5,6985.65,Yes,Yes,0.2868379631757535,0.7131620368242465,Create and Promote mid to long term contracts,Promote Tech Services,Enhance and Promote Entertainment Services,No action needed
638,638,0195-IESCP,Male,No,Yes,No,10,Yes,Yes,Fiber optic,No,No,No,No,No,Yes,Month-to-month,Yes,Electronic check,85.25,855.3,Yes,Yes,0.127314723974346,0.8726852760256539,Create and Promote mid to long term contracts,Promote Tech Services,Enhance and Promote Entertainment Services,Customize communication for customers with no dependents.
640,640,4580-TMHJU,Female,No,Yes,Yes,43,Yes,No,DSL,No,No,No,No,Yes,No,Month-to-month,No,Electronic check,56.15,2499.3,Yes,Yes,0.4682047926450352,0.5317952073549648,Create and Promote mid to long term contracts,Promote Tech Services,Enhance and Promote Entertainment Services,No action needed
641,641,0970-ETWGE,Male,No,No,No,1,Yes,No,Fiber optic,No,No,No,No,Yes,Yes,Month-to-month,Yes,Electronic check,89.55,89.55,Yes,Yes,0.0837407278041648,0.9162592721958353,Create and Promote mid to long term contracts,Promote Tech Services,Enhance and Promote Entertainment Services,Customize communication for customers with no dependents.
644,644,1626-ERCMM,Male,Yes,Yes,No,20,Yes,Yes,Fiber optic,No,No,No,No,Yes,Yes,Month-to-month,Yes,Electronic check,94.55,1899.65,Yes,Yes,0.2999287954363515,0.7000712045636485,Create and Promote mid to long term contracts,Promote Tech Services,Enhance and Promote Entertainment Services,Engage with senior citizens to better understand their needs and concerns.
645,645,0887-HJGAR,Male,No,No,No,1,Yes,No,DSL,No,No,No,No,No,No,Month-to-month,Yes,Mailed check,45.7,45.7,Yes,Yes,0.2409957243627998,0.7590042756372002,Create and Promote mid to long term contracts,Promote Tech Services,No action needed,Customize communication for customers with no dependents.
647,647,5644-PDMZC,Female,Yes,No,No,2,Yes,Yes,Fiber optic,No,Yes,No,No,No,Yes,Month-to-month,No,Electronic check,89.5,161.5,Yes,Yes,0.1909457154351285,0.8090542845648715,Create and Promote mid to long term contracts,Promote Tech Services,Enhance and Promote Entertainment Services,Engage with senior citizens to better understand their needs and concerns.
649,649,9576-ANLXO,Female,No,No,No,3,Yes,No,Fiber optic,No,No,No,No,No,No,Month-to-month,Yes,Bank transfer (automatic),69.55,222.3,Yes,Yes,0.1326654864036283,0.8673345135963717,Create and Promote mid to long term contracts,Promote Tech Services,No action needed,Customize communication for customers with no dependents.
650,650,2024-BASKD,Female,No,No,No,1,Yes,No,Fiber optic,No,No,Yes,No,No,No,Month-to-month,Yes,Mailed check,74.6,74.6,Yes,Yes,0.1070815413791382,0.8929184586208617,Create and Promote mid to long term contracts,Promote Tech Services,No action needed,Customize communication for customers with no dependents.
653,653,4160-AMJTL,Female,Yes,No,No,8,Yes,No,No,No internet service,No internet service,No internet service,No internet service,No internet service,No internet service,Month-to-month,No,Electronic check,19.65,164.3,Yes,Yes,0.2113792835326655,0.7886207164673344,Create and Promote mid to long term contracts,No action needed,No action needed,Engage with senior citizens to better understand their needs and concerns.
659,659,5650-VDUDS,Female,No,No,No,4,No,No phone service,DSL,No,No,No,No,No,No,Month-to-month,Yes,Mailed check,24.25,96.05,Yes,Yes,0.2351898360841353,0.7648101639158646,Create and Promote mid to long term contracts,Promote Tech Services,No action needed,Customize communication for customers with no dependents.
661,661,3030-ZKIWL,Male,No,No,No,1,Yes,No,No,No internet service,No internet service,No internet service,No internet service,No internet service,No internet service,Month-to-month,No,Mailed check,20.05,20.05,No,Yes,0.4804073970432299,0.5195926029567701,Create and Promote mid to long term contracts,No action needed,No action needed,Customize communication for customers with no dependents.
665,665,7538-GWHML,Female,No,No,No,2,Yes,No,Fiber optic,No,No,No,No,No,No,Month-to-month,No,Electronic check,69.65,145.15,Yes,Yes,0.1407598989362081,0.8592401010637919,Create and Promote mid to long term contracts,Promote Tech Services,No action needed,Customize communication for customers with no dependents.
667,667,3859-CVCET,Female,No,No,No,4,Yes,No,DSL,No,No,No,No,No,No,Month-to-month,No,Mailed check,45.65,191.05,Yes,Yes,0.2362135430100809,0.7637864569899191,Create and Promote mid to long term contracts,Promote Tech Services,No action needed,Customize communication for customers with no dependents.
671,671,3276-HDUEG,Female,No,No,No,1,Yes,Yes,Fiber optic,No,No,No,No,No,No,Month-to-month,Yes,Mailed check,75.05,75.05,Yes,Yes,0.084915911193217,0.9150840888067828,Create and Promote mid to long term contracts,Promote Tech Services,No action needed,Customize communication for customers with no dependents.
673,673,0823-HSCDJ,Male,Yes,No,No,52,No,No phone service,DSL,No,Yes,No,No,Yes,Yes,Month-to-month,Yes,Electronic check,49.15,2550.9,Yes,Yes,0.2963492054799093,0.7036507945200907,Create and Promote mid to long term contracts,Promote Tech Services,Enhance and Promote Entertainment Services,Engage with senior citizens to better understand their needs and concerns.
676,676,0822-GAVAP,Female,No,No,No,2,No,No phone service,DSL,No,No,No,No,No,Yes,Month-to-month,Yes,Electronic check,34.7,62.25,Yes,Yes,0.0557221022701103,0.9442778977298896,Create and Promote mid to long term contracts,Promote Tech Services,Enhance and Promote Entertainment Services,Customize communication for customers with no dependents.
679,679,1448-PWKYE,Male,No,Yes,Yes,1,Yes,No,Fiber optic,No,No,No,No,No,Yes,Month-to-month,No,Electronic check,80.0,80.0,Yes,Yes,0.1501283532895397,0.8498716467104602,Create and Promote mid to long term contracts,Promote Tech Services,Enhance and Promote Entertainment Services,No action needed
683,683,8040-MNRTF,Female,No,No,No,1,Yes,No,Fiber optic,No,No,No,No,No,No,Month-to-month,No,Mailed check,71.1,71.1,No,Yes,0.1299699992997504,0.8700300007002496,Create and Promote mid to long term contracts,Promote Tech Services,No action needed,Customize communication for customers with no dependents.
684,684,1536-HBSWP,Female,No,No,No,1,Yes,No,DSL,No,No,No,Yes,No,No,Month-to-month,Yes,Electronic check,49.9,49.9,No,Yes,0.4599984605154823,0.5400015394845177,Create and Promote mid to long term contracts,Promote Tech Services,No action needed,Customize communication for customers with no dependents.
686,686,0067-DKWBL,Male,Yes,No,No,2,Yes,No,DSL,Yes,No,No,No,No,No,Month-to-month,Yes,Electronic check,49.25,91.1,Yes,Yes,0.1714163724461153,0.8285836275538847,Create and Promote mid to long term contracts,Promote Tech Services,No action needed,Engage with senior citizens to better understand their needs and concerns.
692,692,2276-YDAVZ,Female,No,No,No,3,Yes,Yes,Fiber optic,No,No,No,No,No,No,Month-to-month,Yes,Credit card (automatic),75.1,270.7,Yes,Yes,0.072320185502605,0.927679814497395,Create and Promote mid to long term contracts,Promote Tech Services,No action needed,Customize communication for customers with no dependents.
694,694,2480-JZOSN,Female,No,Yes,No,1,Yes,No,No,No internet service,No internet service,No internet service,No internet service,No internet service,No internet service,Month-to-month,Yes,Mailed check,20.65,20.65,No,Yes,0.4792293529040859,0.520770647095914,Create and Promote mid to long term contracts,No action needed,No action needed,Customize communication for customers with no dependents.
696,696,5896-NPFWW,Male,No,Yes,Yes,3,Yes,No,DSL,No,No,Yes,No,No,No,Month-to-month,Yes,Electronic check,50.15,168.15,Yes,Yes,0.23592591671328,0.76407408328672,Create and Promote mid to long term contracts,Promote Tech Services,No action needed,No action needed
700,700,9450-TRJUU,Male,No,No,No,35,Yes,Yes,Fiber optic,No,No,No,No,Yes,No,Month-to-month,No,Electronic check,83.15,2848.45,No,Yes,0.4545946652825839,0.545405334717416,Create and Promote mid to long term contracts,Promote Tech Services,Enhance and Promote Entertainment Services,Customize communication for customers with no dependents.
701,701,1766-GKNMI,Male,No,No,No,29,Yes,Yes,Fiber optic,No,No,No,No,No,Yes,Month-to-month,Yes,Electronic check,84.9,2516.2,No,Yes,0.3005534975950512,0.6994465024049488,Create and Promote mid to long term contracts,Promote Tech Services,Enhance and Promote Entertainment Services,Customize communication for customers with no dependents.
709,709,1029-QFBEN,Male,No,No,No,1,Yes,No,No,No internet service,No internet service,No internet service,No internet service,No internet service,No internet service,Month-to-month,No,Mailed check,19.55,19.55,Yes,Yes,0.4548735936398648,0.5451264063601352,Create and Promote mid to long term contracts,No action needed,No action needed,Customize communication for customers with no dependents.
716,716,9944-AEXBM,Male,No,No,No,32,Yes,Yes,Fiber optic,No,No,No,No,No,Yes,Month-to-month,Yes,Bank transfer (automatic),85.65,2664.3,No,Yes,0.4491558637202302,0.5508441362797698,Create and Promote mid to long term contracts,Promote Tech Services,Enhance and Promote Entertainment Services,Customize communication for customers with no dependents.
721,721,4952-YSOGZ,Female,No,Yes,Yes,4,Yes,Yes,Fiber optic,No,No,No,No,No,Yes,Month-to-month,Yes,Electronic check,85.95,381.3,Yes,Yes,0.1116170765583751,0.8883829234416248,Create and Promote mid to long term contracts,Promote Tech Services,Enhance and Promote Entertainment Services,No action needed
722,722,1589-AGTLK,Male,No,No,No,3,Yes,No,DSL,No,No,No,No,No,No,Month-to-month,Yes,Electronic check,45.35,141.5,Yes,Yes,0.2258548304748443,0.7741451695251557,Create and Promote mid to long term contracts,Promote Tech Services,No action needed,Customize communication for customers with no dependents.
723,723,5244-IRFIH,Male,Yes,Yes,No,33,Yes,Yes,Fiber optic,No,No,No,No,Yes,Yes,Month-to-month,Yes,Electronic check,94.5,3105.55,Yes,Yes,0.2976364372346995,0.7023635627653004,Create and Promote mid to long term contracts,Promote Tech Services,Enhance and Promote Entertainment Services,Engage with senior citizens to better understand their needs and concerns.
726,726,6786-OBWQR,Female,No,Yes,Yes,5,Yes,No,Fiber optic,No,No,No,No,Yes,No,Month-to-month,Yes,Electronic check,80.85,356.1,No,Yes,0.41772014887579,0.58227985112421,Create and Promote mid to long term contracts,Promote Tech Services,Enhance and Promote Entertainment Services,No action needed
727,727,2684-EIWEO,Female,Yes,No,No,30,Yes,Yes,Fiber optic,Yes,Yes,Yes,No,No,No,Month-to-month,No,Credit card (automatic),91.7,2758.15,Yes,Yes,0.3487680116923595,0.6512319883076405,Create and Promote mid to long term contracts,Promote Tech Services,No action needed,Engage with senior citizens to better understand their needs and concerns.
729,729,6439-GTPCA,Female,No,No,No,45,Yes,Yes,Fiber optic,No,No,Yes,Yes,No,No,Month-to-month,Yes,Electronic check,87.25,3941.7,Yes,Yes,0.4575795791998236,0.5424204208001764,Create and Promote mid to long term contracts,Promote Tech Services,No action needed,Customize communication for customers with no dependents.
741,741,5138-WVKYJ,Male,No,No,No,10,Yes,Yes,Fiber optic,Yes,No,No,No,Yes,Yes,Month-to-month,No,Electronic check,98.55,1008.55,Yes,Yes,0.1527449281634431,0.8472550718365569,Create and Promote mid to long term contracts,Promote Tech Services,Enhance and Promote Entertainment Services,Customize communication for customers with no dependents.
743,743,1635-FJFCC,Female,No,No,No,5,Yes,No,DSL,No,No,No,No,No,No,Month-to-month,Yes,Credit card (automatic),44.05,202.15,No,Yes,0.3977229999264382,0.6022770000735618,Create and Promote mid to long term contracts,Promote Tech Services,No action needed,Customize communication for customers with no dependents.
754,754,6683-VLCTZ,Male,Yes,No,No,20,Yes,Yes,Fiber optic,No,No,Yes,No,Yes,Yes,Month-to-month,Yes,Electronic check,98.55,1842.8,Yes,Yes,0.1520948500738137,0.8479051499261863,Create and Promote mid to long term contracts,Promote Tech Services,Enhance and Promote Entertainment Services,Engage with senior citizens to better understand their needs and concerns.
757,757,2189-WWOEW,Female,No,No,Yes,15,Yes,No,Fiber optic,No,Yes,No,No,No,Yes,Month-to-month,Yes,Bank transfer (automatic),85.9,1269.55,Yes,Yes,0.313113169018436,0.686886830981564,Create and Promote mid to long term contracts,Promote Tech Services,Enhance and Promote Entertainment Services,No action needed
760,760,1894-IGFSG,Female,No,No,No,22,Yes,No,Fiber optic,No,No,No,No,Yes,Yes,Month-to-month,No,Electronic check,89.25,1907.85,Yes,Yes,0.161292369979432,0.8387076300205679,Create and Promote mid to long term contracts,Promote Tech Services,Enhance and Promote Entertainment Services,Customize communication for customers with no dependents.
761,761,7379-POKDZ,Male,No,Yes,No,3,Yes,No,Fiber optic,No,No,No,No,No,No,Month-to-month,Yes,Electronic check,70.3,208.85,Yes,Yes,0.331834968336375,0.668165031663625,Create and Promote mid to long term contracts,Promote Tech Services,No action needed,Customize communication for customers with no dependents.
770,770,0236-HFWSV,Male,No,No,No,15,Yes,Yes,Fiber optic,No,No,No,No,Yes,Yes,Month-to-month,Yes,Electronic check,93.35,1444.65,Yes,Yes,0.2117935655533982,0.7882064344466018,Create and Promote mid to long term contracts,Promote Tech Services,Enhance and Promote Entertainment Services,Customize communication for customers with no dependents.
771,771,3900-AQPHZ,Female,No,No,No,1,Yes,No,No,No internet service,No internet service,No internet service,No internet service,No internet service,No internet service,Month-to-month,No,Mailed check,19.9,19.9,Yes,Yes,0.4188192063924474,0.5811807936075526,Create and Promote mid to long term contracts,No action needed,No action needed,Customize communication for customers with no dependents.
772,772,5842-POCOP,Female,No,Yes,No,5,Yes,No,Fiber optic,Yes,No,Yes,No,No,Yes,Month-to-month,Yes,Mailed check,88.9,454.15,Yes,Yes,0.3116313908016083,0.6883686091983917,Create and Promote mid to long term contracts,Promote Tech Services,Enhance and Promote Entertainment Services,Customize communication for customers with no dependents.
773,773,2037-XJFUP,Male,No,Yes,No,33,Yes,No,Fiber optic,No,No,Yes,No,Yes,Yes,One year,Yes,Electronic check,95.8,3036.75,Yes,Yes,0.379555591039414,0.620444408960586,Create and Promote mid to long term contracts,Promote Tech Services,Enhance and Promote Entertainment Services,Customize communication for customers with no dependents.
776,776,7314-OXENN,Male,No,No,No,2,Yes,Yes,Fiber optic,No,Yes,No,No,No,No,Month-to-month,Yes,Electronic check,82.0,184.65,Yes,Yes,0.1490609754415018,0.8509390245584981,Create and Promote mid to long term contracts,Promote Tech Services,No action needed,Customize communication for customers with no dependents.
778,778,0322-CHQRU,Male,No,No,No,2,Yes,No,DSL,No,No,No,No,No,No,Month-to-month,No,Electronic check,45.35,89.5,Yes,Yes,0.1411255723619287,0.8588744276380713,Create and Promote mid to long term contracts,Promote Tech Services,No action needed,Customize communication for customers with no dependents.
782,782,4678-DVQEO,Female,No,No,No,1,Yes,No,DSL,No,No,No,Yes,No,No,Month-to-month,Yes,Electronic check,52.2,52.2,Yes,Yes,0.1588206511358997,0.8411793488641003,Create and Promote mid to long term contracts,Promote Tech Services,No action needed,Customize communication for customers with no dependents.
793,793,4257-GAESD,Female,No,No,No,6,No,No phone service,DSL,No,No,No,No,Yes,Yes,Month-to-month,No,Credit card (automatic),45.0,298.7,No,Yes,0.4167922601183972,0.5832077398816028,Create and Promote mid to long term contracts,Promote Tech Services,Enhance and Promote Entertainment Services,Customize communication for customers with no dependents.
798,798,3009-JWMPU,Male,No,No,No,62,Yes,Yes,Fiber optic,No,No,Yes,No,Yes,Yes,One year,Yes,Electronic check,96.75,6125.4,Yes,Yes,0.4404019151145166,0.5595980848854833,Create and Promote mid to long term contracts,Promote Tech Services,Enhance and Promote Entertainment Services,Customize communication for customers with no dependents.
800,800,1450-GALXR,Female,No,No,No,10,Yes,Yes,Fiber optic,No,No,No,Yes,Yes,Yes,Month-to-month,Yes,Electronic check,98.5,1058.25,Yes,Yes,0.1398762496197958,0.8601237503802042,Create and Promote mid to long term contracts,Promote Tech Services,Enhance and Promote Entertainment Services,Customize communication for customers with no dependents.
803,803,3138-BKYAV,Male,No,No,No,6,Yes,No,Fiber optic,No,Yes,No,No,Yes,No,Month-to-month,Yes,Electronic check,85.35,489.45,Yes,Yes,0.1885555370516426,0.8114444629483574,Create and Promote mid to long term contracts,Promote Tech Services,Enhance and Promote Entertainment Services,Customize communication for customers with no dependents.
807,807,4289-DTDKW,Male,No,Yes,No,40,Yes,Yes,Fiber optic,No,Yes,No,No,Yes,Yes,Month-to-month,Yes,Electronic check,101.3,4113.1,Yes,Yes,0.2194893798205545,0.7805106201794455,Create and Promote mid to long term contracts,Promote Tech Services,Enhance and Promote Entertainment Services,Customize communication for customers with no dependents.
808,808,1820-TQVEV,Male,No,No,No,1,Yes,No,Fiber optic,No,No,No,No,No,No,Month-to-month,Yes,Electronic check,69.55,69.55,Yes,Yes,0.0552687060301391,0.9447312939698608,Create and Promote mid to long term contracts,Promote Tech Services,No action needed,Customize communication for customers with no dependents.
809,809,2239-JALAW,Male,No,No,No,58,Yes,Yes,Fiber optic,No,Yes,Yes,No,Yes,Yes,One year,Yes,Bank transfer (automatic),103.25,6017.65,Yes,Yes,0.3408968778069099,0.6591031221930901,Create and Promote mid to long term contracts,Promote Tech Services,Enhance and Promote Entertainment Services,Customize communication for customers with no dependents.
815,815,6275-YDUVO,Female,No,No,No,2,Yes,No,Fiber optic,No,No,Yes,No,No,Yes,Month-to-month,Yes,Mailed check,86.2,178.7,Yes,Yes,0.16842480492731,0.83157519507269,Create and Promote mid to long term contracts,Promote Tech Services,Enhance and Promote Entertainment Services,Customize communication for customers with no dependents.
817,817,0115-TFERT,Male,No,Yes,No,21,Yes,Yes,Fiber optic,No,Yes,Yes,Yes,Yes,Yes,Month-to-month,Yes,Electronic check,111.2,2317.1,Yes,Yes,0.3133395743511196,0.6866604256488804,Create and Promote mid to long term contracts,Promote Tech Services,Enhance and Promote Entertainment Services,Customize communication for customers with no dependents.
824,824,2311-QYMUQ,Female,No,Yes,Yes,16,Yes,No,Fiber optic,No,Yes,Yes,No,Yes,No,Month-to-month,Yes,Credit card (automatic),89.45,1430.25,Yes,Yes,0.3787431494086227,0.6212568505913773,Create and Promote mid to long term contracts,Promote Tech Services,Enhance and Promote Entertainment Services,No action needed
825,825,3643-AHCFP,Male,Yes,Yes,No,7,Yes,Yes,Fiber optic,No,No,No,No,Yes,Yes,Month-to-month,Yes,Bank transfer (automatic),95.6,644.35,Yes,Yes,0.1291453968498671,0.8708546031501329,Create and Promote mid to long term contracts,Promote Tech Services,Enhance and Promote Entertainment Services,Engage with senior citizens to better understand their needs and concerns.
827,827,3104-OWCGK,Male,No,Yes,Yes,60,Yes,No,Fiber optic,No,Yes,Yes,No,Yes,No,One year,No,Electronic check,90.95,5453.4,Yes,Yes,0.4936803140267731,0.5063196859732269,Create and Promote mid to long term contracts,Promote Tech Services,Enhance and Promote Entertainment Services,No action needed
829,829,9101-BWFSS,Female,No,Yes,No,50,Yes,Yes,Fiber optic,Yes,Yes,No,Yes,Yes,Yes,One year,No,Electronic check,108.55,5610.7,Yes,Yes,0.4719489435645991,0.5280510564354008,Create and Promote mid to long term contracts,Promote Tech Services,Enhance and Promote Entertainment Services,Customize communication for customers with no dependents.
833,833,9231-ZJYAM,Female,Yes,No,No,4,Yes,No,Fiber optic,No,No,No,No,Yes,No,Month-to-month,Yes,Electronic check,78.85,292.8,Yes,Yes,0.1534432785586142,0.8465567214413857,Create and Promote mid to long term contracts,Promote Tech Services,Enhance and Promote Entertainment Services,Engage with senior citizens to better understand their needs and concerns.
836,836,6982-SSHFK,Male,No,No,No,1,Yes,No,DSL,No,No,No,No,No,No,Month-to-month,No,Mailed check,44.4,44.4,Yes,Yes,0.4028876347271021,0.5971123652728979,Create and Promote mid to long term contracts,Promote Tech Services,No action needed,Customize communication for customers with no dependents.
839,839,0727-BMPLR,Female,Yes,No,No,55,Yes,Yes,Fiber optic,No,No,Yes,No,Yes,Yes,One year,Yes,Electronic check,100.0,5509.3,Yes,Yes,0.4835648615269932,0.5164351384730068,Create and Promote mid to long term contracts,Promote Tech Services,Enhance and Promote Entertainment Services,Engage with senior citizens to better understand their needs and concerns.
843,843,3027-ZTDHO,Male,No,No,No,1,Yes,No,Fiber optic,No,No,No,No,Yes,Yes,Month-to-month,Yes,Electronic check,89.9,89.9,Yes,Yes,0.0830610629290869,0.916938937070913,Create and Promote mid to long term contracts,Promote Tech Services,Enhance and Promote Entertainment Services,Customize communication for customers with no dependents.
854,854,2382-BCKQJ,Female,No,No,Yes,62,Yes,Yes,Fiber optic,No,No,Yes,No,Yes,Yes,One year,Yes,Electronic check,100.15,6413.65,Yes,Yes,0.4129597680861225,0.5870402319138774,Create and Promote mid to long term contracts,Promote Tech Services,Enhance and Promote Entertainment Services,No action needed
856,856,2207-NHRJK,Male,No,No,No,1,Yes,No,DSL,No,Yes,No,No,No,No,Month-to-month,No,Electronic check,50.8,50.8,Yes,Yes,0.1823599998052458,0.8176400001947541,Create and Promote mid to long term contracts,Promote Tech Services,No action needed,Customize communication for customers with no dependents.
861,861,0947-MUGVO,Male,Yes,Yes,No,20,Yes,No,Fiber optic,No,Yes,No,No,No,No,Month-to-month,Yes,Electronic check,73.65,1463.5,Yes,Yes,0.2624362771194868,0.7375637228805132,Create and Promote mid to long term contracts,Promote Tech Services,No action needed,Engage with senior citizens to better understand their needs and concerns.
862,862,9944-HKVVB,Female,No,No,No,3,Yes,No,Fiber optic,No,Yes,No,No,Yes,Yes,Month-to-month,Yes,Electronic check,95.1,307.4,Yes,Yes,0.1333070623951382,0.8666929376048618,Create and Promote mid to long term contracts,Promote Tech Services,Enhance and Promote Entertainment Services,Customize communication for customers with no dependents.
863,863,4124-MMETB,Male,No,No,No,22,Yes,Yes,Fiber optic,No,No,No,No,Yes,Yes,Month-to-month,Yes,Credit card (automatic),94.65,2104.55,Yes,Yes,0.193418144769697,0.806581855230303,Create and Promote mid to long term contracts,Promote Tech Services,Enhance and Promote Entertainment Services,Customize communication for customers with no dependents.
864,864,3671-SHRSP,Male,No,Yes,No,4,Yes,No,Fiber optic,No,No,Yes,Yes,No,No,Month-to-month,Yes,Mailed check,80.6,319.15,Yes,Yes,0.2858161641887048,0.7141838358112952,Create and Promote mid to long term contracts,Promote Tech Services,No action needed,Customize communication for customers with no dependents.
867,867,3313-QKNKB,Male,No,Yes,No,59,Yes,Yes,Fiber optic,No,No,No,No,No,Yes,One year,No,Electronic check,85.55,5084.65,Yes,Yes,0.424657148029416,0.575342851970584,Create and Promote mid to long term contracts,Promote Tech Services,Enhance and Promote Entertainment Services,Customize communication for customers with no dependents.
872,872,5073-WXOYN,Female,No,No,No,60,No,No phone service,DSL,No,Yes,No,No,Yes,Yes,Month-to-month,Yes,Electronic check,50.8,3027.4,Yes,Yes,0.4803087625742405,0.5196912374257595,Create and Promote mid to long term contracts,Promote Tech Services,Enhance and Promote Entertainment Services,Customize communication for customers with no dependents.
874,874,3050-GBUSH,Female,No,No,No,3,No,No phone service,DSL,No,No,No,No,Yes,No,Month-to-month,Yes,Credit card (automatic),34.8,113.95,No,Yes,0.2283938113870239,0.771606188612976,Create and Promote mid to long term contracts,Promote Tech Services,Enhance and Promote Entertainment Services,Customize communication for customers with no dependents.
875,875,0207-MDKNV,Female,No,No,No,15,Yes,No,Fiber optic,Yes,No,Yes,Yes,Yes,Yes,Month-to-month,No,Electronic check,105.1,1582.75,Yes,Yes,0.2725014969868453,0.7274985030131547,Create and Promote mid to long term contracts,Promote Tech Services,Enhance and Promote Entertainment Services,Customize communication for customers with no dependents.
879,879,9851-KIELU,Male,No,No,No,10,Yes,No,Fiber optic,Yes,Yes,Yes,Yes,Yes,Yes,Month-to-month,Yes,Electronic check,110.1,1043.3,Yes,Yes,0.3237904705686407,0.6762095294313593,Create and Promote mid to long term contracts,No action needed,Enhance and Promote Entertainment Services,Customize communication for customers with no dependents.
881,881,3908-BLSYF,Female,No,No,No,6,Yes,No,Fiber optic,No,No,Yes,No,No,Yes,Month-to-month,No,Electronic check,83.9,497.55,Yes,Yes,0.1745128187737862,0.8254871812262138,Create and Promote mid to long term contracts,Promote Tech Services,Enhance and Promote Entertainment Services,Customize communication for customers with no dependents.
884,884,4661-NJEUX,Male,No,No,No,1,Yes,No,No,No internet service,No internet service,No internet service,No internet service,No internet service,No internet service,Month-to-month,Yes,Mailed check,20.05,20.05,No,Yes,0.4599997662291424,0.5400002337708576,Create and Promote mid to long term contracts,No action needed,No action needed,Customize communication for customers with no dependents.
885,885,2123-AGEEN,Female,Yes,No,No,7,Yes,No,Fiber optic,No,No,Yes,No,Yes,No,Month-to-month,Yes,Electronic check,84.35,609.65,No,Yes,0.4199883663904695,0.5800116336095305,Create and Promote mid to long term contracts,Promote Tech Services,Enhance and Promote Entertainment Services,Engage with senior citizens to better understand their needs and concerns.
888,888,7549-MYGPK,Female,No,Yes,Yes,63,Yes,Yes,Fiber optic,Yes,Yes,Yes,No,Yes,No,Month-to-month,Yes,Electronic check,100.55,6215.35,Yes,Yes,0.4095786061157442,0.5904213938842557,Create and Promote mid to long term contracts,Promote Tech Services,Enhance and Promote Entertainment Services,No action needed
890,890,3804-RVTGV,Male,No,Yes,Yes,50,Yes,Yes,Fiber optic,No,Yes,Yes,No,Yes,Yes,Month-to-month,Yes,Bank transfer (automatic),103.85,5017.9,Yes,Yes,0.3289752769921583,0.6710247230078417,Create and Promote mid to long term contracts,Promote Tech Services,Enhance and Promote Entertainment Services,No action needed
892,892,9227-LUNBG,Female,No,No,No,1,No,No phone service,DSL,No,No,No,No,No,No,Month-to-month,No,Electronic check,24.6,24.6,Yes,Yes,0.1080025851979684,0.8919974148020315,Create and Promote mid to long term contracts,Promote Tech Services,No action needed,Customize communication for customers with no dependents.
897,897,4315-MURBD,Female,No,No,No,12,Yes,No,Fiber optic,Yes,No,No,Yes,Yes,Yes,Month-to-month,Yes,Bank transfer (automatic),98.9,1120.95,Yes,Yes,0.1217186701197634,0.8782813298802365,Create and Promote mid to long term contracts,Promote Tech Services,Enhance and Promote Entertainment Services,Customize communication for customers with no dependents.
900,900,9734-YWGEX,Female,No,No,No,9,Yes,Yes,Fiber optic,No,No,Yes,No,Yes,Yes,Month-to-month,No,Credit card (automatic),98.3,923.5,Yes,Yes,0.0683493228219304,0.9316506771780696,Create and Promote mid to long term contracts,Promote Tech Services,Enhance and Promote Entertainment Services,Customize communication for customers with no dependents.
901,901,2719-BDAQO,Male,No,No,No,17,Yes,No,Fiber optic,Yes,No,No,No,Yes,Yes,Month-to-month,No,Electronic check,93.85,1625.65,Yes,Yes,0.2896505189389129,0.7103494810610871,Create and Promote mid to long term contracts,Promote Tech Services,Enhance and Promote Entertainment Services,Customize communication for customers with no dependents.
904,904,0781-LKXBR,Male,Yes,No,No,9,Yes,Yes,Fiber optic,No,No,Yes,No,Yes,Yes,Month-to-month,Yes,Electronic check,100.5,918.6,Yes,Yes,0.0915149000672544,0.9084850999327456,Create and Promote mid to long term contracts,Promote Tech Services,Enhance and Promote Entertainment Services,Engage with senior citizens to better understand their needs and concerns.
909,909,1907-UBQFC,Male,Yes,No,No,10,Yes,No,Fiber optic,No,Yes,No,No,No,No,Month-to-month,Yes,Electronic check,72.85,688.65,Yes,Yes,0.3068113857538547,0.6931886142461453,Create and Promote mid to long term contracts,Promote Tech Services,No action needed,Engage with senior citizens to better understand their needs and concerns.
910,910,7508-SMHXL,Female,Yes,No,No,15,Yes,Yes,Fiber optic,No,Yes,No,No,Yes,No,Month-to-month,No,Credit card (automatic),89.0,1288.3,No,Yes,0.4953338230932064,0.5046661769067936,Create and Promote mid to long term contracts,Promote Tech Services,Enhance and Promote Entertainment Services,Engage with senior citizens to better understand their needs and concerns.
914,914,6513-EECDB,Male,Yes,Yes,No,1,Yes,Yes,Fiber optic,No,No,No,No,No,No,Month-to-month,Yes,Electronic check,73.55,73.55,Yes,Yes,0.0808845235408084,0.9191154764591916,Create and Promote mid to long term contracts,Promote Tech Services,No action needed,Engage with senior citizens to better understand their needs and concerns.
917,917,6103-BOCOU,Female,No,No,No,26,Yes,Yes,Fiber optic,No,No,Yes,No,No,No,Month-to-month,Yes,Electronic check,80.7,2193.0,No,Yes,0.4197980925931431,0.5802019074068568,Create and Promote mid to long term contracts,Promote Tech Services,No action needed,Customize communication for customers with no dependents.
921,921,4301-VVZKA,Male,No,Yes,No,16,Yes,Yes,Fiber optic,No,No,No,No,No,No,Month-to-month,Yes,Electronic check,75.4,1189.4,No,Yes,0.3444123155866428,0.6555876844133571,Create and Promote mid to long term contracts,Promote Tech Services,No action needed,Customize communication for customers with no dependents.
925,925,7074-IEVOJ,Female,Yes,No,No,3,Yes,Yes,Fiber optic,No,Yes,No,No,No,No,Month-to-month,Yes,Electronic check,79.4,205.05,Yes,Yes,0.179553587542505,0.820446412457495,Create and Promote mid to long term contracts,Promote Tech Services,No action needed,Engage with senior citizens to better understand their needs and concerns.
926,926,9625-QSTYE,Female,No,No,No,13,Yes,No,Fiber optic,No,Yes,Yes,No,No,No,Month-to-month,Yes,Electronic check,81.15,952.3,Yes,Yes,0.2449933153289609,0.755006684671039,Create and Promote mid to long term contracts,Promote Tech Services,No action needed,Customize communication for customers with no dependents.
932,932,4750-ZRXIU,Female,Yes,No,No,4,Yes,Yes,Fiber optic,No,No,No,No,No,Yes,Month-to-month,Yes,Electronic check,84.6,360.1,Yes,Yes,0.0994380084319018,0.9005619915680981,Create and Promote mid to long term contracts,Promote Tech Services,Enhance and Promote Entertainment Services,Engage with senior citizens to better understand their needs and concerns.
934,934,6630-UJZMY,Female,Yes,Yes,No,4,Yes,Yes,Fiber optic,No,No,No,No,Yes,No,Month-to-month,Yes,Electronic check,83.25,308.05,No,Yes,0.3203155493247351,0.6796844506752648,Create and Promote mid to long term contracts,Promote Tech Services,Enhance and Promote Entertainment Services,Engage with senior citizens to better understand their needs and concerns.
936,936,6400-BWQKW,Female,No,No,No,6,Yes,Yes,Fiber optic,Yes,No,No,No,No,No,Month-to-month,Yes,Electronic check,79.05,434.5,Yes,Yes,0.3026587111992845,0.6973412888007154,Create and Promote mid to long term contracts,Promote Tech Services,No action needed,Customize communication for customers with no dependents.
941,941,7567-ECMCM,Male,No,No,No,24,Yes,No,Fiber optic,No,No,No,No,No,Yes,Month-to-month,Yes,Credit card (automatic),79.85,2001.0,No,Yes,0.4880375529588981,0.5119624470411018,Create and Promote mid to long term contracts,Promote Tech Services,Enhance and Promote Entertainment Services,Customize communication for customers with no dependents.
944,944,6680-WKXRZ,Female,No,No,No,3,Yes,Yes,Fiber optic,No,No,No,No,No,No,Month-to-month,No,Bank transfer (automatic),74.4,215.8,Yes,Yes,0.0651921452377699,0.93480785476223,Create and Promote mid to long term contracts,Promote Tech Services,No action needed,Customize communication for customers with no dependents.
947,947,7028-DVOIQ,Male,Yes,No,No,35,Yes,Yes,Fiber optic,No,No,Yes,No,Yes,Yes,Month-to-month,Yes,Electronic check,99.05,3395.8,Yes,Yes,0.2034795989841438,0.7965204010158562,Create and Promote mid to long term contracts,Promote Tech Services,Enhance and Promote Entertainment Services,Engage with senior citizens to better understand their needs and concerns.
949,949,4208-UFFGW,Male,Yes,No,No,2,Yes,No,DSL,No,No,No,No,No,No,Month-to-month,No,Mailed check,44.95,85.15,Yes,Yes,0.3989231788192006,0.6010768211807994,Create and Promote mid to long term contracts,Promote Tech Services,No action needed,Engage with senior citizens to better understand their needs and concerns.
953,953,5382-SOYZL,Male,No,No,No,22,Yes,Yes,Fiber optic,No,No,No,No,Yes,Yes,Month-to-month,Yes,Electronic check,95.1,2162.6,No,Yes,0.2896752495300795,0.7103247504699205,Create and Promote mid to long term contracts,Promote Tech Services,Enhance and Promote Entertainment Services,Customize communication for customers with no dependents.
954,954,9448-REEVD,Male,No,Yes,No,1,Yes,No,DSL,No,No,No,No,No,No,Month-to-month,No,Credit card (automatic),44.7,44.7,Yes,Yes,0.3865297765915371,0.6134702234084629,Create and Promote mid to long term contracts,Promote Tech Services,No action needed,Customize communication for customers with no dependents.
963,963,9117-SHLZX,Male,No,No,No,1,Yes,No,DSL,No,No,No,No,No,No,Month-to-month,Yes,Mailed check,45.7,45.7,Yes,Yes,0.2409957243627998,0.7590042756372002,Create and Promote mid to long term contracts,Promote Tech Services,No action needed,Customize communication for customers with no dependents.
964,964,9889-TMAHG,Male,Yes,No,No,8,Yes,No,Fiber optic,Yes,No,No,Yes,Yes,Yes,Month-to-month,No,Credit card (automatic),100.3,832.35,Yes,Yes,0.2851949167464525,0.7148050832535475,Create and Promote mid to long term contracts,Promote Tech Services,Enhance and Promote Entertainment Services,Engage with senior citizens to better understand their needs and concerns.
965,965,4541-RMRLG,Male,No,No,No,7,Yes,No,No,No internet service,No internet service,No internet service,No internet service,No internet service,No internet service,Month-to-month,No,Electronic check,19.25,112.3,Yes,Yes,0.3954989279560001,0.6045010720439998,Create and Promote mid to long term contracts,No action needed,No action needed,Customize communication for customers with no dependents.
968,968,3158-MOERK,Female,No,No,No,2,Yes,Yes,Fiber optic,No,No,No,No,Yes,Yes,Month-to-month,Yes,Electronic check,96.0,174.8,Yes,Yes,0.0469990466486568,0.9530009533513432,Create and Promote mid to long term contracts,Promote Tech Services,Enhance and Promote Entertainment Services,Customize communication for customers with no dependents.
969,969,7294-TMAOP,Female,No,No,No,1,Yes,No,Fiber optic,No,No,No,No,Yes,Yes,Month-to-month,No,Electronic check,90.55,90.55,Yes,Yes,0.0321412745826376,0.9678587254173624,Create and Promote mid to long term contracts,Promote Tech Services,Enhance and Promote Entertainment Services,Customize communication for customers with no dependents.
972,972,8919-FYFQZ,Male,Yes,Yes,No,44,No,No phone service,DSL,No,Yes,No,No,No,No,Month-to-month,Yes,Electronic check,30.35,1359.7,Yes,Yes,0.4855328857189541,0.5144671142810459,Create and Promote mid to long term contracts,Promote Tech Services,No action needed,Engage with senior citizens to better understand their needs and concerns.
975,975,5875-YPQFJ,Male,No,No,No,1,Yes,No,Fiber optic,No,No,No,No,No,No,Month-to-month,Yes,Electronic check,69.9,69.9,Yes,Yes,0.0883458487737127,0.9116541512262872,Create and Promote mid to long term contracts,Promote Tech Services,No action needed,Customize communication for customers with no dependents.
976,976,5879-SESNB,Female,No,No,No,11,Yes,Yes,Fiber optic,No,No,No,No,No,No,Month-to-month,No,Electronic check,75.25,888.65,No,Yes,0.2686269566935719,0.731373043306428,Create and Promote mid to long term contracts,Promote Tech Services,No action needed,Customize communication for customers with no dependents.
982,982,8603-IJWDN,Male,No,No,No,1,Yes,Yes,Fiber optic,No,No,No,No,No,Yes,Month-to-month,Yes,Electronic check,86.6,86.6,Yes,Yes,0.0469401407245494,0.9530598592754506,Create and Promote mid to long term contracts,Promote Tech Services,Enhance and Promote Entertainment Services,Customize communication for customers with no dependents.
984,984,9369-XFEHK,Female,Yes,Yes,No,33,Yes,Yes,Fiber optic,No,Yes,No,No,No,No,Month-to-month,Yes,Bank transfer (automatic),80.6,2656.5,Yes,Yes,0.3423338177098898,0.6576661822901102,Create and Promote mid to long term contracts,Promote Tech Services,No action needed,Engage with senior citizens to better understand their needs and concerns.
994,994,3842-IYKUE,Female,No,No,No,35,Yes,Yes,Fiber optic,No,Yes,No,Yes,No,No,Month-to-month,No,Credit card (automatic),85.3,2917.5,Yes,Yes,0.3628382912649613,0.6371617087350386,Create and Promote mid to long term contracts,Promote Tech Services,No action needed,Customize communication for customers with no dependents.
995,995,6641-XRPSU,Female,No,No,No,34,Yes,No,Fiber optic,No,No,No,No,No,No,Month-to-month,Yes,Credit card (automatic),70.0,2416.1,Yes,Yes,0.2584202581439819,0.741579741856018,Create and Promote mid to long term contracts,Promote Tech Services,No action needed,Customize communication for customers with no dependents.
996,996,1374-DMZUI,Female,Yes,No,No,4,Yes,Yes,Fiber optic,No,No,No,No,Yes,Yes,Month-to-month,Yes,Electronic check,94.3,424.45,Yes,Yes,0.0828057505251633,0.9171942494748366,Create and Promote mid to long term contracts,Promote Tech Services,Enhance and Promote Entertainment Services,Engage with senior citizens to better understand their needs and concerns.
999,999,8357-EQXFO,Female,No,No,No,7,Yes,No,Fiber optic,No,No,Yes,No,Yes,Yes,Month-to-month,Yes,Electronic check,95.35,660.9,Yes,Yes,0.0944922527028518,0.905507747297148,Create and Promote mid to long term contracts,Promote Tech Services,Enhance and Promote Entertainment Services,Customize communication for customers with no dependents.
1000,1000,1989-PRJHP,Male,Yes,Yes,No,27,Yes,Yes,Fiber optic,No,No,No,No,No,No,Month-to-month,Yes,Electronic check,75.5,1893.95,Yes,Yes,0.422398216172548,0.577601783827452,Create and Promote mid to long term contracts,Promote Tech Services,No action needed,Engage with senior citizens to better understand their needs and concerns.
1005,1005,9524-EGPJC,Female,No,No,No,18,Yes,Yes,Fiber optic,No,No,No,Yes,No,Yes,Month-to-month,Yes,Electronic check,90.1,1612.75,Yes,Yes,0.3488627638351177,0.6511372361648823,Create and Promote mid to long term contracts,Promote Tech Services,Enhance and Promote Entertainment Services,Customize communication for customers with no dependents.
1006,1006,6993-OHLXR,Female,No,No,No,2,Yes,No,Fiber optic,No,No,No,No,No,No,Month-to-month,No,Electronic check,68.95,119.75,Yes,Yes,0.1438216614376168,0.8561783385623831,Create and Promote mid to long term contracts,Promote Tech Services,No action needed,Customize communication for customers with no dependents.
1007,1007,8818-XYFCQ,Male,No,Yes,Yes,32,Yes,Yes,Fiber optic,Yes,No,No,No,Yes,Yes,Month-to-month,Yes,Credit card (automatic),99.55,3204.65,Yes,Yes,0.4231045083498542,0.5768954916501458,Create and Promote mid to long term contracts,Promote Tech Services,Enhance and Promote Entertainment Services,No action needed
1013,1013,4695-VADHF,Male,No,Yes,Yes,18,Yes,No,DSL,No,No,Yes,No,No,Yes,Month-to-month,No,Electronic check,57.45,990.85,Yes,Yes,0.4996305536466253,0.5003694463533747,Create and Promote mid to long term contracts,Promote Tech Services,Enhance and Promote Entertainment Services,No action needed
1017,1017,3748-FVMZZ,Male,No,No,No,4,No,No phone service,DSL,No,No,No,Yes,No,Yes,Month-to-month,Yes,Electronic check,40.05,162.45,No,Yes,0.4859525496717553,0.5140474503282447,Create and Promote mid to long term contracts,Promote Tech Services,Enhance and Promote Entertainment Services,Customize communication for customers with no dependents.
1021,1021,8242-SOQUO,Female,Yes,No,No,5,Yes,No,Fiber optic,No,Yes,No,No,Yes,No,Month-to-month,Yes,Electronic check,84.7,392.5,No,Yes,0.4579029392756667,0.5420970607243333,Create and Promote mid to long term contracts,Promote Tech Services,Enhance and Promote Entertainment Services,Engage with senior citizens to better understand their needs and concerns.
1025,1025,4822-RVYBB,Male,Yes,No,No,8,Yes,Yes,Fiber optic,No,No,Yes,No,Yes,Yes,Month-to-month,Yes,Electronic check,100.6,819.4,Yes,Yes,0.0800429977050607,0.9199570022949392,Create and Promote mid to long term contracts,Promote Tech Services,Enhance and Promote Entertainment Services,Engage with senior citizens to better understand their needs and concerns.
1027,1027,8436-BJUMM,Male,No,Yes,Yes,26,Yes,Yes,Fiber optic,No,No,No,No,Yes,No,Month-to-month,Yes,Electronic check,83.75,2070.6,Yes,Yes,0.4206859963722716,0.5793140036277283,Create and Promote mid to long term contracts,Promote Tech Services,Enhance and Promote Entertainment Services,No action needed
1028,1028,4184-TJFAN,Female,Yes,Yes,Yes,3,Yes,No,Fiber optic,Yes,No,No,Yes,Yes,No,Month-to-month,Yes,Mailed check,88.3,273.75,Yes,Yes,0.2510627917287286,0.7489372082712714,Create and Promote mid to long term contracts,Promote Tech Services,Enhance and Promote Entertainment Services,Engage with senior citizens to better understand their needs and concerns.
1031,1031,4145-UQXUQ,Female,Yes,No,No,8,Yes,No,Fiber optic,No,No,Yes,No,Yes,Yes,Month-to-month,Yes,Electronic check,92.1,729.95,Yes,Yes,0.2274272170472978,0.7725727829527022,Create and Promote mid to long term contracts,Promote Tech Services,Enhance and Promote Entertainment Services,Engage with senior citizens to better understand their needs and concerns.
1038,1038,9948-YPTDG,Male,No,Yes,No,38,Yes,No,Fiber optic,Yes,Yes,No,No,No,No,Month-to-month,Yes,Electronic check,79.45,3013.05,Yes,Yes,0.4372691525747683,0.5627308474252317,Create and Promote mid to long term contracts,Promote Tech Services,No action needed,Customize communication for customers with no dependents.
1039,1039,1236-WFCDV,Male,Yes,No,No,14,Yes,No,Fiber optic,No,No,No,No,Yes,Yes,Month-to-month,No,Credit card (automatic),90.45,1266.1,Yes,Yes,0.1978062774872536,0.8021937225127463,Create and Promote mid to long term contracts,Promote Tech Services,Enhance and Promote Entertainment Services,Engage with senior citizens to better understand their needs and concerns.
1042,1042,4883-QICIH,Male,No,Yes,Yes,32,Yes,No,Fiber optic,No,No,No,No,No,No,Month-to-month,Yes,Bank transfer (automatic),69.75,2347.9,Yes,Yes,0.3917448289551469,0.608255171044853,Create and Promote mid to long term contracts,Promote Tech Services,No action needed,No action needed
1048,1048,8329-IBCTI,Female,No,No,No,1,Yes,No,No,No internet service,No internet service,No internet service,No internet service,No internet service,No internet service,Month-to-month,No,Mailed check,19.65,19.65,Yes,Yes,0.4095279862662284,0.5904720137337716,Create and Promote mid to long term contracts,No action needed,No action needed,Customize communication for customers with no dependents.
1049,1049,1271-SJBGZ,Male,Yes,No,No,12,No,No phone service,DSL,No,No,Yes,Yes,No,Yes,Month-to-month,Yes,Electronic check,43.65,526.95,Yes,Yes,0.3114540246878685,0.6885459753121315,Create and Promote mid to long term contracts,Promote Tech Services,Enhance and Promote Entertainment Services,Engage with senior citizens to better understand their needs and concerns.
1052,1052,5669-SRAIP,Female,No,No,No,5,No,No phone service,DSL,No,No,Yes,No,No,Yes,Month-to-month,No,Electronic check,39.5,210.75,Yes,Yes,0.1096169695554327,0.8903830304445672,Create and Promote mid to long term contracts,Promote Tech Services,Enhance and Promote Entertainment Services,Customize communication for customers with no dependents.
1053,1053,5981-ITEMU,Male,No,Yes,No,40,Yes,Yes,Fiber optic,No,No,No,No,Yes,Yes,Month-to-month,Yes,Bank transfer (automatic),97.1,3706.95,Yes,Yes,0.2244700886433007,0.7755299113566992,Create and Promote mid to long term contracts,Promote Tech Services,Enhance and Promote Entertainment Services,Customize communication for customers with no dependents.
1055,1055,6941-PMGEP,Female,No,No,No,5,Yes,No,Fiber optic,No,No,No,No,No,Yes,Month-to-month,Yes,Electronic check,80.0,412.5,Yes,Yes,0.1163901185061446,0.8836098814938553,Create and Promote mid to long term contracts,Promote Tech Services,Enhance and Promote Entertainment Services,Customize communication for customers with no dependents.
1056,1056,1624-WOIWJ,Female,No,No,No,10,Yes,No,Fiber optic,Yes,No,No,No,Yes,No,Month-to-month,Yes,Mailed check,84.7,832.05,Yes,Yes,0.295157389333484,0.704842610666516,Create and Promote mid to long term contracts,Promote Tech Services,Enhance and Promote Entertainment Services,Customize communication for customers with no dependents.
1057,1057,2074-GKOWZ,Male,No,Yes,Yes,2,Yes,No,Fiber optic,No,No,No,No,Yes,Yes,Month-to-month,Yes,Bank transfer (automatic),89.55,185.55,Yes,Yes,0.2325874438782713,0.7674125561217287,Create and Promote mid to long term contracts,Promote Tech Services,Enhance and Promote Entertainment Services,No action needed
1058,1058,0376-YMCJC,Male,No,No,No,23,Yes,Yes,Fiber optic,No,No,No,Yes,Yes,No,Month-to-month,Yes,Electronic check,90.6,1943.2,Yes,Yes,0.2415188660533344,0.7584811339466656,Create and Promote mid to long term contracts,Promote Tech Services,Enhance and Promote Entertainment Services,Customize communication for customers with no dependents.
1064,1064,0634-SZPQA,Female,No,No,No,23,Yes,Yes,Fiber optic,Yes,No,No,No,Yes,No,Month-to-month,Yes,Bank transfer (automatic),90.05,2169.8,Yes,Yes,0.4088351491774539,0.5911648508225461,Create and Promote mid to long term contracts,Promote Tech Services,Enhance and Promote Entertainment Services,Customize communication for customers with no dependents.
1067,1067,5536-RTPWK,Male,No,Yes,No,49,Yes,Yes,Fiber optic,No,Yes,No,No,Yes,Yes,Month-to-month,Yes,Bank transfer (automatic),99.05,4853.75,Yes,Yes,0.3293950359458691,0.6706049640541308,Create and Promote mid to long term contracts,Promote Tech Services,Enhance and Promote Entertainment Services,Customize communication for customers with no dependents.
1069,1069,6166-ILMNY,Female,No,No,No,2,Yes,No,Fiber optic,No,No,No,No,No,No,Month-to-month,No,Bank transfer (automatic),69.75,144.55,Yes,Yes,0.081047063211882,0.918952936788118,Create and Promote mid to long term contracts,Promote Tech Services,No action needed,Customize communication for customers with no dependents.
1070,1070,3097-NNSPB,Female,No,No,No,2,Yes,No,DSL,No,Yes,No,No,No,No,Month-to-month,Yes,Credit card (automatic),49.05,91.1,Yes,Yes,0.2728836007958962,0.7271163992041038,Create and Promote mid to long term contracts,Promote Tech Services,No action needed,Customize communication for customers with no dependents.
1072,1072,0655-RBDUG,Male,No,No,No,7,Yes,Yes,Fiber optic,No,No,Yes,No,Yes,Yes,Month-to-month,Yes,Bank transfer (automatic),98.05,713.0,Yes,Yes,0.0771091618887919,0.922890838111208,Create and Promote mid to long term contracts,Promote Tech Services,Enhance and Promote Entertainment Services,Customize communication for customers with no dependents.
1076,1076,4361-BKAXE,Female,No,No,No,41,Yes,Yes,Fiber optic,Yes,Yes,Yes,Yes,Yes,Yes,Month-to-month,Yes,Bank transfer (automatic),114.5,4527.45,Yes,Yes,0.2774761848442346,0.7225238151557654,Create and Promote mid to long term contracts,No action needed,Enhance and Promote Entertainment Services,Customize communication for customers with no dependents.
1080,1080,1751-NCDLI,Male,Yes,Yes,No,46,Yes,Yes,Fiber optic,No,No,Yes,No,Yes,Yes,Month-to-month,Yes,Electronic check,98.85,4564.9,No,Yes,0.3785162524962898,0.6214837475037102,Create and Promote mid to long term contracts,Promote Tech Services,Enhance and Promote Entertainment Services,Engage with senior citizens to better understand their needs and concerns.
1082,1082,9878-TNQGW,Male,No,No,No,2,Yes,No,Fiber optic,No,No,No,No,No,Yes,Month-to-month,Yes,Electronic check,80.95,171.15,Yes,Yes,0.114789273850839,0.885210726149161,Create and Promote mid to long term contracts,Promote Tech Services,Enhance and Promote Entertainment Services,Customize communication for customers with no dependents.
1084,1084,4441-NIHPT,Female,Yes,No,No,13,Yes,No,Fiber optic,No,No,Yes,No,No,No,Month-to-month,Yes,Electronic check,74.3,940.35,Yes,Yes,0.2787168419482532,0.7212831580517468,Create and Promote mid to long term contracts,Promote Tech Services,No action needed,Engage with senior citizens to better understand their needs and concerns.
1085,1085,8999-BOHSE,Female,Yes,No,No,11,Yes,No,Fiber optic,No,No,No,No,Yes,Yes,Month-to-month,No,Bank transfer (automatic),89.7,1047.7,Yes,Yes,0.2134424903247175,0.7865575096752825,Create and Promote mid to long term contracts,Promote Tech Services,Enhance and Promote Entertainment Services,Engage with senior citizens to better understand their needs and concerns.
1087,1087,7029-RPUAV,Male,Yes,Yes,No,17,Yes,Yes,Fiber optic,No,No,Yes,No,Yes,Yes,Month-to-month,Yes,Credit card (automatic),100.45,1622.45,Yes,Yes,0.1950169647934232,0.8049830352065768,Create and Promote mid to long term contracts,Promote Tech Services,Enhance and Promote Entertainment Services,Engage with senior citizens to better understand their needs and concerns.
1088,1088,4546-FOKWR,Female,No,No,No,16,Yes,Yes,Fiber optic,No,No,No,No,No,No,Month-to-month,Yes,Credit card (automatic),74.75,1129.35,No,Yes,0.2352254998144697,0.7647745001855303,Create and Promote mid to long term contracts,Promote Tech Services,No action needed,Customize communication for customers with no dependents.
1094,1094,7439-DKZTW,Male,No,No,No,1,Yes,No,Fiber optic,No,No,No,No,Yes,No,Month-to-month,Yes,Electronic check,80.55,80.55,No,Yes,0.1305961746708154,0.8694038253291846,Create and Promote mid to long term contracts,Promote Tech Services,Enhance and Promote Entertainment Services,Customize communication for customers with no dependents.
1096,1096,4607-CHPCA,Male,No,Yes,Yes,25,Yes,No,Fiber optic,No,No,No,No,Yes,Yes,One year,Yes,Electronic check,90.4,2178.6,Yes,Yes,0.4105028041834286,0.5894971958165713,Create and Promote mid to long term contracts,Promote Tech Services,Enhance and Promote Entertainment Services,No action needed
1101,1101,8824-RWFXJ,Male,No,Yes,Yes,3,Yes,No,DSL,No,Yes,Yes,No,No,No,Month-to-month,Yes,Mailed check,56.15,168.15,Yes,Yes,0.3872052266086356,0.6127947733913643,Create and Promote mid to long term contracts,Promote Tech Services,No action needed,No action needed
1104,1104,7363-QTBIW,Female,No,Yes,No,9,Yes,No,Fiber optic,No,No,No,No,No,Yes,Month-to-month,Yes,Electronic check,79.75,769.1,No,Yes,0.2817577518806524,0.7182422481193476,Create and Promote mid to long term contracts,Promote Tech Services,Enhance and Promote Entertainment Services,Customize communication for customers with no dependents.
1110,1110,9763-PDTKK,Female,No,No,No,4,Yes,No,Fiber optic,Yes,No,Yes,Yes,No,Yes,Month-to-month,Yes,Bank transfer (automatic),94.4,387.2,Yes,Yes,0.2630726806865234,0.7369273193134765,Create and Promote mid to long term contracts,Promote Tech Services,Enhance and Promote Entertainment Services,Customize communication for customers with no dependents.
1112,1112,7627-JKIAZ,Female,No,Yes,No,37,Yes,Yes,Fiber optic,No,No,Yes,No,No,No,Month-to-month,Yes,Credit card (automatic),78.95,2839.65,Yes,Yes,0.3640914608605806,0.6359085391394194,Create and Promote mid to long term contracts,Promote Tech Services,No action needed,Customize communication for customers with no dependents.
1121,1121,4081-DYXAV,Female,No,No,No,19,No,No phone service,DSL,No,No,No,No,Yes,Yes,One year,Yes,Credit card (automatic),44.85,893.55,Yes,Yes,0.3987693588647604,0.6012306411352396,Create and Promote mid to long term contracts,Promote Tech Services,Enhance and Promote Entertainment Services,Customize communication for customers with no dependents.
1124,1124,8111-SLLHI,Male,Yes,Yes,No,39,Yes,Yes,Fiber optic,No,Yes,Yes,No,Yes,Yes,Month-to-month,Yes,Electronic check,105.65,4284.8,Yes,Yes,0.1948523558246756,0.8051476441753244,Create and Promote mid to long term contracts,Promote Tech Services,Enhance and Promote Entertainment Services,Engage with senior citizens to better understand their needs and concerns.
1125,1125,0927-LCSMG,Male,No,No,No,7,Yes,No,Fiber optic,No,No,Yes,No,No,No,Month-to-month,No,Mailed check,74.65,544.55,Yes,Yes,0.3925699434067479,0.6074300565932521,Create and Promote mid to long term contracts,Promote Tech Services,No action needed,Customize communication for customers with no dependents.
1130,1130,8257-RZAHR,Female,No,Yes,No,14,Yes,Yes,DSL,Yes,No,No,No,Yes,No,Month-to-month,Yes,Bank transfer (automatic),64.7,941.0,Yes,Yes,0.4407773643830303,0.5592226356169697,Create and Promote mid to long term contracts,Promote Tech Services,Enhance and Promote Entertainment Services,Customize communication for customers with no dependents.
1131,1131,5293-WXJAK,Female,Yes,Yes,No,11,Yes,Yes,Fiber optic,No,No,Yes,Yes,Yes,Yes,Month-to-month,Yes,Bank transfer (automatic),104.05,1133.65,Yes,Yes,0.1250060373464443,0.8749939626535557,Create and Promote mid to long term contracts,Promote Tech Services,Enhance and Promote Entertainment Services,Engage with senior citizens to better understand their needs and concerns.
1143,1143,0841-NULXI,Male,No,No,No,1,No,No phone service,DSL,No,No,No,No,No,Yes,Month-to-month,Yes,Electronic check,35.55,35.55,Yes,Yes,0.0459364032376119,0.954063596762388,Create and Promote mid to long term contracts,Promote Tech Services,Enhance and Promote Entertainment Services,Customize communication for customers with no dependents.
1147,1147,7851-WZEKY,Female,No,No,No,2,Yes,Yes,Fiber optic,No,No,No,No,Yes,Yes,Month-to-month,Yes,Electronic check,95.15,196.9,Yes,Yes,0.0500353255263211,0.9499646744736788,Create and Promote mid to long term contracts,Promote Tech Services,Enhance and Promote Entertainment Services,Customize communication for customers with no dependents.
1148,1148,8844-TONUD,Male,No,Yes,Yes,13,Yes,No,Fiber optic,No,No,Yes,No,Yes,Yes,Month-to-month,Yes,Mailed check,96.65,1162.85,Yes,Yes,0.2759443180681799,0.7240556819318201,Create and Promote mid to long term contracts,Promote Tech Services,Enhance and Promote Entertainment Services,No action needed
1158,1158,4086-YQSNZ,Female,Yes,Yes,No,3,Yes,No,Fiber optic,No,No,No,No,Yes,No,Month-to-month,Yes,Electronic check,80.4,224.05,Yes,Yes,0.2627108364765949,0.7372891635234051,Create and Promote mid to long term contracts,Promote Tech Services,Enhance and Promote Entertainment Services,Engage with senior citizens to better understand their needs and concerns.
1160,1160,5868-CZJDR,Male,No,No,Yes,1,No,No phone service,DSL,No,Yes,No,No,No,No,Month-to-month,Yes,Mailed check,31.35,31.35,Yes,Yes,0.2399679658655079,0.760032034134492,Create and Promote mid to long term contracts,Promote Tech Services,No action needed,No action needed
1162,1162,0135-NMXAP,Female,No,No,No,12,Yes,Yes,Fiber optic,No,Yes,No,No,Yes,No,Month-to-month,Yes,Bank transfer (automatic),89.75,1052.4,Yes,Yes,0.2016960564773299,0.7983039435226701,Create and Promote mid to long term contracts,Promote Tech Services,Enhance and Promote Entertainment Services,Customize communication for customers with no dependents.
1172,1172,0107-WESLM,Male,No,No,No,1,Yes,No,No,No internet service,No internet service,No internet service,No internet service,No internet service,No internet service,Month-to-month,Yes,Electronic check,19.85,19.85,Yes,Yes,0.240199221487019,0.759800778512981,Create and Promote mid to long term contracts,No action needed,No action needed,Customize communication for customers with no dependents.
1175,1175,3992-YWPKO,Female,No,No,No,6,Yes,Yes,Fiber optic,No,Yes,Yes,Yes,Yes,Yes,Month-to-month,Yes,Credit card (automatic),109.9,669.45,Yes,Yes,0.1582597075113303,0.8417402924886697,Create and Promote mid to long term contracts,Promote Tech Services,Enhance and Promote Entertainment Services,Customize communication for customers with no dependents.
1177,1177,0125-LZQXK,Male,No,No,No,15,Yes,No,Fiber optic,No,No,Yes,Yes,Yes,Yes,Month-to-month,Yes,Electronic check,101.35,1553.95,Yes,Yes,0.3714157488442213,0.6285842511557787,Create and Promote mid to long term contracts,Promote Tech Services,Enhance and Promote Entertainment Services,Customize communication for customers with no dependents.
1184,1184,5673-FSSMF,Female,No,No,No,1,Yes,Yes,DSL,No,No,No,No,No,Yes,Month-to-month,Yes,Electronic check,60.15,60.15,Yes,Yes,0.1012258343090973,0.8987741656909026,Create and Promote mid to long term contracts,Promote Tech Services,Enhance and Promote Entertainment Services,Customize communication for customers with no dependents.
1191,1191,1579-KLYDT,Male,No,No,No,7,Yes,Yes,Fiber optic,No,No,Yes,No,Yes,No,Month-to-month,Yes,Electronic check,90.45,593.45,Yes,Yes,0.1827185814819416,0.8172814185180584,Create and Promote mid to long term contracts,Promote Tech Services,Enhance and Promote Entertainment Services,Customize communication for customers with no dependents.
1204,1204,6358-LYNGM,Male,No,No,No,1,Yes,Yes,Fiber optic,No,No,No,No,No,No,Month-to-month,Yes,Electronic check,74.9,74.9,Yes,Yes,0.0610703003007453,0.9389296996992548,Create and Promote mid to long term contracts,Promote Tech Services,No action needed,Customize communication for customers with no dependents.
1205,1205,6077-BDPXA,Female,No,No,No,3,Yes,No,Fiber optic,No,No,No,No,No,No,Month-to-month,Yes,Electronic check,70.15,194.2,No,Yes,0.2207561206236454,0.7792438793763545,Create and Promote mid to long term contracts,Promote Tech Services,No action needed,Customize communication for customers with no dependents.
1207,1207,5494-HECPR,Female,No,No,No,1,Yes,No,Fiber optic,No,No,No,No,Yes,No,Month-to-month,Yes,Electronic check,80.25,80.25,Yes,Yes,0.0512328678936677,0.9487671321063322,Create and Promote mid to long term contracts,Promote Tech Services,Enhance and Promote Entertainment Services,Customize communication for customers with no dependents.
1209,1209,9824-BEMCV,Male,No,Yes,Yes,17,Yes,No,Fiber optic,No,No,No,No,No,No,Month-to-month,Yes,Electronic check,69.0,1149.65,Yes,Yes,0.3134527026438141,0.6865472973561859,Create and Promote mid to long term contracts,Promote Tech Services,No action needed,No action needed
1210,1210,1373-ORVIZ,Female,No,Yes,Yes,11,Yes,Yes,DSL,No,No,No,Yes,No,Yes,Month-to-month,Yes,Electronic check,66.35,740.8,Yes,Yes,0.4425445620456876,0.5574554379543124,Create and Promote mid to long term contracts,Promote Tech Services,Enhance and Promote Entertainment Services,No action needed
1211,1211,4291-SHSBH,Male,No,No,No,7,Yes,No,Fiber optic,No,No,No,No,No,No,Month-to-month,Yes,Electronic check,69.55,521.35,No,Yes,0.4388873500271587,0.5611126499728413,Create and Promote mid to long term contracts,Promote Tech Services,No action needed,Customize communication for customers with no dependents.
1213,1213,9866-QEVEE,Male,No,No,No,19,Yes,Yes,Fiber optic,No,No,No,No,No,Yes,Month-to-month,Yes,Bank transfer (automatic),86.0,1532.45,Yes,Yes,0.2846019915040281,0.7153980084959719,Create and Promote mid to long term contracts,Promote Tech Services,Enhance and Promote Entertainment Services,Customize communication for customers with no dependents.
1214,1214,9897-KXHCM,Female,No,Yes,Yes,3,Yes,No,Fiber optic,No,No,No,No,No,Yes,Month-to-month,Yes,Electronic check,80.3,250.05,Yes,Yes,0.3124377972391636,0.6875622027608363,Create and Promote mid to long term contracts,Promote Tech Services,Enhance and Promote Entertainment Services,No action needed
1217,1217,7979-CORPM,Male,No,No,No,24,Yes,Yes,Fiber optic,No,Yes,No,No,Yes,No,Month-to-month,Yes,Credit card (automatic),90.55,2282.55,Yes,Yes,0.2527060950611945,0.7472939049388054,Create and Promote mid to long term contracts,Promote Tech Services,Enhance and Promote Entertainment Services,Customize communication for customers with no dependents.
1222,1222,1618-CFHME,Female,No,No,No,2,Yes,Yes,Fiber optic,No,No,No,No,No,No,Month-to-month,Yes,Electronic check,75.9,143.35,Yes,Yes,0.1080112409693678,0.8919887590306321,Create and Promote mid to long term contracts,Promote Tech Services,No action needed,Customize communication for customers with no dependents.
1223,1223,3165-HDOEW,Male,No,Yes,Yes,1,Yes,No,DSL,No,No,No,No,No,No,Month-to-month,Yes,Mailed check,45.85,45.85,Yes,Yes,0.2697917323369612,0.7302082676630388,Create and Promote mid to long term contracts,Promote Tech Services,No action needed,No action needed
1224,1224,6581-NQCBA,Female,No,Yes,No,16,No,No phone service,DSL,No,No,No,Yes,Yes,Yes,Month-to-month,Yes,Electronic check,49.95,810.2,Yes,Yes,0.3042911930753987,0.6957088069246012,Create and Promote mid to long term contracts,Promote Tech Services,Enhance and Promote Entertainment Services,Customize communication for customers with no dependents.
1231,1231,1689-MRZQR,Male,No,Yes,Yes,34,Yes,No,Fiber optic,No,No,No,No,Yes,No,Month-to-month,No,Electronic check,78.3,2564.3,Yes,Yes,0.3196314713998587,0.6803685286001413,Create and Promote mid to long term contracts,Promote Tech Services,Enhance and Promote Entertainment Services,No action needed
1235,1235,5835-BEQEU,Male,No,No,No,3,Yes,Yes,Fiber optic,No,No,No,No,No,No,Month-to-month,Yes,Electronic check,76.95,228.4,Yes,Yes,0.0941303180278012,0.9058696819721987,Create and Promote mid to long term contracts,Promote Tech Services,No action needed,Customize communication for customers with no dependents.
1237,1237,5565-FILXA,Female,Yes,No,No,16,Yes,Yes,Fiber optic,No,No,No,No,Yes,Yes,Month-to-month,Yes,Electronic check,96.15,1529.2,Yes,Yes,0.0877020632079045,0.9122979367920956,Create and Promote mid to long term contracts,Promote Tech Services,Enhance and Promote Entertainment Services,Engage with senior citizens to better understand their needs and concerns.
1242,1242,5552-ZNFSJ,Male,No,No,No,1,Yes,No,DSL,No,No,No,No,No,No,Month-to-month,No,Electronic check,45.3,45.3,Yes,Yes,0.146305977605742,0.853694022394258,Create and Promote mid to long term contracts,Promote Tech Services,No action needed,Customize communication for customers with no dependents.
1243,1243,2223-KAGMX,Female,No,No,No,15,Yes,No,No,No internet service,No internet service,No internet service,No internet service,No internet service,No internet service,Month-to-month,No,Bank transfer (automatic),19.4,289.3,Yes,Yes,0.414899686531862,0.585100313468138,Create and Promote mid to long term contracts,No action needed,No action needed,Customize communication for customers with no dependents.
1244,1244,6507-ZJSUR,Male,Yes,Yes,No,23,Yes,No,Fiber optic,No,No,No,No,Yes,Yes,Month-to-month,Yes,Electronic check,90.45,2117.25,No,Yes,0.4997702233384036,0.5002297766615964,Create and Promote mid to long term contracts,Promote Tech Services,Enhance and Promote Entertainment Services,Engage with senior citizens to better understand their needs and concerns.
1247,1247,7321-PKUYW,Female,No,No,No,11,Yes,Yes,Fiber optic,No,No,No,Yes,Yes,No,Month-to-month,No,Electronic check,90.15,987.95,Yes,Yes,0.2025491350809494,0.7974508649190506,Create and Promote mid to long term contracts,Promote Tech Services,Enhance and Promote Entertainment Services,Customize communication for customers with no dependents.
1248,1248,2833-SLKDQ,Male,No,No,No,1,Yes,No,DSL,No,No,No,No,No,No,Month-to-month,No,Mailed check,45.05,45.05,Yes,Yes,0.3100542576069901,0.6899457423930099,Create and Promote mid to long term contracts,Promote Tech Services,No action needed,Customize communication for customers with no dependents.
1250,1250,7595-EUIVN,Female,No,No,No,1,Yes,No,Fiber optic,No,Yes,No,No,No,No,Month-to-month,No,Electronic check,75.8,75.8,Yes,Yes,0.1249333503388995,0.8750666496611005,Create and Promote mid to long term contracts,Promote Tech Services,No action needed,Customize communication for customers with no dependents.
1251,1251,7617-EYGLW,Male,No,No,No,1,Yes,No,No,No internet service,No internet service,No internet service,No internet service,No internet service,No internet service,Month-to-month,No,Electronic check,19.45,19.45,No,Yes,0.3972820360336391,0.6027179639663609,Create and Promote mid to long term contracts,No action needed,No action needed,Customize communication for customers with no dependents.
1252,1252,2026-TGDHM,Female,No,No,No,7,Yes,No,Fiber optic,No,No,No,No,No,Yes,Month-to-month,Yes,Electronic check,79.3,523.15,Yes,Yes,0.1132049306987201,0.8867950693012798,Create and Promote mid to long term contracts,Promote Tech Services,Enhance and Promote Entertainment Services,Customize communication for customers with no dependents.
1254,1254,4030-VPZBD,Female,No,No,No,2,No,No phone service,DSL,No,No,No,Yes,No,No,Month-to-month,Yes,Electronic check,30.9,59.05,Yes,Yes,0.1471919320791209,0.852808067920879,Create and Promote mid to long term contracts,Promote Tech Services,No action needed,Customize communication for customers with no dependents.
1258,1258,4187-CINZD,Female,Yes,No,No,46,Yes,No,Fiber optic,No,Yes,No,No,Yes,Yes,One year,No,Credit card (automatic),95.25,4424.2,Yes,Yes,0.4298296200082361,0.5701703799917639,Create and Promote mid to long term contracts,Promote Tech Services,Enhance and Promote Entertainment Services,Engage with senior citizens to better understand their needs and concerns.
1262,1262,6818-WOBHJ,Female,Yes,Yes,No,68,Yes,Yes,Fiber optic,No,Yes,No,No,No,Yes,Month-to-month,Yes,Bank transfer (automatic),89.6,6127.6,Yes,Yes,0.4484004713358515,0.5515995286641485,Create and Promote mid to long term contracts,Promote Tech Services,Enhance and Promote Entertainment Services,Engage with senior citizens to better understand their needs and concerns.
1267,1267,2408-TZMJL,Male,No,Yes,No,59,Yes,Yes,Fiber optic,Yes,Yes,Yes,No,Yes,Yes,One year,Yes,Electronic check,110.15,6448.05,Yes,Yes,0.4341426416274909,0.5658573583725091,Create and Promote mid to long term contracts,Promote Tech Services,Enhance and Promote Entertainment Services,Customize communication for customers with no dependents.
1284,1284,9134-CEQMF,Male,Yes,Yes,No,7,Yes,No,Fiber optic,No,No,No,No,Yes,Yes,Month-to-month,Yes,Electronic check,89.5,676.7,Yes,Yes,0.2330807816754927,0.7669192183245073,Create and Promote mid to long term contracts,Promote Tech Services,Enhance and Promote Entertainment Services,Engage with senior citizens to better understand their needs and concerns.
1290,1290,7993-PYKOF,Male,No,Yes,No,8,Yes,No,Fiber optic,Yes,No,No,No,No,No,Month-to-month,No,Electronic check,75.0,632.95,Yes,Yes,0.4160883186364503,0.5839116813635497,Create and Promote mid to long term contracts,Promote Tech Services,No action needed,Customize communication for customers with no dependents.
1293,1293,5027-XWQHA,Male,No,No,No,6,Yes,No,DSL,No,No,No,No,No,No,Month-to-month,No,Electronic check,44.75,270.95,Yes,Yes,0.2724946754871039,0.7275053245128961,Create and Promote mid to long term contracts,Promote Tech Services,No action needed,Customize communication for customers with no dependents.
1296,1296,6198-ZFIOJ,Female,No,No,No,5,Yes,Yes,Fiber optic,No,No,No,No,No,No,Month-to-month,No,Electronic check,75.6,402.5,No,Yes,0.1913370151467484,0.8086629848532516,Create and Promote mid to long term contracts,Promote Tech Services,No action needed,Customize communication for customers with no dependents.
1298,1298,4566-QVRRW,Female,No,Yes,No,11,Yes,No,DSL,No,No,No,No,No,No,Month-to-month,Yes,Electronic check,44.05,483.7,Yes,Yes,0.4914311943218402,0.5085688056781598,Create and Promote mid to long term contracts,Promote Tech Services,No action needed,Customize communication for customers with no dependents.
1303,1303,8519-IMDHU,Male,Yes,Yes,No,15,Yes,Yes,Fiber optic,No,No,No,No,No,Yes,Month-to-month,Yes,Bank transfer (automatic),85.6,1345.55,Yes,Yes,0.2148689923613757,0.7851310076386243,Create and Promote mid to long term contracts,Promote Tech Services,Enhance and Promote Entertainment Services,Engage with senior citizens to better understand their needs and concerns.
1305,1305,0201-OAMXR,Female,No,No,No,70,Yes,Yes,Fiber optic,Yes,Yes,Yes,Yes,Yes,Yes,One year,No,Credit card (automatic),115.55,8127.6,Yes,Yes,0.2832022663909259,0.7167977336090741,Create and Promote mid to long term contracts,No action needed,Enhance and Promote Entertainment Services,Customize communication for customers with no dependents.
1307,1307,3372-KWFBM,Male,Yes,No,No,16,Yes,Yes,Fiber optic,No,No,No,No,Yes,No,Month-to-month,Yes,Electronic check,86.6,1281.0,Yes,Yes,0.2257590374090925,0.7742409625909075,Create and Promote mid to long term contracts,Promote Tech Services,Enhance and Promote Entertainment Services,Engage with senior citizens to better understand their needs and concerns.
1308,1308,7831-QGOXH,Female,No,No,No,18,Yes,Yes,Fiber optic,No,No,No,No,Yes,No,Month-to-month,Yes,Electronic check,85.2,1553.9,Yes,Yes,0.1955809573850597,0.8044190426149402,Create and Promote mid to long term contracts,Promote Tech Services,Enhance and Promote Entertainment Services,Customize communication for customers with no dependents.
1309,1309,6393-WRYZE,Female,No,Yes,No,34,Yes,Yes,Fiber optic,No,No,No,No,Yes,Yes,Month-to-month,Yes,Electronic check,97.65,3207.55,Yes,Yes,0.1436482171536828,0.8563517828463172,Create and Promote mid to long term contracts,Promote Tech Services,Enhance and Promote Entertainment Services,Customize communication for customers with no dependents.
1312,1312,6599-RCLCJ,Male,No,Yes,No,47,Yes,Yes,Fiber optic,No,Yes,Yes,Yes,Yes,Yes,Month-to-month,Yes,Electronic check,109.55,5124.55,Yes,Yes,0.408903514314507,0.591096485685493,Create and Promote mid to long term contracts,Promote Tech Services,Enhance and Promote Entertainment Services,Customize communication for customers with no dependents.
1324,1324,7206-GZCDC,Female,Yes,No,No,1,Yes,No,Fiber optic,No,No,No,No,No,No,Month-to-month,Yes,Electronic check,69.25,69.25,Yes,Yes,0.0540641825685987,0.9459358174314012,Create and Promote mid to long term contracts,Promote Tech Services,No action needed,Engage with senior citizens to better understand their needs and concerns.
1330,1330,7537-RBWEA,Female,No,No,No,1,No,No phone service,DSL,No,No,No,No,No,No,Month-to-month,Yes,Mailed check,25.15,25.15,No,Yes,0.2676307355984662,0.7323692644015338,Create and Promote mid to long term contracts,Promote Tech Services,No action needed,Customize communication for customers with no dependents.
1333,1333,1768-ZAIFU,Female,Yes,No,No,1,No,No phone service,DSL,No,No,No,No,No,No,Month-to-month,Yes,Electronic check,25.2,25.2,Yes,Yes,0.036130421750263,0.963869578249737,Create and Promote mid to long term contracts,Promote Tech Services,No action needed,Engage with senior citizens to better understand their needs and concerns.
1334,1334,4671-LXRDQ,Male,No,No,No,2,Yes,No,DSL,No,No,No,No,No,No,Month-to-month,Yes,Mailed check,45.0,96.45,Yes,Yes,0.3988569671788248,0.6011430328211752,Create and Promote mid to long term contracts,Promote Tech Services,No action needed,Customize communication for customers with no dependents.
1337,1337,1934-SJVJK,Male,No,No,No,1,Yes,No,No,No internet service,No internet service,No internet service,No internet service,No internet service,No internet service,Month-to-month,No,Mailed check,20.15,20.15,Yes,Yes,0.3126762676281104,0.6873237323718896,Create and Promote mid to long term contracts,No action needed,No action needed,Customize communication for customers with no dependents.
1338,1338,3838-OZURD,Male,No,Yes,No,66,Yes,Yes,Fiber optic,No,Yes,Yes,No,Yes,Yes,Month-to-month,Yes,Credit card (automatic),105.0,7133.25,Yes,Yes,0.1557819060484948,0.8442180939515052,Create and Promote mid to long term contracts,Promote Tech Services,Enhance and Promote Entertainment Services,Customize communication for customers with no dependents.
1340,1340,9269-CQOOL,Male,No,No,Yes,3,Yes,No,DSL,No,No,No,No,Yes,No,Month-to-month,Yes,Credit card (automatic),54.7,169.45,Yes,Yes,0.3681274174025047,0.6318725825974952,Create and Promote mid to long term contracts,Promote Tech Services,Enhance and Promote Entertainment Services,No action needed
1345,1345,2845-HSJCY,Female,No,Yes,Yes,14,Yes,Yes,Fiber optic,No,No,Yes,No,No,Yes,Month-to-month,Yes,Electronic check,87.25,1258.6,Yes,Yes,0.2435314315549761,0.7564685684450239,Create and Promote mid to long term contracts,Promote Tech Services,Enhance and Promote Entertainment Services,No action needed
1347,1347,1184-PJVDB,Male,No,Yes,No,10,Yes,No,Fiber optic,No,No,No,No,Yes,No,Month-to-month,Yes,Electronic check,79.95,857.2,Yes,Yes,0.1959802235700181,0.8040197764299819,Create and Promote mid to long term contracts,Promote Tech Services,Enhance and Promote Entertainment Services,Customize communication for customers with no dependents.
1353,1353,9415-DPEWS,Female,No,No,No,18,Yes,Yes,Fiber optic,No,No,No,Yes,Yes,No,Month-to-month,Yes,Electronic check,88.35,1639.3,Yes,Yes,0.2311517162650979,0.7688482837349021,Create and Promote mid to long term contracts,Promote Tech Services,Enhance and Promote Entertainment Services,Customize communication for customers with no dependents.
1355,1355,0196-JTUQI,Female,No,No,No,9,Yes,Yes,Fiber optic,No,No,No,No,No,No,Month-to-month,Yes,Credit card (automatic),75.2,633.85,No,Yes,0.2934186019689768,0.7065813980310232,Create and Promote mid to long term contracts,Promote Tech Services,No action needed,Customize communication for customers with no dependents.
1358,1358,7943-RQCHR,Female,No,No,No,9,Yes,Yes,Fiber optic,No,No,No,No,Yes,Yes,Month-to-month,Yes,Electronic check,94.75,889.9,Yes,Yes,0.0795680607748695,0.9204319392251304,Create and Promote mid to long term contracts,Promote Tech Services,Enhance and Promote Entertainment Services,Customize communication for customers with no dependents.
1359,1359,3793-MMFUH,Female,Yes,No,No,13,Yes,Yes,Fiber optic,No,No,No,No,Yes,Yes,Month-to-month,Yes,Electronic check,95.05,1290.0,Yes,Yes,0.1478502839353148,0.8521497160646851,Create and Promote mid to long term contracts,Promote Tech Services,Enhance and Promote Entertainment Services,Engage with senior citizens to better understand their needs and concerns.
1360,1360,3249-ZPQRG,Male,No,No,No,4,Yes,Yes,Fiber optic,No,Yes,No,No,No,No,Month-to-month,No,Electronic check,78.45,330.05,Yes,Yes,0.2008544253108417,0.7991455746891583,Create and Promote mid to long term contracts,Promote Tech Services,No action needed,Customize communication for customers with no dependents.
1361,1361,2568-BRGYX,Male,No,No,No,4,Yes,No,Fiber optic,No,No,No,No,No,No,Month-to-month,Yes,Electronic check,70.2,237.95,Yes,Yes,0.3083008204897822,0.6916991795102178,Create and Promote mid to long term contracts,Promote Tech Services,No action needed,Customize communication for customers with no dependents.
1364,1364,7721-JXEAW,Male,No,Yes,No,59,No,No phone service,DSL,No,Yes,No,No,No,Yes,Month-to-month,Yes,Bank transfer (automatic),41.05,2452.7,Yes,Yes,0.4730245489347561,0.5269754510652439,Create and Promote mid to long term contracts,Promote Tech Services,Enhance and Promote Entertainment Services,Customize communication for customers with no dependents.
1365,1365,7249-WBIYX,Male,No,Yes,No,10,Yes,Yes,Fiber optic,No,No,No,No,Yes,No,Month-to-month,Yes,Electronic check,85.6,813.85,Yes,Yes,0.1610696018030551,0.8389303981969448,Create and Promote mid to long term contracts,Promote Tech Services,Enhance and Promote Entertainment Services,Customize communication for customers with no dependents.
1370,1370,6567-HOOPW,Female,Yes,No,No,1,Yes,No,Fiber optic,No,No,No,No,Yes,No,Month-to-month,Yes,Electronic check,79.2,79.2,Yes,Yes,0.0479053739136432,0.9520946260863568,Create and Promote mid to long term contracts,Promote Tech Services,Enhance and Promote Entertainment Services,Engage with senior citizens to better understand their needs and concerns.
1375,1375,3164-AALRN,Male,No,No,No,5,Yes,No,DSL,No,No,Yes,No,Yes,Yes,One year,Yes,Mailed check,70.0,347.4,Yes,Yes,0.355214204728852,0.644785795271148,Create and Promote mid to long term contracts,Promote Tech Services,Enhance and Promote Entertainment Services,Customize communication for customers with no dependents.
1382,1382,3334-CTHOL,Female,No,No,No,1,Yes,Yes,DSL,No,No,No,No,No,No,Month-to-month,Yes,Bank transfer (automatic),49.95,49.95,Yes,Yes,0.2286331148175062,0.7713668851824937,Create and Promote mid to long term contracts,Promote Tech Services,No action needed,Customize communication for customers with no dependents.
1383,1383,4704-ERYFC,Female,No,Yes,No,22,Yes,No,Fiber optic,No,No,No,No,No,No,Month-to-month,Yes,Electronic check,69.25,1554.0,Yes,Yes,0.3965656570250064,0.6034343429749935,Create and Promote mid to long term contracts,Promote Tech Services,No action needed,Customize communication for customers with no dependents.
1388,1388,8621-MNIHH,Female,Yes,Yes,No,34,Yes,Yes,Fiber optic,No,Yes,Yes,No,No,Yes,Month-to-month,Yes,Electronic check,94.25,3217.55,Yes,Yes,0.3678807976162709,0.6321192023837291,Create and Promote mid to long term contracts,Promote Tech Services,Enhance and Promote Entertainment Services,Engage with senior citizens to better understand their needs and concerns.
1392,1392,2592-YKDIF,Female,No,No,No,1,Yes,No,No,No internet service,No internet service,No internet service,No internet service,No internet service,No internet service,Month-to-month,No,Mailed check,20.35,20.35,No,Yes,0.4747871091048121,0.5252128908951879,Create and Promote mid to long term contracts,No action needed,No action needed,Customize communication for customers with no dependents.
1395,1395,9518-RWHZL,Female,No,No,No,64,Yes,Yes,Fiber optic,No,No,Yes,No,Yes,Yes,One year,Yes,Credit card (automatic),100.05,6254.2,Yes,Yes,0.3122922191595884,0.6877077808404116,Create and Promote mid to long term contracts,Promote Tech Services,Enhance and Promote Entertainment Services,Customize communication for customers with no dependents.
1396,1396,8714-CTZJW,Female,No,No,No,4,Yes,No,Fiber optic,No,No,Yes,No,No,Yes,Month-to-month,Yes,Credit card (automatic),82.85,319.6,No,Yes,0.2991820172321282,0.7008179827678718,Create and Promote mid to long term contracts,Promote Tech Services,Enhance and Promote Entertainment Services,Customize communication for customers with no dependents.
1400,1400,5419-CONWX,Female,Yes,No,No,4,Yes,No,Fiber optic,No,Yes,Yes,No,Yes,Yes,Month-to-month,Yes,Credit card (automatic),99.8,442.85,Yes,Yes,0.0892288441703612,0.9107711558296387,Create and Promote mid to long term contracts,Promote Tech Services,Enhance and Promote Entertainment Services,Engage with senior citizens to better understand their needs and concerns.
1401,1401,6240-EURKS,Female,No,No,Yes,18,No,No phone service,DSL,No,No,No,No,No,Yes,Month-to-month,Yes,Electronic check,35.0,553.0,Yes,Yes,0.3909312233201847,0.6090687766798153,Create and Promote mid to long term contracts,Promote Tech Services,Enhance and Promote Entertainment Services,No action needed
1404,1404,6960-HVYXR,Female,No,No,No,1,Yes,Yes,Fiber optic,No,No,No,No,No,No,Month-to-month,No,Electronic check,76.0,76.0,Yes,Yes,0.0490165414412804,0.9509834585587196,Create and Promote mid to long term contracts,Promote Tech Services,No action needed,Customize communication for customers with no dependents.
1409,1409,7024-OHCCK,Female,Yes,No,No,2,Yes,Yes,Fiber optic,No,No,No,No,Yes,Yes,Month-to-month,Yes,Electronic check,93.85,170.85,Yes,Yes,0.0647549341905817,0.9352450658094182,Create and Promote mid to long term contracts,Promote Tech Services,Enhance and Promote Entertainment Services,Engage with senior citizens to better understand their needs and concerns.
1411,1411,7861-UVUFT,Female,No,Yes,No,15,Yes,No,Fiber optic,No,No,Yes,No,Yes,No,Month-to-month,Yes,Electronic check,84.3,1308.4,Yes,Yes,0.2332901853625471,0.7667098146374529,Create and Promote mid to long term contracts,Promote Tech Services,Enhance and Promote Entertainment Services,Customize communication for customers with no dependents.
1419,1419,8785-CJSHH,Female,No,Yes,No,60,Yes,Yes,Fiber optic,No,Yes,No,No,Yes,Yes,Month-to-month,Yes,Electronic check,99.8,5985.75,No,Yes,0.4308166661887882,0.5691833338112118,Create and Promote mid to long term contracts,Promote Tech Services,Enhance and Promote Entertainment Services,Customize communication for customers with no dependents.
1420,1420,5357-TZHPP,Male,Yes,No,No,9,Yes,Yes,Fiber optic,No,No,No,No,No,Yes,Month-to-month,Yes,Credit card (automatic),84.4,732.5,Yes,Yes,0.1477105709961338,0.8522894290038662,Create and Promote mid to long term contracts,Promote Tech Services,Enhance and Promote Entertainment Services,Engage with senior citizens to better understand their needs and concerns.
1422,1422,0680-DFNNY,Male,No,Yes,No,15,Yes,Yes,Fiber optic,No,No,Yes,No,Yes,Yes,Month-to-month,Yes,Electronic check,101.1,1504.05,Yes,Yes,0.1561505717986092,0.8438494282013907,Create and Promote mid to long term contracts,Promote Tech Services,Enhance and Promote Entertainment Services,Customize communication for customers with no dependents.
1427,1427,7767-UXAGJ,Male,No,No,No,1,Yes,Yes,DSL,No,No,No,No,No,No,Month-to-month,Yes,Electronic check,50.45,50.45,Yes,Yes,0.2099007035035558,0.7900992964964442,Create and Promote mid to long term contracts,Promote Tech Services,No action needed,Customize communication for customers with no dependents.
1433,1433,1571-SAVHK,Male,No,No,No,12,Yes,Yes,Fiber optic,No,No,No,Yes,Yes,Yes,Month-to-month,Yes,Mailed check,99.95,1132.75,Yes,Yes,0.170912657521618,0.829087342478382,Create and Promote mid to long term contracts,Promote Tech Services,Enhance and Promote Entertainment Services,Customize communication for customers with no dependents.
1435,1435,9546-CQJSU,Female,No,No,No,2,Yes,Yes,Fiber optic,No,No,Yes,No,Yes,No,Month-to-month,Yes,Electronic check,91.4,193.6,Yes,Yes,0.0779215295060046,0.9220784704939954,Create and Promote mid to long term contracts,Promote Tech Services,Enhance and Promote Entertainment Services,Customize communication for customers with no dependents.
1438,1438,0506-LVNGN,Female,Yes,No,No,5,Yes,No,Fiber optic,No,No,Yes,No,No,No,Month-to-month,Yes,Credit card (automatic),75.55,349.65,Yes,Yes,0.1683633585134332,0.8316366414865668,Create and Promote mid to long term contracts,Promote Tech Services,No action needed,Engage with senior citizens to better understand their needs and concerns.
1446,1446,2951-QOQTK,Male,No,No,Yes,4,Yes,Yes,Fiber optic,No,No,No,Yes,No,No,Month-to-month,No,Credit card (automatic),80.8,332.45,Yes,Yes,0.1833837564037841,0.8166162435962159,Create and Promote mid to long term contracts,Promote Tech Services,No action needed,No action needed
1455,1455,3473-XIIIT,Female,No,Yes,No,16,Yes,Yes,Fiber optic,No,Yes,No,No,Yes,Yes,Month-to-month,Yes,Electronic check,100.0,1534.75,Yes,Yes,0.2394040389360594,0.7605959610639406,Create and Promote mid to long term contracts,Promote Tech Services,Enhance and Promote Entertainment Services,Customize communication for customers with no dependents.
1457,1457,7893-IXHRQ,Male,No,No,No,1,Yes,No,No,No internet service,No internet service,No internet service,No internet service,No internet service,No internet service,Month-to-month,No,Electronic check,20.55,20.55,Yes,Yes,0.3817068307813536,0.6182931692186464,Create and Promote mid to long term contracts,No action needed,No action needed,Customize communication for customers with no dependents.
1459,1459,2952-QAYZF,Male,No,No,No,5,Yes,Yes,Fiber optic,No,Yes,Yes,No,No,No,Month-to-month,Yes,Electronic check,85.3,424.15,Yes,Yes,0.1810131846876328,0.8189868153123672,Create and Promote mid to long term contracts,Promote Tech Services,No action needed,Customize communication for customers with no dependents.
1462,1462,4763-PGDPO,Female,No,No,No,4,Yes,No,Fiber optic,No,No,No,No,No,No,Month-to-month,No,Electronic check,70.4,281.0,Yes,Yes,0.1304337249437875,0.8695662750562124,Create and Promote mid to long term contracts,Promote Tech Services,No action needed,Customize communication for customers with no dependents.
1468,1468,5394-SVGJV,Male,No,No,No,37,Yes,Yes,Fiber optic,No,No,No,Yes,Yes,Yes,Month-to-month,No,Bank transfer (automatic),98.8,3475.55,Yes,Yes,0.3599300042512587,0.6400699957487412,Create and Promote mid to long term contracts,Promote Tech Services,Enhance and Promote Entertainment Services,Customize communication for customers with no dependents.
1471,1471,9283-LZQOH,Male,No,Yes,Yes,13,Yes,Yes,Fiber optic,No,No,No,No,No,No,Month-to-month,Yes,Credit card (automatic),74.4,896.75,Yes,Yes,0.3134181701221501,0.6865818298778499,Create and Promote mid to long term contracts,Promote Tech Services,No action needed,No action needed
1472,1472,7079-QRCBC,Female,No,No,No,24,Yes,Yes,Fiber optic,No,No,Yes,No,Yes,Yes,Month-to-month,Yes,Electronic check,98.75,2407.3,Yes,Yes,0.1476070305311559,0.852392969468844,Create and Promote mid to long term contracts,Promote Tech Services,Enhance and Promote Entertainment Services,Customize communication for customers with no dependents.
1477,1477,9851-QXEEQ,Male,No,No,No,41,Yes,Yes,Fiber optic,No,Yes,Yes,No,Yes,Yes,Month-to-month,Yes,Electronic check,104.7,4346.4,Yes,Yes,0.1485416760812176,0.8514583239187824,Create and Promote mid to long term contracts,Promote Tech Services,Enhance and Promote Entertainment Services,Customize communication for customers with no dependents.
1481,1481,9290-SHCMB,Female,Yes,No,No,13,Yes,No,Fiber optic,No,No,Yes,No,Yes,Yes,Month-to-month,Yes,Electronic check,96.85,1235.55,No,Yes,0.2943339193644003,0.7056660806355997,Create and Promote mid to long term contracts,Promote Tech Services,Enhance and Promote Entertainment Services,Engage with senior citizens to better understand their needs and concerns.
1484,1484,9809-IMGCQ,Male,Yes,No,No,22,Yes,Yes,Fiber optic,No,No,No,No,Yes,Yes,Month-to-month,Yes,Electronic check,96.7,2082.95,Yes,Yes,0.1388575563972773,0.8611424436027226,Create and Promote mid to long term contracts,Promote Tech Services,Enhance and Promote Entertainment Services,Engage with senior citizens to better understand their needs and concerns.
1485,1485,5208-HFSBT,Female,No,No,No,2,Yes,No,DSL,No,Yes,No,Yes,No,No,Month-to-month,Yes,Credit card (automatic),55.05,102.75,Yes,Yes,0.2664070836488343,0.7335929163511656,Create and Promote mid to long term contracts,Promote Tech Services,No action needed,Customize communication for customers with no dependents.
1490,1490,8605-ITULD,Female,No,No,No,1,Yes,No,No,No internet service,No internet service,No internet service,No internet service,No internet service,No internet service,Month-to-month,No,Mailed check,19.55,19.55,No,Yes,0.4610207161129747,0.5389792838870253,Create and Promote mid to long term contracts,No action needed,No action needed,Customize communication for customers with no dependents.
1491,1491,3254-YRILK,Male,Yes,No,No,19,Yes,Yes,Fiber optic,No,Yes,No,No,Yes,No,Month-to-month,Yes,Electronic check,88.2,1775.8,Yes,Yes,0.3080760662132783,0.6919239337867217,Create and Promote mid to long term contracts,Promote Tech Services,Enhance and Promote Entertainment Services,Engage with senior citizens to better understand their needs and concerns.
1497,1497,0529-ONKER,Male,Yes,No,No,15,Yes,Yes,Fiber optic,No,No,No,No,No,No,Month-to-month,No,Electronic check,75.65,1146.65,Yes,Yes,0.192054970616,0.8079450293839999,Create and Promote mid to long term contracts,Promote Tech Services,No action needed,Engage with senior citizens to better understand their needs and concerns.
1503,1503,1769-GRUIK,Female,No,No,No,18,Yes,No,Fiber optic,No,No,No,No,No,No,Month-to-month,Yes,Electronic check,71.1,1247.75,No,Yes,0.370751632474218,0.629248367525782,Create and Promote mid to long term contracts,Promote Tech Services,No action needed,Customize communication for customers with no dependents.
1504,1504,5240-IJOQT,Male,Yes,No,No,1,Yes,Yes,Fiber optic,No,No,No,No,No,No,Month-to-month,Yes,Electronic check,74.7,74.7,Yes,Yes,0.0567497625894749,0.943250237410525,Create and Promote mid to long term contracts,Promote Tech Services,No action needed,Engage with senior citizens to better understand their needs and concerns.
1508,1508,1092-GANHU,Male,No,No,No,17,Yes,No,Fiber optic,No,No,Yes,No,No,No,Month-to-month,Yes,Electronic check,76.65,1313.55,Yes,Yes,0.2940151542553381,0.7059848457446619,Create and Promote mid to long term contracts,Promote Tech Services,No action needed,Customize communication for customers with no dependents.
1511,1511,9314-IJWSQ,Female,No,Yes,Yes,14,Yes,Yes,Fiber optic,No,No,No,No,Yes,No,Month-to-month,Yes,Electronic check,84.8,1203.9,No,Yes,0.3765820610908708,0.6234179389091292,Create and Promote mid to long term contracts,Promote Tech Services,Enhance and Promote Entertainment Services,No action needed
1512,1512,0661-XEYAN,Female,Yes,No,No,1,No,No phone service,DSL,No,No,No,No,No,No,Month-to-month,Yes,Mailed check,25.8,25.8,Yes,Yes,0.0839625066674593,0.9160374933325408,Create and Promote mid to long term contracts,Promote Tech Services,No action needed,Engage with senior citizens to better understand their needs and concerns.
1515,1515,6198-RTPMF,Female,No,Yes,No,17,Yes,Yes,Fiber optic,No,No,No,No,Yes,Yes,Month-to-month,No,Electronic check,92.6,1579.7,No,Yes,0.3724478676505047,0.6275521323494953,Create and Promote mid to long term contracts,Promote Tech Services,Enhance and Promote Entertainment Services,Customize communication for customers with no dependents.
1518,1518,7881-EVUAD,Female,No,No,No,2,No,No phone service,DSL,Yes,Yes,No,No,No,Yes,Month-to-month,Yes,Electronic check,42.6,72.4,Yes,Yes,0.1542240590251649,0.8457759409748351,Create and Promote mid to long term contracts,Promote Tech Services,Enhance and Promote Entertainment Services,Customize communication for customers with no dependents.
1525,1525,2984-AFWNC,Female,No,No,No,3,Yes,No,Fiber optic,No,Yes,No,No,Yes,Yes,Month-to-month,No,Electronic check,95.4,293.15,No,Yes,0.3292262811091642,0.6707737188908358,Create and Promote mid to long term contracts,Promote Tech Services,Enhance and Promote Entertainment Services,Customize communication for customers with no dependents.
1529,1529,3703-VAVCL,Male,No,Yes,Yes,2,Yes,No,Fiber optic,No,No,Yes,Yes,No,Yes,Month-to-month,No,Credit card (automatic),90.0,190.05,Yes,Yes,0.2275854686623111,0.7724145313376889,Create and Promote mid to long term contracts,Promote Tech Services,Enhance and Promote Entertainment Services,No action needed
1532,1532,8519-QJGJD,Female,No,No,No,14,Yes,No,Fiber optic,No,No,Yes,No,No,No,Month-to-month,No,Electronic check,75.35,1025.95,Yes,Yes,0.353813661032259,0.646186338967741,Create and Promote mid to long term contracts,Promote Tech Services,No action needed,Customize communication for customers with no dependents.
1537,1537,6326-MTTXK,Male,No,No,No,8,Yes,Yes,Fiber optic,No,Yes,No,No,Yes,Yes,Month-to-month,No,Electronic check,100.85,819.55,Yes,Yes,0.1718352269640237,0.8281647730359762,Create and Promote mid to long term contracts,Promote Tech Services,Enhance and Promote Entertainment Services,Customize communication for customers with no dependents.
1542,1542,0330-IVZHA,Female,No,Yes,No,5,Yes,No,Fiber optic,No,No,No,No,No,No,Month-to-month,No,Electronic check,69.95,330.15,Yes,Yes,0.2494875676699987,0.7505124323300013,Create and Promote mid to long term contracts,Promote Tech Services,No action needed,Customize communication for customers with no dependents.
1546,1546,2886-KEFUM,Female,No,Yes,No,63,Yes,Yes,Fiber optic,No,Yes,Yes,No,Yes,Yes,One year,Yes,Electronic check,107.5,6873.75,Yes,Yes,0.4281819265416633,0.5718180734583367,Create and Promote mid to long term contracts,Promote Tech Services,Enhance and Promote Entertainment Services,Customize communication for customers with no dependents.
1548,1548,4237-RLAQD,Male,No,No,No,1,Yes,No,DSL,No,No,No,No,No,No,Month-to-month,Yes,Mailed check,45.85,45.85,Yes,Yes,0.2601276325711954,0.7398723674288046,Create and Promote mid to long term contracts,Promote Tech Services,No action needed,Customize communication for customers with no dependents.
1549,1549,9957-YODKZ,Male,Yes,Yes,No,6,Yes,Yes,Fiber optic,No,No,Yes,No,No,No,Month-to-month,Yes,Electronic check,80.8,457.1,No,Yes,0.3714457059287628,0.6285542940712372,Create and Promote mid to long term contracts,Promote Tech Services,No action needed,Engage with senior citizens to better understand their needs and concerns.
1554,1554,9651-GTSAQ,Female,No,Yes,No,53,Yes,No,Fiber optic,Yes,Yes,Yes,No,Yes,Yes,One year,Yes,Bank transfer (automatic),106.1,5769.75,Yes,Yes,0.4129076528932697,0.5870923471067303,Create and Promote mid to long term contracts,Promote Tech Services,Enhance and Promote Entertainment Services,Customize communication for customers with no dependents.
1555,1555,3186-BAXNB,Female,No,No,No,1,Yes,No,Fiber optic,No,Yes,No,Yes,Yes,No,Month-to-month,No,Electronic check,91.7,91.7,Yes,Yes,0.1655857065775203,0.8344142934224796,Create and Promote mid to long term contracts,Promote Tech Services,Enhance and Promote Entertainment Services,Customize communication for customers with no dependents.
1557,1557,0637-YLETY,Female,No,No,No,16,Yes,Yes,Fiber optic,No,Yes,Yes,No,No,Yes,Month-to-month,Yes,Credit card (automatic),95.6,1555.65,Yes,Yes,0.2011788667140785,0.7988211332859214,Create and Promote mid to long term contracts,Promote Tech Services,Enhance and Promote Entertainment Services,Customize communication for customers with no dependents.
1560,1560,1157-BQCUW,Male,No,No,No,1,Yes,Yes,Fiber optic,No,No,No,No,No,No,Month-to-month,Yes,Electronic check,74.95,74.95,Yes,Yes,0.0611257066215467,0.9388742933784532,Create and Promote mid to long term contracts,Promote Tech Services,No action needed,Customize communication for customers with no dependents.
1562,1562,3223-DWFIO,Male,Yes,No,No,4,Yes,No,Fiber optic,No,No,No,No,No,No,Month-to-month,No,Electronic check,69.35,261.65,No,Yes,0.452513568708753,0.547486431291247,Create and Promote mid to long term contracts,Promote Tech Services,No action needed,Engage with senior citizens to better understand their needs and concerns.
1563,1563,2660-EMUBI,Male,Yes,No,No,10,Yes,Yes,Fiber optic,No,No,No,No,Yes,Yes,Month-to-month,Yes,Electronic check,95.35,898.35,Yes,Yes,0.1241046020084354,0.8758953979915646,Create and Promote mid to long term contracts,Promote Tech Services,Enhance and Promote Entertainment Services,Engage with senior citizens to better understand their needs and concerns.
1571,1571,7675-OZCZG,Female,Yes,No,No,3,Yes,No,DSL,No,No,No,No,No,No,Month-to-month,No,Electronic check,45.0,127.1,Yes,Yes,0.2321604013564964,0.7678395986435036,Create and Promote mid to long term contracts,Promote Tech Services,No action needed,Engage with senior citizens to better understand their needs and concerns.
1574,1574,2003-CKLOR,Male,No,No,No,66,Yes,No,Fiber optic,No,Yes,Yes,No,Yes,Yes,Month-to-month,No,Electronic check,99.5,6710.5,Yes,Yes,0.3940375904710583,0.6059624095289416,Create and Promote mid to long term contracts,Promote Tech Services,Enhance and Promote Entertainment Services,Customize communication for customers with no dependents.
1576,1576,9254-RBFON,Female,No,Yes,Yes,17,Yes,No,Fiber optic,No,No,Yes,Yes,Yes,Yes,One year,No,Bank transfer (automatic),98.6,1704.95,Yes,Yes,0.461033543965352,0.538966456034648,Create and Promote mid to long term contracts,Promote Tech Services,Enhance and Promote Entertainment Services,No action needed
1578,1578,9391-EOYLI,Male,Yes,Yes,No,12,Yes,No,Fiber optic,No,No,No,No,No,Yes,Month-to-month,Yes,Electronic check,80.45,950.2,Yes,Yes,0.2564813795454489,0.7435186204545511,Create and Promote mid to long term contracts,Promote Tech Services,Enhance and Promote Entertainment Services,Engage with senior citizens to better understand their needs and concerns.
1591,1591,8387-MOJJT,Female,No,Yes,Yes,42,Yes,No,Fiber optic,No,No,No,No,Yes,No,Month-to-month,Yes,Credit card (automatic),77.95,3384.0,Yes,Yes,0.3721933094929402,0.6278066905070597,Create and Promote mid to long term contracts,Promote Tech Services,Enhance and Promote Entertainment Services,No action needed
1594,1594,2761-OCIAX,Male,Yes,No,No,2,Yes,No,Fiber optic,No,Yes,No,No,No,No,Month-to-month,Yes,Electronic check,74.7,165.4,Yes,Yes,0.2611204384901195,0.7388795615098804,Create and Promote mid to long term contracts,Promote Tech Services,No action needed,Engage with senior citizens to better understand their needs and concerns.
1595,1595,7321-VGNKU,Female,No,Yes,No,2,Yes,No,Fiber optic,No,No,No,No,No,No,Month-to-month,Yes,Electronic check,70.35,120.25,No,Yes,0.4091783110960747,0.5908216889039253,Create and Promote mid to long term contracts,Promote Tech Services,No action needed,Customize communication for customers with no dependents.
1599,1599,3068-OMWZA,Male,Yes,No,No,1,Yes,Yes,Fiber optic,No,No,Yes,No,Yes,No,Month-to-month,Yes,Electronic check,88.8,88.8,Yes,Yes,0.0664329806831306,0.9335670193168694,Create and Promote mid to long term contracts,Promote Tech Services,Enhance and Promote Entertainment Services,Engage with senior citizens to better understand their needs and concerns.
1601,1601,6032-KRXXO,Male,No,No,No,30,Yes,No,Fiber optic,No,No,No,No,Yes,Yes,Month-to-month,Yes,Electronic check,90.25,2755.35,Yes,Yes,0.2810720631553999,0.7189279368446001,Create and Promote mid to long term contracts,Promote Tech Services,Enhance and Promote Entertainment Services,Customize communication for customers with no dependents.
1606,1606,4154-AQUGT,Male,Yes,Yes,No,13,Yes,No,Fiber optic,No,Yes,No,Yes,No,Yes,Month-to-month,Yes,Bank transfer (automatic),89.05,1169.35,Yes,Yes,0.373302927713499,0.626697072286501,Create and Promote mid to long term contracts,Promote Tech Services,Enhance and Promote Entertainment Services,Engage with senior citizens to better understand their needs and concerns.
1611,1611,3092-IGHWF,Male,No,Yes,Yes,67,Yes,Yes,Fiber optic,No,Yes,Yes,No,No,No,One year,No,Electronic check,87.4,5918.8,Yes,Yes,0.4553607667465597,0.5446392332534403,Create and Promote mid to long term contracts,Promote Tech Services,No action needed,No action needed
1617,1617,8017-LXHFA,Female,Yes,No,No,23,Yes,No,Fiber optic,No,Yes,No,No,Yes,Yes,Month-to-month,Yes,Electronic check,94.75,2293.6,Yes,Yes,0.2654494773208808,0.7345505226791191,Create and Promote mid to long term contracts,Promote Tech Services,Enhance and Promote Entertainment Services,Engage with senior citizens to better understand their needs and concerns.
1620,1620,6352-TWCAU,Female,No,No,No,35,Yes,Yes,Fiber optic,No,No,No,No,Yes,No,Month-to-month,Yes,Electronic check,86.45,3029.1,Yes,Yes,0.1498843826378193,0.8501156173621807,Create and Promote mid to long term contracts,Promote Tech Services,Enhance and Promote Entertainment Services,Customize communication for customers with no dependents.
1624,1624,1262-OPMFY,Female,No,Yes,No,9,Yes,No,Fiber optic,No,No,Yes,No,No,No,Month-to-month,Yes,Bank transfer (automatic),75.75,655.9,Yes,Yes,0.2888087802655021,0.7111912197344978,Create and Promote mid to long term contracts,Promote Tech Services,No action needed,Customize communication for customers with no dependents.
1627,1627,6267-DCFFZ,Female,Yes,Yes,No,30,Yes,Yes,Fiber optic,No,Yes,No,No,Yes,No,Month-to-month,Yes,Electronic check,90.05,2627.2,No,Yes,0.4383862022708098,0.5616137977291902,Create and Promote mid to long term contracts,Promote Tech Services,Enhance and Promote Entertainment Services,Engage with senior citizens to better understand their needs and concerns.
1630,1630,4248-QPAVC,Female,Yes,Yes,No,17,Yes,Yes,Fiber optic,Yes,No,Yes,No,No,No,Month-to-month,Yes,Bank transfer (automatic),85.35,1463.45,Yes,Yes,0.3385825197625535,0.6614174802374465,Create and Promote mid to long term contracts,Promote Tech Services,No action needed,Engage with senior citizens to better understand their needs and concerns.
1631,1631,1899-VXWXM,Male,No,No,No,48,Yes,Yes,Fiber optic,No,Yes,Yes,No,Yes,Yes,One year,Yes,Credit card (automatic),106.1,5082.8,Yes,Yes,0.4012001176768707,0.5987998823231293,Create and Promote mid to long term contracts,Promote Tech Services,Enhance and Promote Entertainment Services,Customize communication for customers with no dependents.
1632,1632,1478-VPOAD,Female,No,No,No,1,Yes,No,DSL,No,No,No,No,No,No,Month-to-month,No,Electronic check,43.8,43.8,No,Yes,0.4353125933546563,0.5646874066453437,Create and Promote mid to long term contracts,Promote Tech Services,No action needed,Customize communication for customers with no dependents.
1638,1638,4690-LLKUA,Male,Yes,No,No,17,Yes,No,DSL,No,No,No,No,No,No,Month-to-month,Yes,Electronic check,45.05,770.6,Yes,Yes,0.458496908178476,0.541503091821524,Create and Promote mid to long term contracts,Promote Tech Services,No action needed,Engage with senior citizens to better understand their needs and concerns.
1643,1643,3331-HQDTW,Female,No,No,No,34,Yes,Yes,Fiber optic,Yes,Yes,Yes,No,Yes,Yes,Month-to-month,Yes,Mailed check,109.8,3587.25,Yes,Yes,0.3628092567088906,0.6371907432911094,Create and Promote mid to long term contracts,Promote Tech Services,Enhance and Promote Entertainment Services,Customize communication for customers with no dependents.
1644,1644,9490-DFPMD,Female,Yes,No,No,42,Yes,Yes,Fiber optic,No,No,No,No,Yes,No,Month-to-month,Yes,Electronic check,84.65,3541.35,Yes,Yes,0.3065316568925298,0.6934683431074702,Create and Promote mid to long term contracts,Promote Tech Services,Enhance and Promote Entertainment Services,Engage with senior citizens to better understand their needs and concerns.
1646,1646,5442-XSDCW,Male,No,Yes,Yes,11,Yes,No,Fiber optic,No,No,No,No,Yes,No,Month-to-month,Yes,Bank transfer (automatic),79.5,868.5,Yes,Yes,0.3649463229326491,0.6350536770673508,Create and Promote mid to long term contracts,Promote Tech Services,Enhance and Promote Entertainment Services,No action needed
1649,1649,3049-NDXFL,Female,No,No,No,1,Yes,Yes,Fiber optic,No,No,No,No,No,Yes,Month-to-month,No,Mailed check,85.8,85.8,Yes,Yes,0.0507845431198287,0.9492154568801712,Create and Promote mid to long term contracts,Promote Tech Services,Enhance and Promote Entertainment Services,Customize communication for customers with no dependents.
1650,1650,8580-AECUZ,Male,Yes,No,No,1,Yes,No,Fiber optic,No,No,No,No,Yes,No,Month-to-month,Yes,Electronic check,79.1,79.1,Yes,Yes,0.0599180990805857,0.9400819009194142,Create and Promote mid to long term contracts,Promote Tech Services,Enhance and Promote Entertainment Services,Engage with senior citizens to better understand their needs and concerns.
1657,1657,1228-FZFRV,Male,No,Yes,Yes,50,Yes,Yes,Fiber optic,Yes,No,Yes,No,Yes,Yes,Month-to-month,No,Credit card (automatic),105.95,5341.8,Yes,Yes,0.2685684094174163,0.7314315905825837,Create and Promote mid to long term contracts,Promote Tech Services,Enhance and Promote Entertainment Services,No action needed
1661,1661,2058-DCJBE,Male,No,No,No,5,Yes,No,Fiber optic,No,No,No,No,No,No,Month-to-month,Yes,Electronic check,69.75,324.6,Yes,Yes,0.2143978897177977,0.7856021102822023,Create and Promote mid to long term contracts,Promote Tech Services,No action needed,Customize communication for customers with no dependents.
1662,1662,5364-XYIRR,Male,No,Yes,No,51,Yes,Yes,Fiber optic,No,No,No,No,Yes,Yes,Month-to-month,Yes,Electronic check,94.65,4812.75,Yes,Yes,0.2242589110826689,0.7757410889173311,Create and Promote mid to long term contracts,Promote Tech Services,Enhance and Promote Entertainment Services,Customize communication for customers with no dependents.
1663,1663,4829-AUOAX,Female,No,No,No,46,Yes,Yes,Fiber optic,No,No,No,No,Yes,Yes,Month-to-month,No,Bank transfer (automatic),96.05,4399.5,Yes,Yes,0.1434596658205356,0.8565403341794644,Create and Promote mid to long term contracts,Promote Tech Services,Enhance and Promote Entertainment Services,Customize communication for customers with no dependents.
1664,1664,1219-NNDDO,Female,No,No,No,9,Yes,Yes,Fiber optic,No,No,No,No,No,No,Month-to-month,Yes,Electronic check,76.85,663.55,No,Yes,0.2333879730937895,0.7666120269062104,Create and Promote mid to long term contracts,Promote Tech Services,No action needed,Customize communication for customers with no dependents.
1668,1668,5405-ZMYXQ,Female,No,No,No,8,Yes,Yes,Fiber optic,No,No,No,No,No,No,Month-to-month,Yes,Credit card (automatic),74.6,548.9,No,Yes,0.2906052375117094,0.7093947624882906,Create and Promote mid to long term contracts,Promote Tech Services,No action needed,Customize communication for customers with no dependents.
1669,1669,5047-LHVLY,Male,Yes,No,Yes,1,Yes,No,DSL,No,No,Yes,No,No,No,Month-to-month,Yes,Mailed check,50.15,50.15,Yes,Yes,0.2072737267526322,0.7927262732473678,Create and Promote mid to long term contracts,Promote Tech Services,No action needed,Engage with senior citizens to better understand their needs and concerns.
1672,1672,9158-VCTQB,Female,No,Yes,No,41,Yes,Yes,Fiber optic,Yes,Yes,Yes,Yes,Yes,Yes,Month-to-month,Yes,Bank transfer (automatic),113.6,4594.95,Yes,Yes,0.2728748424369079,0.727125157563092,Create and Promote mid to long term contracts,No action needed,Enhance and Promote Entertainment Services,Customize communication for customers with no dependents.
1674,1674,6311-UEUME,Female,No,No,No,29,Yes,No,Fiber optic,No,No,No,No,Yes,No,Month-to-month,Yes,Electronic check,78.9,2384.15,Yes,Yes,0.1537535963151305,0.8462464036848695,Create and Promote mid to long term contracts,Promote Tech Services,Enhance and Promote Entertainment Services,Customize communication for customers with no dependents.
1693,1693,0375-HVGXO,Female,No,No,No,1,No,No phone service,DSL,No,No,No,No,Yes,No,Month-to-month,Yes,Electronic check,34.7,34.7,Yes,Yes,0.0494709326649153,0.9505290673350848,Create and Promote mid to long term contracts,Promote Tech Services,Enhance and Promote Entertainment Services,Customize communication for customers with no dependents.
1695,1695,8593-WHYHV,Male,No,No,No,3,Yes,Yes,Fiber optic,No,No,No,No,No,Yes,Month-to-month,Yes,Electronic check,85.3,264.8,Yes,Yes,0.1121512993979386,0.8878487006020613,Create and Promote mid to long term contracts,Promote Tech Services,Enhance and Promote Entertainment Services,Customize communication for customers with no dependents.
1701,1701,4423-YLHDV,Female,No,Yes,No,21,Yes,Yes,Fiber optic,Yes,No,Yes,No,Yes,Yes,Month-to-month,Yes,Bank transfer (automatic),104.4,2200.25,Yes,Yes,0.198951525030491,0.8010484749695089,Create and Promote mid to long term contracts,Promote Tech Services,Enhance and Promote Entertainment Services,Customize communication for customers with no dependents.
1703,1703,0107-YHINA,Male,No,No,Yes,1,Yes,Yes,Fiber optic,No,No,Yes,No,Yes,Yes,Month-to-month,Yes,Electronic check,99.75,99.75,Yes,Yes,0.0623049734874734,0.9376950265125266,Create and Promote mid to long term contracts,Promote Tech Services,Enhance and Promote Entertainment Services,No action needed
1706,1706,4854-CIDCF,Female,Yes,No,No,3,Yes,No,Fiber optic,No,No,Yes,No,No,No,Month-to-month,No,Electronic check,73.85,196.4,No,Yes,0.4544784842699181,0.5455215157300819,Create and Promote mid to long term contracts,Promote Tech Services,No action needed,Engage with senior citizens to better understand their needs and concerns.
1707,1707,8640-SDGKB,Male,No,No,No,4,Yes,No,DSL,No,No,Yes,Yes,Yes,Yes,Month-to-month,Yes,Electronic check,74.4,299.7,Yes,Yes,0.3554390447853736,0.6445609552146264,Create and Promote mid to long term contracts,Promote Tech Services,Enhance and Promote Entertainment Services,Customize communication for customers with no dependents.
1719,1719,6407-UTSLV,Female,Yes,No,No,2,Yes,No,Fiber optic,No,Yes,No,No,Yes,No,Month-to-month,Yes,Bank transfer (automatic),83.8,163.7,No,Yes,0.4992024502965033,0.5007975497034967,Create and Promote mid to long term contracts,Promote Tech Services,Enhance and Promote Entertainment Services,Engage with senior citizens to better understand their needs and concerns.
1720,1720,4116-TZAQJ,Female,No,No,No,9,Yes,No,Fiber optic,Yes,No,No,No,No,No,Month-to-month,Yes,Credit card (automatic),74.25,639.65,Yes,Yes,0.3293146242519845,0.6706853757480155,Create and Promote mid to long term contracts,Promote Tech Services,No action needed,Customize communication for customers with no dependents.
1723,1723,7398-SKNQZ,Female,No,Yes,No,3,Yes,Yes,Fiber optic,No,No,No,No,Yes,Yes,Month-to-month,No,Electronic check,94.9,273.2,No,Yes,0.3221473001575703,0.6778526998424297,Create and Promote mid to long term contracts,Promote Tech Services,Enhance and Promote Entertainment Services,Customize communication for customers with no dependents.
1724,1724,5935-FCCNB,Female,Yes,No,No,17,Yes,Yes,Fiber optic,No,No,No,No,Yes,Yes,Month-to-month,Yes,Electronic check,94.2,1608.15,No,Yes,0.3184032232928993,0.6815967767071007,Create and Promote mid to long term contracts,Promote Tech Services,Enhance and Promote Entertainment Services,Engage with senior citizens to better understand their needs and concerns.
1729,1729,3877-JRJIP,Male,No,No,No,1,Yes,Yes,DSL,No,No,No,No,Yes,No,Month-to-month,Yes,Electronic check,59.85,59.85,Yes,Yes,0.174286331552136,0.825713668447864,Create and Promote mid to long term contracts,Promote Tech Services,Enhance and Promote Entertainment Services,Customize communication for customers with no dependents.
1730,1730,8375-DKEBR,Female,Yes,No,No,1,Yes,No,Fiber optic,No,No,No,No,No,No,Month-to-month,Yes,Electronic check,69.6,69.6,Yes,Yes,0.0546972892846889,0.945302710715311,Create and Promote mid to long term contracts,Promote Tech Services,No action needed,Engage with senior citizens to better understand their needs and concerns.
1733,1733,7511-YMXVQ,Male,No,No,No,9,No,No phone service,DSL,No,No,No,No,Yes,Yes,Month-to-month,Yes,Electronic check,45.4,418.8,Yes,Yes,0.1237600439644631,0.8762399560355368,Create and Promote mid to long term contracts,Promote Tech Services,Enhance and Promote Entertainment Services,Customize communication for customers with no dependents.
1735,1735,7551-JOHTI,Female,No,No,No,1,Yes,No,No,No internet service,No internet service,No internet service,No internet service,No internet service,No internet service,Month-to-month,No,Mailed check,19.5,19.5,Yes,Yes,0.4211824012319256,0.5788175987680744,Create and Promote mid to long term contracts,No action needed,No action needed,Customize communication for customers with no dependents.
1738,1738,9804-ICWBG,Male,No,No,No,1,Yes,No,Fiber optic,No,No,No,No,No,No,Month-to-month,Yes,Electronic check,69.9,69.9,Yes,Yes,0.0883458487737127,0.9116541512262872,Create and Promote mid to long term contracts,Promote Tech Services,No action needed,Customize communication for customers with no dependents.
1741,1741,5318-IXUZF,Female,No,No,No,2,Yes,No,Fiber optic,No,Yes,No,No,Yes,No,Month-to-month,Yes,Bank transfer (automatic),87.15,183.75,Yes,Yes,0.1654304785154753,0.8345695214845247,Create and Promote mid to long term contracts,Promote Tech Services,Enhance and Promote Entertainment Services,Customize communication for customers with no dependents.
1746,1746,3198-VELRD,Female,No,Yes,Yes,3,Yes,Yes,Fiber optic,No,No,No,No,No,Yes,Month-to-month,Yes,Bank transfer (automatic),84.75,264.85,Yes,Yes,0.1205191787962562,0.8794808212037437,Create and Promote mid to long term contracts,Promote Tech Services,Enhance and Promote Entertainment Services,No action needed
1750,1750,9436-ZBZCT,Male,No,No,No,14,Yes,Yes,Fiber optic,No,No,No,Yes,Yes,No,Month-to-month,Yes,Electronic check,89.95,1178.4,Yes,Yes,0.2099391196716558,0.7900608803283442,Create and Promote mid to long term contracts,Promote Tech Services,Enhance and Promote Entertainment Services,Customize communication for customers with no dependents.
1762,1762,6519-CFDBX,Female,No,No,No,2,Yes,No,DSL,No,No,No,No,No,No,Month-to-month,Yes,Electronic check,45.4,80.95,No,Yes,0.2325477702614005,0.7674522297385995,Create and Promote mid to long term contracts,Promote Tech Services,No action needed,Customize communication for customers with no dependents.
1769,1769,7279-BUYWN,Female,Yes,No,No,41,Yes,Yes,Fiber optic,Yes,Yes,Yes,No,Yes,Yes,Month-to-month,Yes,Electronic check,113.2,4689.5,Yes,Yes,0.1899778476007844,0.8100221523992156,Create and Promote mid to long term contracts,Promote Tech Services,Enhance and Promote Entertainment Services,Engage with senior citizens to better understand their needs and concerns.
1770,1770,7156-MHUGY,Male,Yes,No,No,13,Yes,No,Fiber optic,No,No,No,No,Yes,Yes,Month-to-month,Yes,Electronic check,90.5,1201.15,Yes,Yes,0.209787881560623,0.790212118439377,Create and Promote mid to long term contracts,Promote Tech Services,Enhance and Promote Entertainment Services,Engage with senior citizens to better understand their needs and concerns.
1771,1771,7198-GLXTC,Male,No,No,No,2,Yes,No,Fiber optic,No,No,No,No,Yes,No,Month-to-month,No,Electronic check,79.0,143.65,Yes,Yes,0.1096993309766561,0.8903006690233438,Create and Promote mid to long term contracts,Promote Tech Services,Enhance and Promote Entertainment Services,Customize communication for customers with no dependents.
1782,1782,8380-PEFPE,Male,No,No,Yes,1,Yes,No,Fiber optic,No,No,No,No,No,No,Month-to-month,Yes,Electronic check,71.65,71.65,Yes,Yes,0.06984808318077,0.93015191681923,Create and Promote mid to long term contracts,Promote Tech Services,No action needed,No action needed
1783,1783,5687-DKDTV,Female,No,No,No,4,Yes,No,No,No internet service,No internet service,No internet service,No internet service,No internet service,No internet service,Month-to-month,No,Mailed check,20.35,77.5,Yes,Yes,0.4870084761648796,0.5129915238351204,Create and Promote mid to long term contracts,No action needed,No action needed,Customize communication for customers with no dependents.
1785,1785,7530-HDYDS,Female,No,No,No,38,Yes,No,Fiber optic,No,Yes,Yes,Yes,No,No,Month-to-month,Yes,Credit card (automatic),84.25,3264.5,Yes,Yes,0.3799697569267025,0.6200302430732975,Create and Promote mid to long term contracts,Promote Tech Services,No action needed,Customize communication for customers with no dependents.
1789,1789,3096-IZETN,Female,No,No,No,12,Yes,No,Fiber optic,No,No,No,No,No,Yes,Month-to-month,No,Bank transfer (automatic),78.1,947.3,Yes,Yes,0.1964814331601222,0.8035185668398778,Create and Promote mid to long term contracts,Promote Tech Services,Enhance and Promote Entertainment Services,Customize communication for customers with no dependents.
1794,1794,5922-ABDVO,Female,No,Yes,No,19,Yes,Yes,Fiber optic,No,No,Yes,No,No,Yes,Month-to-month,No,Mailed check,89.65,1761.05,Yes,Yes,0.40910123330331,0.59089876669669,Create and Promote mid to long term contracts,Promote Tech Services,Enhance and Promote Entertainment Services,Customize communication for customers with no dependents.
1798,1798,9172-ANCRX,Female,No,No,No,10,Yes,Yes,Fiber optic,Yes,No,No,No,Yes,Yes,Month-to-month,Yes,Electronic check,98.7,973.25,Yes,Yes,0.0716733102215321,0.928326689778468,Create and Promote mid to long term contracts,Promote Tech Services,Enhance and Promote Entertainment Services,Customize communication for customers with no dependents.
1806,1806,6910-HADCM,Female,No,No,No,1,Yes,No,Fiber optic,No,No,Yes,No,No,No,Month-to-month,No,Electronic check,76.35,76.35,Yes,Yes,0.0593269713007509,0.9406730286992492,Create and Promote mid to long term contracts,Promote Tech Services,No action needed,Customize communication for customers with no dependents.
1807,1807,4816-LXZYW,Female,No,No,No,23,Yes,Yes,Fiber optic,No,Yes,No,No,No,No,Month-to-month,Yes,Electronic check,79.15,1676.95,Yes,Yes,0.199448067942484,0.800551932057516,Create and Promote mid to long term contracts,Promote Tech Services,No action needed,Customize communication for customers with no dependents.
1808,1808,9606-PBKBQ,Male,Yes,Yes,No,32,Yes,Yes,Fiber optic,No,No,No,No,No,Yes,Month-to-month,Yes,Electronic check,85.0,2642.05,Yes,Yes,0.2869436173681213,0.7130563826318786,Create and Promote mid to long term contracts,Promote Tech Services,Enhance and Promote Entertainment Services,Engage with senior citizens to better understand their needs and concerns.
1820,1820,3536-IQCTX,Male,Yes,Yes,No,32,Yes,Yes,Fiber optic,No,No,No,No,No,Yes,Month-to-month,No,Electronic check,85.3,2661.1,Yes,Yes,0.2991641940300231,0.7008358059699769,Create and Promote mid to long term contracts,Promote Tech Services,Enhance and Promote Entertainment Services,Engage with senior citizens to better understand their needs and concerns.
1821,1821,4911-BANWH,Female,No,No,Yes,31,Yes,Yes,Fiber optic,No,No,No,No,Yes,No,Month-to-month,Yes,Credit card (automatic),86.55,2697.4,Yes,Yes,0.2240677204121028,0.7759322795878971,Create and Promote mid to long term contracts,Promote Tech Services,Enhance and Promote Entertainment Services,No action needed
1822,1822,8496-EJAUI,Male,No,No,No,19,Yes,No,Fiber optic,No,Yes,No,No,No,No,Month-to-month,Yes,Credit card (automatic),73.85,1424.5,Yes,Yes,0.3431898245989545,0.6568101754010455,Create and Promote mid to long term contracts,Promote Tech Services,No action needed,Customize communication for customers with no dependents.
1828,1828,3030-YDNRM,Male,No,No,No,8,Yes,Yes,Fiber optic,No,No,No,No,No,No,Month-to-month,Yes,Electronic check,74.85,572.45,No,Yes,0.4393046244132778,0.5606953755867222,Create and Promote mid to long term contracts,Promote Tech Services,No action needed,Customize communication for customers with no dependents.
1831,1831,3132-TVFDZ,Male,Yes,Yes,No,57,No,No phone service,DSL,No,No,No,No,Yes,Yes,Month-to-month,Yes,Electronic check,44.85,2572.95,Yes,Yes,0.4611030660862411,0.5388969339137589,Create and Promote mid to long term contracts,Promote Tech Services,Enhance and Promote Entertainment Services,Engage with senior citizens to better understand their needs and concerns.
1833,1833,8080-DDEMJ,Male,Yes,No,No,1,Yes,No,DSL,No,No,No,No,No,No,Month-to-month,No,Electronic check,45.1,45.1,Yes,Yes,0.3217036806682021,0.6782963193317979,Create and Promote mid to long term contracts,Promote Tech Services,No action needed,Engage with senior citizens to better understand their needs and concerns.
1834,1834,8356-WUAOJ,Female,No,Yes,No,1,Yes,No,DSL,No,No,No,No,No,No,Month-to-month,Yes,Electronic check,45.0,45.0,No,Yes,0.3699864104477302,0.6300135895522698,Create and Promote mid to long term contracts,Promote Tech Services,No action needed,Customize communication for customers with no dependents.
1835,1835,6365-MTGZX,Male,No,No,No,24,Yes,No,Fiber optic,No,No,No,Yes,Yes,Yes,Month-to-month,Yes,Electronic check,96.0,2122.45,Yes,Yes,0.3005593345000881,0.6994406654999119,Create and Promote mid to long term contracts,Promote Tech Services,Enhance and Promote Entertainment Services,Customize communication for customers with no dependents.
1848,1848,0621-TWIEM,Male,No,No,No,10,Yes,No,DSL,No,No,No,No,No,No,Month-to-month,Yes,Electronic check,45.55,402.6,Yes,Yes,0.3024864670861531,0.6975135329138469,Create and Promote mid to long term contracts,Promote Tech Services,No action needed,Customize communication for customers with no dependents.
1850,1850,2485-ITVKB,Female,No,Yes,No,2,No,No phone service,DSL,No,No,No,No,No,Yes,Month-to-month,Yes,Electronic check,35.1,68.75,Yes,Yes,0.1090645133699442,0.8909354866300557,Create and Promote mid to long term contracts,Promote Tech Services,Enhance and Promote Entertainment Services,Customize communication for customers with no dependents.
1851,1851,3669-OYSJI,Male,No,No,No,1,Yes,No,DSL,No,No,No,No,No,No,Month-to-month,No,Credit card (automatic),46.2,46.2,Yes,Yes,0.1579255679197799,0.84207443208022,Create and Promote mid to long term contracts,Promote Tech Services,No action needed,Customize communication for customers with no dependents.
1852,1852,1612-EOHDH,Female,No,No,No,1,Yes,No,DSL,No,No,No,No,No,No,Month-to-month,No,Electronic check,45.15,45.15,Yes,Yes,0.1369354733300588,0.8630645266699412,Create and Promote mid to long term contracts,Promote Tech Services,No action needed,Customize communication for customers with no dependents.
1853,1853,6702-OHFWR,Male,Yes,No,No,1,No,No phone service,DSL,No,Yes,Yes,No,No,Yes,Month-to-month,Yes,Electronic check,43.3,43.3,Yes,Yes,0.0710521674203902,0.9289478325796098,Create and Promote mid to long term contracts,Promote Tech Services,Enhance and Promote Entertainment Services,Engage with senior citizens to better understand their needs and concerns.
1855,1855,4510-PYUSH,Female,Yes,No,No,38,Yes,No,DSL,Yes,Yes,No,No,No,No,Month-to-month,Yes,Credit card (automatic),57.15,2250.65,Yes,Yes,0.4543495974078705,0.5456504025921295,Create and Promote mid to long term contracts,Promote Tech Services,No action needed,Engage with senior citizens to better understand their needs and concerns.
1857,1857,7517-SAWMO,Female,No,Yes,No,19,Yes,No,Fiber optic,Yes,No,No,No,No,No,Month-to-month,Yes,Electronic check,73.2,1441.1,Yes,Yes,0.4357763838647219,0.564223616135278,Create and Promote mid to long term contracts,Promote Tech Services,No action needed,Customize communication for customers with no dependents.
1858,1858,4143-HHPMK,Male,No,No,No,52,Yes,No,Fiber optic,No,Yes,No,No,No,Yes,Month-to-month,Yes,Electronic check,85.35,4338.6,Yes,Yes,0.4235566800404726,0.5764433199595274,Create and Promote mid to long term contracts,Promote Tech Services,Enhance and Promote Entertainment Services,Customize communication for customers with no dependents.
1860,1860,7054-LGEQW,Female,No,No,No,1,Yes,No,DSL,No,No,No,No,No,No,Month-to-month,No,Mailed check,45.95,45.95,Yes,Yes,0.1396316610175361,0.8603683389824639,Create and Promote mid to long term contracts,Promote Tech Services,No action needed,Customize communication for customers with no dependents.
1866,1866,0923-PNFUB,Female,No,No,No,3,Yes,No,Fiber optic,No,Yes,No,No,Yes,No,Month-to-month,No,Electronic check,83.75,247.25,Yes,Yes,0.2081222079610295,0.7918777920389705,Create and Promote mid to long term contracts,Promote Tech Services,Enhance and Promote Entertainment Services,Customize communication for customers with no dependents.
1869,1869,3566-HJGPK,Male,No,No,No,1,Yes,No,DSL,No,No,No,No,No,No,Month-to-month,Yes,Mailed check,45.55,45.55,No,Yes,0.3537720892974283,0.6462279107025717,Create and Promote mid to long term contracts,Promote Tech Services,No action needed,Customize communication for customers with no dependents.
1878,1878,3494-JCHRQ,Male,No,No,No,1,Yes,No,Fiber optic,No,No,No,No,No,No,Month-to-month,Yes,Electronic check,70.05,70.05,Yes,Yes,0.1540694371440165,0.8459305628559834,Create and Promote mid to long term contracts,Promote Tech Services,No action needed,Customize communication for customers with no dependents.
1879,1879,6474-FVJLC,Male,No,No,No,2,Yes,Yes,Fiber optic,No,No,No,No,No,Yes,Month-to-month,Yes,Electronic check,86.0,165.45,Yes,Yes,0.0757036966062327,0.9242963033937672,Create and Promote mid to long term contracts,Promote Tech Services,Enhance and Promote Entertainment Services,Customize communication for customers with no dependents.
1886,1886,4547-LYTDD,Female,No,No,No,16,Yes,Yes,Fiber optic,No,No,No,No,No,No,Month-to-month,No,Electronic check,72.65,1194.3,Yes,Yes,0.2001495839222469,0.7998504160777531,Create and Promote mid to long term contracts,Promote Tech Services,No action needed,Customize communication for customers with no dependents.
1889,1889,6770-XUAGN,Female,No,Yes,Yes,1,Yes,No,No,No internet service,No internet service,No internet service,No internet service,No internet service,No internet service,Month-to-month,Yes,Electronic check,21.0,21.0,Yes,Yes,0.2608025582988835,0.7391974417011165,Create and Promote mid to long term contracts,No action needed,No action needed,No action needed
1890,1890,4193-ORFCL,Female,Yes,No,No,1,Yes,No,DSL,No,No,No,No,No,No,Month-to-month,No,Mailed check,45.1,45.1,Yes,Yes,0.2869119378161935,0.7130880621838065,Create and Promote mid to long term contracts,Promote Tech Services,No action needed,Engage with senior citizens to better understand their needs and concerns.
1897,1897,6689-TCZHQ,Female,Yes,No,No,5,Yes,No,Fiber optic,No,No,No,No,No,Yes,Month-to-month,No,Electronic check,78.95,378.4,Yes,Yes,0.1769018248778484,0.8230981751221516,Create and Promote mid to long term contracts,Promote Tech Services,Enhance and Promote Entertainment Services,Engage with senior citizens to better understand their needs and concerns.
1902,1902,3318-NMQXL,Male,No,No,No,3,Yes,No,Fiber optic,No,No,No,No,Yes,Yes,Month-to-month,Yes,Electronic check,92.0,266.8,No,Yes,0.1993912623926297,0.8006087376073703,Create and Promote mid to long term contracts,Promote Tech Services,Enhance and Promote Entertainment Services,Customize communication for customers with no dependents.
1915,1915,4720-VSTSI,Female,No,No,No,44,Yes,Yes,Fiber optic,No,Yes,Yes,No,No,No,Month-to-month,Yes,Bank transfer (automatic),84.8,3862.55,Yes,Yes,0.4457302971323593,0.5542697028676407,Create and Promote mid to long term contracts,Promote Tech Services,No action needed,Customize communication for customers with no dependents.
1918,1918,3946-MHCZW,Male,No,No,No,1,Yes,No,DSL,No,No,Yes,No,No,No,Month-to-month,No,Mailed check,50.9,50.9,Yes,Yes,0.1254863755549727,0.8745136244450272,Create and Promote mid to long term contracts,Promote Tech Services,No action needed,Customize communication for customers with no dependents.
1925,1925,6651-AZVTJ,Male,No,Yes,Yes,49,Yes,Yes,Fiber optic,No,No,Yes,No,Yes,Yes,Month-to-month,Yes,Electronic check,99.8,4872.45,Yes,Yes,0.2667732285056469,0.7332267714943531,Create and Promote mid to long term contracts,Promote Tech Services,Enhance and Promote Entertainment Services,No action needed
1926,1926,4566-GOLUK,Male,No,Yes,Yes,47,Yes,Yes,Fiber optic,No,No,Yes,Yes,Yes,Yes,Month-to-month,Yes,Bank transfer (automatic),107.35,5118.95,Yes,Yes,0.3027590450163228,0.6972409549836772,Create and Promote mid to long term contracts,Promote Tech Services,Enhance and Promote Entertainment Services,No action needed
1928,1928,2018-QKYGT,Male,No,Yes,Yes,1,Yes,No,Fiber optic,No,No,No,No,No,Yes,Month-to-month,Yes,Electronic check,81.05,81.05,No,Yes,0.3946791233599793,0.6053208766400207,Create and Promote mid to long term contracts,Promote Tech Services,Enhance and Promote Entertainment Services,No action needed
1931,1931,3247-MHJKM,Male,No,No,No,1,Yes,No,No,No internet service,No internet service,No internet service,No internet service,No internet service,No internet service,Month-to-month,No,Mailed check,20.2,20.2,No,Yes,0.3984598019100919,0.6015401980899081,Create and Promote mid to long term contracts,No action needed,No action needed,Customize communication for customers with no dependents.
1933,1933,4587-NUKOX,Female,No,No,No,3,Yes,No,Fiber optic,Yes,Yes,No,No,No,No,Month-to-month,Yes,Electronic check,79.1,246.5,Yes,Yes,0.3685633519271837,0.6314366480728163,Create and Promote mid to long term contracts,Promote Tech Services,No action needed,Customize communication for customers with no dependents.
1937,1937,7243-LCGGZ,Female,No,No,No,1,Yes,No,No,No internet service,No internet service,No internet service,No internet service,No internet service,No internet service,Month-to-month,No,Mailed check,20.9,20.9,No,Yes,0.3374011218707479,0.6625988781292521,Create and Promote mid to long term contracts,No action needed,No action needed,Customize communication for customers with no dependents.
1943,1943,0420-BWTPW,Male,No,No,Yes,8,No,No phone service,DSL,No,No,No,No,No,No,Month-to-month,No,Mailed check,25.5,215.2,Yes,Yes,0.4370191269504209,0.5629808730495791,Create and Promote mid to long term contracts,Promote Tech Services,No action needed,No action needed
1947,1947,8183-ONMXC,Female,No,No,No,2,Yes,No,Fiber optic,No,No,No,No,No,Yes,Month-to-month,No,Electronic check,80.75,159.45,Yes,Yes,0.0682043227737549,0.931795677226245,Create and Promote mid to long term contracts,Promote Tech Services,Enhance and Promote Entertainment Services,Customize communication for customers with no dependents.
1949,1949,9614-RMGHA,Male,No,Yes,No,65,Yes,Yes,Fiber optic,No,Yes,No,No,Yes,No,Month-to-month,Yes,Bank transfer (automatic),91.85,5940.85,Yes,Yes,0.4528870288985495,0.5471129711014505,Create and Promote mid to long term contracts,Promote Tech Services,Enhance and Promote Entertainment Services,Customize communication for customers with no dependents.
1952,1952,5054-IEXZT,Male,No,No,Yes,1,Yes,No,Fiber optic,No,Yes,No,No,No,No,Month-to-month,Yes,Electronic check,75.35,75.35,Yes,Yes,0.140263125576262,0.8597368744237379,Create and Promote mid to long term contracts,Promote Tech Services,No action needed,No action needed
1953,1953,5834-ASPWA,Male,No,No,No,1,Yes,Yes,Fiber optic,No,No,No,No,No,No,Month-to-month,Yes,Electronic check,75.45,75.45,Yes,Yes,0.0567966143529393,0.9432033856470606,Create and Promote mid to long term contracts,Promote Tech Services,No action needed,Customize communication for customers with no dependents.
1962,1962,7967-HYCDE,Male,No,No,No,8,Yes,No,Fiber optic,No,No,No,No,No,No,Month-to-month,No,Bank transfer (automatic),70.7,553.4,No,Yes,0.4058409689110369,0.5941590310889631,Create and Promote mid to long term contracts,Promote Tech Services,No action needed,Customize communication for customers with no dependents.
1969,1969,5445-UTODQ,Female,No,Yes,No,7,Yes,No,Fiber optic,No,No,No,No,Yes,No,Month-to-month,Yes,Electronic check,81.1,576.65,Yes,Yes,0.1319573688762224,0.8680426311237776,Create and Promote mid to long term contracts,Promote Tech Services,Enhance and Promote Entertainment Services,Customize communication for customers with no dependents.
1973,1973,1024-VRZHF,Male,No,Yes,No,11,Yes,Yes,Fiber optic,No,No,No,No,No,No,Month-to-month,Yes,Electronic check,74.95,825.7,Yes,Yes,0.2027149536327916,0.7972850463672083,Create and Promote mid to long term contracts,Promote Tech Services,No action needed,Customize communication for customers with no dependents.
1975,1975,9497-QCMMS,Male,Yes,No,No,1,Yes,Yes,Fiber optic,No,No,No,No,Yes,Yes,Month-to-month,Yes,Electronic check,93.55,93.55,Yes,Yes,0.040616346165226,0.959383653834774,Create and Promote mid to long term contracts,Promote Tech Services,Enhance and Promote Entertainment Services,Engage with senior citizens to better understand their needs and concerns.
1976,1976,5692-ICXLW,Male,Yes,No,No,31,Yes,Yes,Fiber optic,No,Yes,No,No,Yes,No,Month-to-month,Yes,Electronic check,90.7,2845.15,No,Yes,0.4858706736895283,0.5141293263104717,Create and Promote mid to long term contracts,Promote Tech Services,Enhance and Promote Entertainment Services,Engage with senior citizens to better understand their needs and concerns.
1979,1979,1960-UYCNN,Male,No,No,No,10,Yes,Yes,Fiber optic,No,Yes,Yes,No,No,Yes,Month-to-month,Yes,Electronic check,95.25,1021.55,No,Yes,0.4079089383234904,0.5920910616765096,Create and Promote mid to long term contracts,Promote Tech Services,Enhance and Promote Entertainment Services,Customize communication for customers with no dependents.
1980,1980,0348-SDKOL,Female,No,Yes,No,58,Yes,Yes,Fiber optic,No,No,Yes,Yes,Yes,Yes,Month-to-month,Yes,Credit card (automatic),102.1,5885.4,Yes,Yes,0.4562901378095396,0.5437098621904604,Create and Promote mid to long term contracts,Promote Tech Services,Enhance and Promote Entertainment Services,Customize communication for customers with no dependents.
1983,1983,4373-MAVJG,Female,No,Yes,Yes,14,Yes,Yes,Fiber optic,No,Yes,No,No,No,Yes,Month-to-month,Yes,Bank transfer (automatic),90.9,1259.0,Yes,Yes,0.2720919393584822,0.7279080606415178,Create and Promote mid to long term contracts,Promote Tech Services,Enhance and Promote Entertainment Services,No action needed
1986,1986,5419-KLXBN,Female,No,Yes,Yes,25,Yes,No,Fiber optic,No,Yes,Yes,No,Yes,No,Month-to-month,Yes,Bank transfer (automatic),89.15,2257.75,Yes,Yes,0.3750349329317668,0.6249650670682332,Create and Promote mid to long term contracts,Promote Tech Services,Enhance and Promote Entertainment Services,No action needed
1989,1989,4514-GFCFI,Female,Yes,No,No,16,Yes,Yes,Fiber optic,No,No,No,No,Yes,No,Month-to-month,Yes,Electronic check,84.75,1350.15,Yes,Yes,0.2004772261619518,0.7995227738380482,Create and Promote mid to long term contracts,Promote Tech Services,Enhance and Promote Entertainment Services,Engage with senior citizens to better understand their needs and concerns.
1991,1991,3365-SAIGS,Female,No,No,No,17,Yes,No,Fiber optic,No,Yes,No,No,Yes,No,Month-to-month,Yes,Electronic check,83.55,1329.15,No,Yes,0.4545753895497775,0.5454246104502225,Create and Promote mid to long term contracts,Promote Tech Services,Enhance and Promote Entertainment Services,Customize communication for customers with no dependents.
1992,1992,9828-AOQLM,Female,No,Yes,Yes,1,Yes,No,DSL,No,No,No,No,No,No,Month-to-month,Yes,Electronic check,45.7,45.7,Yes,Yes,0.1409443381103675,0.8590556618896324,Create and Promote mid to long term contracts,Promote Tech Services,No action needed,No action needed
1994,1994,8000-REIQB,Female,Yes,No,No,1,Yes,No,Fiber optic,No,No,No,No,No,No,Month-to-month,Yes,Electronic check,69.95,69.95,Yes,Yes,0.0887892558394829,0.9112107441605172,Create and Promote mid to long term contracts,Promote Tech Services,No action needed,Engage with senior citizens to better understand their needs and concerns.
1997,1997,7615-ESMYF,Female,No,Yes,No,2,No,No phone service,DSL,No,No,No,No,Yes,Yes,Month-to-month,No,Electronic check,44.6,97.1,Yes,Yes,0.1542784280892287,0.8457215719107712,Create and Promote mid to long term contracts,Promote Tech Services,Enhance and Promote Entertainment Services,Customize communication for customers with no dependents.
1998,1998,3858-VOBET,Male,No,No,No,23,Yes,Yes,Fiber optic,No,No,No,No,No,No,Month-to-month,Yes,Electronic check,74.95,1710.45,Yes,Yes,0.2354687215444286,0.7645312784555713,Create and Promote mid to long term contracts,Promote Tech Services,No action needed,Customize communication for customers with no dependents.
2002,2002,1447-PJGGA,Female,No,No,No,57,Yes,No,Fiber optic,No,No,Yes,No,Yes,Yes,Two year,Yes,Electronic check,95.25,5464.65,Yes,Yes,0.4684857202959113,0.5315142797040887,No action needed,Promote Tech Services,Enhance and Promote Entertainment Services,Customize communication for customers with no dependents.
2003,2003,8565-CLBZW,Male,No,No,No,24,Yes,Yes,Fiber optic,No,No,Yes,No,Yes,No,Month-to-month,Yes,Mailed check,89.85,2165.05,Yes,Yes,0.4740121318005497,0.5259878681994503,Create and Promote mid to long term contracts,Promote Tech Services,Enhance and Promote Entertainment Services,Customize communication for customers with no dependents.
2004,2004,9139-WQQDY,Female,No,Yes,Yes,49,Yes,Yes,Fiber optic,No,Yes,No,No,Yes,Yes,One year,No,Mailed check,100.45,4941.8,Yes,Yes,0.4816246804390597,0.5183753195609403,Create and Promote mid to long term contracts,Promote Tech Services,Enhance and Promote Entertainment Services,No action needed
2005,2005,0224-HJAPT,Male,No,No,No,5,Yes,Yes,DSL,No,No,No,No,No,No,Month-to-month,No,Electronic check,47.15,223.15,Yes,Yes,0.1879906970205596,0.8120093029794404,Create and Promote mid to long term contracts,Promote Tech Services,No action needed,Customize communication for customers with no dependents.
2006,2006,8086-OVPWV,Male,No,No,No,2,Yes,No,Fiber optic,No,No,No,No,No,Yes,Month-to-month,Yes,Electronic check,80.2,181.1,Yes,Yes,0.1569860979159457,0.8430139020840542,Create and Promote mid to long term contracts,Promote Tech Services,Enhance and Promote Entertainment Services,Customize communication for customers with no dependents.
2007,2007,9430-FRQOC,Female,No,No,Yes,4,Yes,Yes,Fiber optic,No,No,Yes,Yes,No,No,Month-to-month,Yes,Mailed check,87.1,341.45,Yes,Yes,0.2208166380302557,0.7791833619697442,Create and Promote mid to long term contracts,Promote Tech Services,No action needed,No action needed
2009,2009,3074-GQWYX,Male,No,No,No,5,Yes,Yes,Fiber optic,No,No,No,No,No,No,Month-to-month,Yes,Bank transfer (automatic),75.9,357.75,Yes,Yes,0.0948881132228549,0.905111886777145,Create and Promote mid to long term contracts,Promote Tech Services,No action needed,Customize communication for customers with no dependents.
2011,2011,6845-RGTYS,Female,No,Yes,No,47,Yes,Yes,Fiber optic,Yes,Yes,Yes,No,Yes,No,Month-to-month,Yes,Electronic check,98.75,4533.7,Yes,Yes,0.3647977995055197,0.6352022004944803,Create and Promote mid to long term contracts,Promote Tech Services,Enhance and Promote Entertainment Services,Customize communication for customers with no dependents.
2015,2015,8861-HGGKB,Female,No,No,No,10,Yes,Yes,Fiber optic,No,No,No,No,No,Yes,Month-to-month,No,Electronic check,86.45,830.85,Yes,Yes,0.091387301178891,0.908612698821109,Create and Promote mid to long term contracts,Promote Tech Services,Enhance and Promote Entertainment Services,Customize communication for customers with no dependents.
2017,2017,7065-YUNRY,Female,No,No,No,1,Yes,No,DSL,No,No,No,No,No,No,Month-to-month,Yes,Mailed check,45.3,45.3,Yes,Yes,0.2730648218204435,0.7269351781795564,Create and Promote mid to long term contracts,Promote Tech Services,No action needed,Customize communication for customers with no dependents.
2018,2018,7694-VLBWQ,Male,No,Yes,No,67,Yes,Yes,Fiber optic,No,Yes,Yes,No,Yes,Yes,One year,No,Electronic check,104.1,7040.85,Yes,Yes,0.4565490587534081,0.5434509412465919,Create and Promote mid to long term contracts,Promote Tech Services,Enhance and Promote Entertainment Services,Customize communication for customers with no dependents.
2021,2021,5989-PGKJB,Female,No,No,No,16,Yes,No,Fiber optic,No,Yes,No,No,No,Yes,Month-to-month,Yes,Electronic check,86.25,1340.1,No,Yes,0.4368952521250265,0.5631047478749734,Create and Promote mid to long term contracts,Promote Tech Services,Enhance and Promote Entertainment Services,Customize communication for customers with no dependents.
2022,2022,4795-KTRTH,Female,Yes,Yes,No,5,Yes,Yes,Fiber optic,No,Yes,No,No,No,No,Month-to-month,Yes,Electronic check,81.0,371.65,Yes,Yes,0.1848699600525146,0.8151300399474853,Create and Promote mid to long term contracts,Promote Tech Services,No action needed,Engage with senior citizens to better understand their needs and concerns.
2031,2031,3753-TSEMP,Female,No,Yes,No,15,Yes,No,Fiber optic,No,No,No,No,Yes,Yes,Month-to-month,No,Electronic check,88.15,1390.6,Yes,Yes,0.20918858207162,0.79081141792838,Create and Promote mid to long term contracts,Promote Tech Services,Enhance and Promote Entertainment Services,Customize communication for customers with no dependents.
2032,2032,8305-VHZBZ,Male,No,No,No,1,Yes,No,No,No internet service,No internet service,No internet service,No internet service,No internet service,No internet service,Month-to-month,Yes,Mailed check,20.2,20.2,Yes,Yes,0.328958296743415,0.671041703256585,Create and Promote mid to long term contracts,No action needed,No action needed,Customize communication for customers with no dependents.
2035,2035,8775-ERLNB,Male,Yes,Yes,No,1,Yes,Yes,Fiber optic,No,No,No,No,No,No,Month-to-month,No,Electronic check,74.3,74.3,No,Yes,0.2758323634918812,0.7241676365081188,Create and Promote mid to long term contracts,Promote Tech Services,No action needed,Engage with senior citizens to better understand their needs and concerns.
2036,2036,8309-IEYJD,Female,Yes,No,No,1,Yes,No,Fiber optic,No,No,No,No,No,No,Month-to-month,Yes,Mailed check,70.6,70.6,No,Yes,0.2780378960246379,0.7219621039753621,Create and Promote mid to long term contracts,Promote Tech Services,No action needed,Engage with senior citizens to better understand their needs and concerns.
2037,2037,9172-JITSM,Female,No,Yes,Yes,26,Yes,No,Fiber optic,No,No,No,No,Yes,Yes,Month-to-month,Yes,Electronic check,90.8,2361.8,Yes,Yes,0.2639963527823566,0.7360036472176433,Create and Promote mid to long term contracts,Promote Tech Services,Enhance and Promote Entertainment Services,No action needed
2038,2038,6298-QDFNH,Male,No,No,No,22,Yes,Yes,Fiber optic,No,Yes,No,No,No,No,Month-to-month,Yes,Electronic check,79.35,1730.35,Yes,Yes,0.2566873874567359,0.7433126125432641,Create and Promote mid to long term contracts,Promote Tech Services,No action needed,Customize communication for customers with no dependents.
2047,2047,9961-JBNMK,Male,Yes,No,No,21,Yes,No,Fiber optic,No,No,Yes,No,Yes,Yes,Month-to-month,Yes,Bank transfer (automatic),96.8,2030.3,Yes,Yes,0.2235359054157675,0.7764640945842325,Create and Promote mid to long term contracts,Promote Tech Services,Enhance and Promote Entertainment Services,Engage with senior citizens to better understand their needs and concerns.
2053,2053,9734-UYXQI,Female,No,No,No,2,Yes,Yes,DSL,No,No,No,No,No,No,Month-to-month,Yes,Electronic check,49.4,106.55,Yes,Yes,0.2185885636627341,0.7814114363372658,Create and Promote mid to long term contracts,Promote Tech Services,No action needed,Customize communication for customers with no dependents.
2060,2060,4958-GZWIY,Male,No,Yes,Yes,7,Yes,No,DSL,No,No,Yes,No,No,No,Month-to-month,No,Electronic check,48.7,340.25,Yes,Yes,0.3671229989798424,0.6328770010201575,Create and Promote mid to long term contracts,Promote Tech Services,No action needed,No action needed
2064,2064,5153-RTHKF,Female,No,No,No,34,Yes,Yes,Fiber optic,No,No,No,No,Yes,No,Month-to-month,No,Electronic check,85.35,2896.6,No,Yes,0.247967024812268,0.7520329751877319,Create and Promote mid to long term contracts,Promote Tech Services,Enhance and Promote Entertainment Services,Customize communication for customers with no dependents.
2068,2068,6356-ELRKD,Female,No,No,No,1,Yes,No,Fiber optic,Yes,No,No,No,Yes,Yes,Month-to-month,Yes,Electronic check,95.6,95.6,Yes,Yes,0.0519837322358639,0.948016267764136,Create and Promote mid to long term contracts,Promote Tech Services,Enhance and Promote Entertainment Services,Customize communication for customers with no dependents.
2073,2073,6179-GJPSO,Female,Yes,No,No,43,Yes,No,Fiber optic,Yes,Yes,No,Yes,Yes,Yes,Month-to-month,Yes,Credit card (automatic),108.15,4600.7,Yes,Yes,0.2747368140229627,0.7252631859770373,Create and Promote mid to long term contracts,Promote Tech Services,Enhance and Promote Entertainment Services,Engage with senior citizens to better understand their needs and concerns.
2074,2074,7901-TBKJX,Male,Yes,No,No,56,Yes,Yes,Fiber optic,No,No,Yes,No,Yes,Yes,Month-to-month,Yes,Electronic check,101.05,5594.0,No,Yes,0.439287087309153,0.560712912690847,Create and Promote mid to long term contracts,Promote Tech Services,Enhance and Promote Entertainment Services,Engage with senior citizens to better understand their needs and concerns.
2076,2076,3177-LASXD,Female,No,No,No,1,Yes,No,Fiber optic,No,No,No,No,No,No,Month-to-month,No,Electronic check,71.35,71.35,Yes,Yes,0.0557256062603608,0.9442743937396392,Create and Promote mid to long term contracts,Promote Tech Services,No action needed,Customize communication for customers with no dependents.
2082,2082,4897-QSUYC,Female,No,No,No,1,Yes,No,No,No internet service,No internet service,No internet service,No internet service,No internet service,No internet service,Month-to-month,Yes,Mailed check,20.15,20.15,Yes,Yes,0.2841668644947928,0.7158331355052072,Create and Promote mid to long term contracts,No action needed,No action needed,Customize communication for customers with no dependents.
2083,2083,1084-UQCHV,Male,No,No,Yes,1,Yes,No,Fiber optic,No,No,No,No,No,No,Month-to-month,No,Bank transfer (automatic),69.75,69.75,Yes,Yes,0.0649985855829184,0.9350014144170816,Create and Promote mid to long term contracts,Promote Tech Services,No action needed,No action needed
2084,2084,8290-YWKHZ,Female,Yes,Yes,No,32,Yes,Yes,Fiber optic,No,No,No,No,Yes,Yes,Month-to-month,Yes,Electronic check,93.2,2931.0,Yes,Yes,0.2577526393807335,0.7422473606192664,Create and Promote mid to long term contracts,Promote Tech Services,Enhance and Promote Entertainment Services,Engage with senior citizens to better understand their needs and concerns.
2085,2085,2955-BJZHG,Male,No,Yes,Yes,17,Yes,No,Fiber optic,No,No,No,No,Yes,No,Month-to-month,No,Electronic check,80.85,1400.85,Yes,Yes,0.3159983718120936,0.6840016281879063,Create and Promote mid to long term contracts,Promote Tech Services,Enhance and Promote Entertainment Services,No action needed
2086,2086,3806-DXQOM,Female,No,No,No,4,No,No phone service,DSL,Yes,Yes,No,No,No,No,Month-to-month,Yes,Electronic check,33.65,137.85,Yes,Yes,0.2386146000454834,0.7613853999545166,Create and Promote mid to long term contracts,Promote Tech Services,No action needed,Customize communication for customers with no dependents.
2094,2094,9300-RENDD,Male,No,No,No,1,Yes,No,Fiber optic,No,No,No,No,Yes,No,Month-to-month,Yes,Electronic check,79.95,79.95,Yes,Yes,0.0713489030608002,0.9286510969391998,Create and Promote mid to long term contracts,Promote Tech Services,Enhance and Promote Entertainment Services,Customize communication for customers with no dependents.
2095,2095,0761-AETCS,Female,No,No,No,1,Yes,No,No,No internet service,No internet service,No internet service,No internet service,No internet service,No internet service,Month-to-month,No,Electronic check,19.3,19.3,Yes,Yes,0.3098210049516774,0.6901789950483226,Create and Promote mid to long term contracts,No action needed,No action needed,Customize communication for customers with no dependents.
2096,2096,8087-LGYHQ,Male,No,No,No,9,Yes,No,Fiber optic,No,No,Yes,No,Yes,Yes,Month-to-month,Yes,Electronic check,94.05,811.65,No,Yes,0.2907537692882203,0.7092462307117797,Create and Promote mid to long term contracts,Promote Tech Services,Enhance and Promote Entertainment Services,Customize communication for customers with no dependents.
2102,2102,7206-PQBBZ,Male,Yes,Yes,No,11,Yes,No,Fiber optic,No,No,No,No,No,No,Month-to-month,Yes,Electronic check,70.2,834.7,No,Yes,0.4628920788871203,0.5371079211128796,Create and Promote mid to long term contracts,Promote Tech Services,No action needed,Engage with senior citizens to better understand their needs and concerns.
2103,2103,3106-ULWFW,Female,No,Yes,No,8,Yes,Yes,Fiber optic,No,No,No,No,No,Yes,Month-to-month,Yes,Credit card (automatic),85.2,627.4,Yes,Yes,0.1095524562694088,0.8904475437305912,Create and Promote mid to long term contracts,Promote Tech Services,Enhance and Promote Entertainment Services,Customize communication for customers with no dependents.
2104,2104,0925-VYDLG,Female,No,No,No,3,Yes,Yes,Fiber optic,No,No,No,No,No,No,Month-to-month,No,Electronic check,75.25,242.0,Yes,Yes,0.1334582389021854,0.8665417610978146,Create and Promote mid to long term contracts,Promote Tech Services,No action needed,Customize communication for customers with no dependents.
2115,2115,4349-GFQHK,Male,No,No,No,1,Yes,Yes,DSL,No,No,Yes,No,No,No,Month-to-month,No,Electronic check,54.35,54.35,Yes,Yes,0.2227591143131264,0.7772408856868736,Create and Promote mid to long term contracts,Promote Tech Services,No action needed,Customize communication for customers with no dependents.
2122,2122,8819-IMISP,Male,No,No,No,31,Yes,Yes,Fiber optic,No,Yes,No,No,No,No,Month-to-month,Yes,Electronic check,80.45,2429.1,No,Yes,0.4297226260207566,0.5702773739792434,Create and Promote mid to long term contracts,Promote Tech Services,No action needed,Customize communication for customers with no dependents.
2123,2123,7802-EFKNY,Male,No,Yes,No,5,No,No phone service,DSL,No,No,No,No,No,No,Month-to-month,Yes,Electronic check,24.95,100.4,Yes,Yes,0.3177261364433312,0.6822738635566687,Create and Promote mid to long term contracts,Promote Tech Services,No action needed,Customize communication for customers with no dependents.
2125,2125,5858-EAFCZ,Male,No,No,No,1,Yes,No,DSL,No,No,No,No,No,No,Month-to-month,No,Mailed check,44.45,44.45,No,Yes,0.4290773432438939,0.5709226567561061,Create and Promote mid to long term contracts,Promote Tech Services,No action needed,Customize communication for customers with no dependents.
2128,2128,9787-XVQIU,Male,No,No,No,1,Yes,Yes,Fiber optic,No,No,No,No,No,No,Month-to-month,Yes,Electronic check,75.3,75.3,Yes,Yes,0.0610468975823084,0.9389531024176916,Create and Promote mid to long term contracts,Promote Tech Services,No action needed,Customize communication for customers with no dependents.
2132,2132,8051-HJRLT,Female,Yes,No,No,1,Yes,No,Fiber optic,No,No,No,No,No,No,Month-to-month,Yes,Electronic check,70.55,70.55,Yes,Yes,0.0983052457312571,0.9016947542687428,Create and Promote mid to long term contracts,Promote Tech Services,No action needed,Engage with senior citizens to better understand their needs and concerns.
2133,2133,8974-OVACP,Female,No,No,No,1,Yes,No,No,No internet service,No internet service,No internet service,No internet service,No internet service,No internet service,Month-to-month,No,Mailed check,20.15,20.15,No,Yes,0.3397550928872049,0.660244907112795,Create and Promote mid to long term contracts,No action needed,No action needed,Customize communication for customers with no dependents.
2135,2135,1379-FRVEB,Male,No,No,Yes,15,Yes,Yes,Fiber optic,No,Yes,No,No,Yes,No,Month-to-month,Yes,Electronic check,91.0,1430.05,No,Yes,0.4937873253632802,0.5062126746367198,Create and Promote mid to long term contracts,Promote Tech Services,Enhance and Promote Entertainment Services,No action needed
2139,2139,3023-GFLBR,Female,No,Yes,Yes,33,Yes,Yes,Fiber optic,No,No,No,No,No,Yes,Month-to-month,No,Credit card (automatic),86.15,2745.7,Yes,Yes,0.2525056304836328,0.7474943695163672,Create and Promote mid to long term contracts,Promote Tech Services,Enhance and Promote Entertainment Services,No action needed
2149,2149,5628-FCGYG,Male,No,No,No,21,Yes,Yes,Fiber optic,No,No,No,No,No,Yes,Month-to-month,Yes,Electronic check,84.1,1737.45,No,Yes,0.3106026862534791,0.6893973137465209,Create and Promote mid to long term contracts,Promote Tech Services,Enhance and Promote Entertainment Services,Customize communication for customers with no dependents.
2151,2151,0248-IPDFW,Female,No,No,No,1,Yes,Yes,DSL,No,No,No,No,No,No,Month-to-month,Yes,Electronic check,50.1,50.1,No,Yes,0.3295421433753224,0.6704578566246776,Create and Promote mid to long term contracts,Promote Tech Services,No action needed,Customize communication for customers with no dependents.
2154,2154,0524-IAVZO,Female,No,Yes,No,30,Yes,Yes,Fiber optic,No,No,No,No,No,Yes,Month-to-month,Yes,Electronic check,85.0,2624.25,Yes,Yes,0.229015893307396,0.770984106692604,Create and Promote mid to long term contracts,Promote Tech Services,Enhance and Promote Entertainment Services,Customize communication for customers with no dependents.
2155,2155,2737-YNGYW,Female,No,No,No,2,Yes,No,Fiber optic,No,No,No,No,No,Yes,Month-to-month,No,Electronic check,80.55,184.1,Yes,Yes,0.0807820959979359,0.919217904002064,Create and Promote mid to long term contracts,Promote Tech Services,Enhance and Promote Entertainment Services,Customize communication for customers with no dependents.
2160,2160,5159-YFPKQ,Female,No,No,No,2,Yes,No,Fiber optic,No,No,Yes,No,No,No,Month-to-month,Yes,Electronic check,75.8,160.75,Yes,Yes,0.1069777987622694,0.8930222012377306,Create and Promote mid to long term contracts,Promote Tech Services,No action needed,Customize communication for customers with no dependents.
2162,2162,4021-RQSNY,Male,Yes,Yes,No,29,Yes,Yes,Fiber optic,No,No,Yes,No,Yes,Yes,Month-to-month,Yes,Electronic check,98.5,3004.15,Yes,Yes,0.1900883159823256,0.8099116840176743,Create and Promote mid to long term contracts,Promote Tech Services,Enhance and Promote Entertainment Services,Engage with senior citizens to better understand their needs and concerns.
2166,2166,9061-TIHDA,Male,Yes,Yes,No,13,Yes,Yes,Fiber optic,No,No,No,No,Yes,Yes,Month-to-month,Yes,Electronic check,95.25,1233.65,Yes,Yes,0.2027348758886222,0.7972651241113777,Create and Promote mid to long term contracts,Promote Tech Services,Enhance and Promote Entertainment Services,Engage with senior citizens to better understand their needs and concerns.
2167,2167,8699-ASUFO,Male,Yes,Yes,No,7,Yes,Yes,Fiber optic,No,No,No,No,No,No,Month-to-month,Yes,Mailed check,74.4,527.9,Yes,Yes,0.2154116406483983,0.7845883593516016,Create and Promote mid to long term contracts,Promote Tech Services,No action needed,Engage with senior citizens to better understand their needs and concerns.
2170,2170,3995-WFCSM,Female,No,No,No,2,Yes,No,DSL,No,No,Yes,No,No,Yes,Month-to-month,No,Electronic check,60.85,111.4,No,Yes,0.4826915487882376,0.5173084512117624,Create and Promote mid to long term contracts,Promote Tech Services,Enhance and Promote Entertainment Services,Customize communication for customers with no dependents.
2172,2172,2038-OEQZH,Male,No,No,No,4,Yes,No,Fiber optic,No,No,Yes,No,No,Yes,Month-to-month,No,Electronic check,86.05,308.1,No,Yes,0.3943534426537297,0.6056465573462703,Create and Promote mid to long term contracts,Promote Tech Services,Enhance and Promote Entertainment Services,Customize communication for customers with no dependents.
2174,2174,7927-AUXBZ,Female,No,No,No,30,Yes,No,Fiber optic,No,No,No,Yes,Yes,No,Month-to-month,No,Electronic check,85.15,2555.9,Yes,Yes,0.173295507005794,0.826704492994206,Create and Promote mid to long term contracts,Promote Tech Services,Enhance and Promote Entertainment Services,Customize communication for customers with no dependents.
2183,2183,4695-WJZUE,Female,Yes,No,No,2,Yes,Yes,Fiber optic,No,No,Yes,No,No,Yes,Month-to-month,Yes,Electronic check,88.55,179.25,Yes,Yes,0.0922154819176843,0.9077845180823156,Create and Promote mid to long term contracts,Promote Tech Services,Enhance and Promote Entertainment Services,Engage with senior citizens to better understand their needs and concerns.
2190,2190,3988-RQIXO,Female,Yes,No,No,1,Yes,No,Fiber optic,No,No,No,No,Yes,Yes,Month-to-month,Yes,Electronic check,91.3,91.3,Yes,Yes,0.0475947583293869,0.952405241670613,Create and Promote mid to long term contracts,Promote Tech Services,Enhance and Promote Entertainment Services,Engage with senior citizens to better understand their needs and concerns.
2193,2193,2514-GINMM,Male,No,No,No,1,Yes,No,Fiber optic,No,No,No,No,Yes,No,Month-to-month,Yes,Electronic check,79.5,79.5,Yes,Yes,0.0509420774876113,0.9490579225123886,Create and Promote mid to long term contracts,Promote Tech Services,Enhance and Promote Entertainment Services,Customize communication for customers with no dependents.
2201,2201,5931-FLJJF,Male,Yes,Yes,No,7,Yes,No,Fiber optic,No,No,No,No,No,No,Month-to-month,Yes,Mailed check,70.1,467.55,Yes,Yes,0.3181900094126686,0.6818099905873314,Create and Promote mid to long term contracts,Promote Tech Services,No action needed,Engage with senior citizens to better understand their needs and concerns.
2206,2206,4285-GYRQC,Female,No,Yes,No,7,Yes,No,Fiber optic,No,No,Yes,No,Yes,No,Month-to-month,Yes,Electronic check,86.25,587.1,Yes,Yes,0.1384569510604529,0.861543048939547,Create and Promote mid to long term contracts,Promote Tech Services,Enhance and Promote Entertainment Services,Customize communication for customers with no dependents.
2207,2207,7216-EWTRS,Female,Yes,Yes,No,1,Yes,Yes,Fiber optic,No,No,Yes,No,Yes,Yes,Month-to-month,Yes,Electronic check,100.8,100.8,Yes,Yes,0.0463995096417158,0.9536004903582842,Create and Promote mid to long term contracts,Promote Tech Services,Enhance and Promote Entertainment Services,Engage with senior citizens to better understand their needs and concerns.
2213,2213,8337-MSSXB,Female,No,No,No,14,Yes,No,Fiber optic,No,Yes,No,No,No,Yes,Month-to-month,Yes,Electronic check,86.3,1180.95,Yes,Yes,0.256594222081945,0.743405777918055,Create and Promote mid to long term contracts,Promote Tech Services,Enhance and Promote Entertainment Services,Customize communication for customers with no dependents.
2222,2222,8182-BJDSI,Female,No,No,No,28,Yes,Yes,Fiber optic,No,Yes,No,No,No,Yes,Month-to-month,Yes,Electronic check,89.95,2625.55,Yes,Yes,0.2158017935787255,0.7841982064212745,Create and Promote mid to long term contracts,Promote Tech Services,Enhance and Promote Entertainment Services,Customize communication for customers with no dependents.
2223,2223,2528-HFYZX,Male,Yes,Yes,No,17,Yes,No,Fiber optic,No,Yes,No,No,No,No,Month-to-month,Yes,Electronic check,76.45,1233.4,Yes,Yes,0.2637678562585044,0.7362321437414956,Create and Promote mid to long term contracts,Promote Tech Services,No action needed,Engage with senior citizens to better understand their needs and concerns.
2228,2228,3496-LFSZU,Male,No,Yes,No,4,Yes,No,Fiber optic,No,No,No,No,No,No,Month-to-month,No,Electronic check,70.5,294.2,No,Yes,0.4823526224258631,0.5176473775741369,Create and Promote mid to long term contracts,Promote Tech Services,No action needed,Customize communication for customers with no dependents.
2230,2230,2482-CZGBB,Male,No,No,No,10,Yes,No,Fiber optic,No,No,No,No,No,No,Month-to-month,Yes,Electronic check,70.0,740.0,Yes,Yes,0.2673924239849385,0.7326075760150614,Create and Promote mid to long term contracts,Promote Tech Services,No action needed,Customize communication for customers with no dependents.
2237,2237,1393-IMKZG,Female,No,No,No,1,Yes,No,Fiber optic,No,No,No,Yes,Yes,Yes,Month-to-month,Yes,Electronic check,95.85,95.85,No,Yes,0.427521457040797,0.572478542959203,Create and Promote mid to long term contracts,Promote Tech Services,Enhance and Promote Entertainment Services,Customize communication for customers with no dependents.
2245,2245,7181-BQYBV,Female,No,Yes,Yes,1,Yes,Yes,Fiber optic,Yes,No,Yes,No,Yes,Yes,Month-to-month,Yes,Electronic check,102.45,102.45,Yes,Yes,0.0881742666125614,0.9118257333874386,Create and Promote mid to long term contracts,Promote Tech Services,Enhance and Promote Entertainment Services,No action needed
2259,2259,6204-IEUXJ,Female,No,No,No,3,Yes,No,Fiber optic,No,No,Yes,Yes,No,No,Month-to-month,No,Credit card (automatic),80.1,217.55,Yes,Yes,0.227796309823255,0.772203690176745,Create and Promote mid to long term contracts,Promote Tech Services,No action needed,Customize communication for customers with no dependents.
2261,2261,4529-CKBCL,Female,No,No,No,2,Yes,No,Fiber optic,No,No,No,No,Yes,No,Month-to-month,Yes,Electronic check,80.2,146.05,Yes,Yes,0.092777459628017,0.9072225403719828,Create and Promote mid to long term contracts,Promote Tech Services,Enhance and Promote Entertainment Services,Customize communication for customers with no dependents.
2262,2262,2506-CLAKW,Female,No,No,No,6,Yes,No,Fiber optic,Yes,Yes,Yes,Yes,No,Yes,Month-to-month,Yes,Bank transfer (automatic),98.15,567.45,Yes,Yes,0.2088831515879935,0.7911168484120065,Create and Promote mid to long term contracts,No action needed,Enhance and Promote Entertainment Services,Customize communication for customers with no dependents.
2264,2264,1583-IHQZE,Male,No,No,No,12,Yes,Yes,Fiber optic,No,Yes,Yes,Yes,Yes,Yes,Month-to-month,Yes,Mailed check,112.95,1384.75,Yes,Yes,0.239877513738577,0.760122486261423,Create and Promote mid to long term contracts,Promote Tech Services,Enhance and Promote Entertainment Services,Customize communication for customers with no dependents.
2268,2268,0151-ONTOV,Female,No,No,No,1,Yes,No,Fiber optic,No,No,No,No,No,No,Month-to-month,No,Mailed check,70.9,70.9,Yes,Yes,0.0821290223745165,0.9178709776254834,Create and Promote mid to long term contracts,Promote Tech Services,No action needed,Customize communication for customers with no dependents.
2269,2269,4140-MUHUG,Female,Yes,No,No,3,Yes,No,Fiber optic,No,No,Yes,No,Yes,No,Month-to-month,Yes,Electronic check,86.85,220.95,Yes,Yes,0.1658948281234391,0.8341051718765609,Create and Promote mid to long term contracts,Promote Tech Services,Enhance and Promote Entertainment Services,Engage with senior citizens to better understand their needs and concerns.
2270,2270,0093-EXYQL,Female,Yes,No,No,40,Yes,No,Fiber optic,No,No,No,No,Yes,Yes,Month-to-month,Yes,Electronic check,91.55,3673.6,No,Yes,0.4905773134295377,0.5094226865704623,Create and Promote mid to long term contracts,Promote Tech Services,Enhance and Promote Entertainment Services,Engage with senior citizens to better understand their needs and concerns.
2271,2271,8064-RAVOH,Male,No,No,Yes,1,Yes,No,DSL,No,No,Yes,No,No,No,Month-to-month,Yes,Electronic check,49.85,49.85,No,Yes,0.4422845904745625,0.5577154095254375,Create and Promote mid to long term contracts,Promote Tech Services,No action needed,No action needed
2273,2273,0320-JDNQG,Male,No,Yes,Yes,23,Yes,No,Fiber optic,Yes,No,No,Yes,Yes,Yes,Month-to-month,Yes,Electronic check,99.85,2331.3,Yes,Yes,0.3813557720053718,0.6186442279946281,Create and Promote mid to long term contracts,Promote Tech Services,Enhance and Promote Entertainment Services,No action needed
2274,2274,7180-PISOG,Male,No,Yes,Yes,1,Yes,Yes,Fiber optic,No,No,No,No,No,No,Month-to-month,Yes,Electronic check,74.5,74.5,Yes,Yes,0.0820405158994668,0.9179594841005332,Create and Promote mid to long term contracts,Promote Tech Services,No action needed,No action needed
2276,2276,3571-RFHAR,Male,No,No,No,65,Yes,Yes,Fiber optic,No,Yes,Yes,Yes,Yes,Yes,Month-to-month,Yes,Electronic check,109.15,6941.2,Yes,Yes,0.4351392937774141,0.5648607062225859,Create and Promote mid to long term contracts,Promote Tech Services,Enhance and Promote Entertainment Services,Customize communication for customers with no dependents.
2279,2279,2754-SDJRD,Female,Yes,No,No,8,Yes,Yes,Fiber optic,No,No,No,Yes,Yes,Yes,Month-to-month,Yes,Credit card (automatic),100.15,908.55,No,Yes,0.4825296475087317,0.5174703524912683,Create and Promote mid to long term contracts,Promote Tech Services,Enhance and Promote Entertainment Services,Engage with senior citizens to better understand their needs and concerns.
2280,2280,9578-VRMNM,Female,No,No,No,16,Yes,Yes,DSL,No,No,Yes,No,No,Yes,Month-to-month,Yes,Credit card (automatic),65.2,1043.35,Yes,Yes,0.3824998727280595,0.6175001272719405,Create and Promote mid to long term contracts,Promote Tech Services,Enhance and Promote Entertainment Services,Customize communication for customers with no dependents.
2281,2281,1587-FKLZB,Male,Yes,Yes,Yes,66,Yes,Yes,Fiber optic,No,No,Yes,No,Yes,Yes,Month-to-month,Yes,Credit card (automatic),99.5,6822.15,Yes,Yes,0.3469430524213667,0.6530569475786333,Create and Promote mid to long term contracts,Promote Tech Services,Enhance and Promote Entertainment Services,Engage with senior citizens to better understand their needs and concerns.
2282,2282,6140-QNRQQ,Male,No,No,No,1,Yes,No,Fiber optic,No,No,No,No,No,No,Month-to-month,Yes,Mailed check,71.55,71.55,Yes,Yes,0.1463635593656495,0.8536364406343505,Create and Promote mid to long term contracts,Promote Tech Services,No action needed,Customize communication for customers with no dependents.
2284,2284,4307-KTUMW,Male,No,Yes,No,53,Yes,Yes,Fiber optic,Yes,No,Yes,No,No,Yes,Month-to-month,No,Electronic check,93.9,5029.2,Yes,Yes,0.4493362941175528,0.5506637058824472,Create and Promote mid to long term contracts,Promote Tech Services,Enhance and Promote Entertainment Services,Customize communication for customers with no dependents.
2289,2289,7470-MCQTK,Female,No,Yes,No,13,No,No phone service,DSL,No,No,Yes,No,Yes,Yes,Month-to-month,Yes,Bank transfer (automatic),48.75,633.4,Yes,Yes,0.2942900934842398,0.7057099065157602,Create and Promote mid to long term contracts,Promote Tech Services,Enhance and Promote Entertainment Services,Customize communication for customers with no dependents.
2290,2290,7488-MXJIV,Female,No,No,No,4,Yes,Yes,Fiber optic,No,No,No,No,Yes,No,Month-to-month,Yes,Electronic check,85.65,321.65,Yes,Yes,0.0813613009319471,0.9186386990680528,Create and Promote mid to long term contracts,Promote Tech Services,Enhance and Promote Entertainment Services,Customize communication for customers with no dependents.
2293,2293,2027-FECZV,Male,No,No,No,12,Yes,Yes,Fiber optic,No,Yes,Yes,No,Yes,Yes,Month-to-month,Yes,Electronic check,106.7,1253.9,Yes,Yes,0.1633484480619232,0.8366515519380767,Create and Promote mid to long term contracts,Promote Tech Services,Enhance and Promote Entertainment Services,Customize communication for customers with no dependents.
2294,2294,2672-DZUOY,Male,No,No,No,1,No,No phone service,DSL,No,No,No,No,No,No,Month-to-month,Yes,Electronic check,25.15,25.15,Yes,Yes,0.1230180482227925,0.8769819517772075,Create and Promote mid to long term contracts,Promote Tech Services,No action needed,Customize communication for customers with no dependents.
2295,2295,4706-DGAHW,Male,Yes,No,No,1,Yes,No,DSL,No,No,No,No,No,No,Month-to-month,No,Electronic check,45.2,45.2,No,Yes,0.3519276956596208,0.6480723043403792,Create and Promote mid to long term contracts,Promote Tech Services,No action needed,Engage with senior citizens to better understand their needs and concerns.
2296,2296,3870-MQAMG,Female,No,Yes,No,54,Yes,Yes,Fiber optic,No,Yes,Yes,Yes,Yes,Yes,One year,No,Electronic check,110.35,5893.15,Yes,Yes,0.4988263659492924,0.5011736340507076,Create and Promote mid to long term contracts,Promote Tech Services,Enhance and Promote Entertainment Services,Customize communication for customers with no dependents.
2299,2299,4800-CZMPC,Female,No,Yes,Yes,48,Yes,Yes,Fiber optic,Yes,Yes,No,No,Yes,Yes,One year,Yes,Credit card (automatic),103.25,5037.55,Yes,Yes,0.4986808227281103,0.5013191772718897,Create and Promote mid to long term contracts,Promote Tech Services,Enhance and Promote Entertainment Services,No action needed
2300,2300,4813-HQMGZ,Female,No,Yes,No,8,Yes,Yes,Fiber optic,No,No,No,Yes,No,Yes,Month-to-month,Yes,Electronic check,90.25,743.75,No,Yes,0.4802196866414103,0.5197803133585897,Create and Promote mid to long term contracts,Promote Tech Services,Enhance and Promote Entertainment Services,Customize communication for customers with no dependents.
2302,2302,7377-DMMRI,Male,No,No,No,2,Yes,No,DSL,Yes,No,No,No,No,No,Month-to-month,Yes,Electronic check,47.8,92.45,Yes,Yes,0.2169136117962827,0.7830863882037172,Create and Promote mid to long term contracts,Promote Tech Services,No action needed,Customize communication for customers with no dependents.
2305,2305,7245-NIIWQ,Female,No,No,No,3,Yes,No,Fiber optic,No,No,No,No,No,No,Month-to-month,Yes,Electronic check,69.85,199.85,No,Yes,0.2293788678091726,0.7706211321908274,Create and Promote mid to long term contracts,Promote Tech Services,No action needed,Customize communication for customers with no dependents.
2322,2322,8949-JTMAY,Female,No,No,No,29,Yes,Yes,Fiber optic,No,No,Yes,No,Yes,Yes,Month-to-month,Yes,Credit card (automatic),98.6,2933.2,Yes,Yes,0.1346955673779359,0.865304432622064,Create and Promote mid to long term contracts,Promote Tech Services,Enhance and Promote Entertainment Services,Customize communication for customers with no dependents.
2323,2323,2774-LVQUS,Female,Yes,Yes,No,15,Yes,Yes,Fiber optic,No,No,Yes,Yes,No,No,Month-to-month,Yes,Electronic check,83.05,1258.3,Yes,Yes,0.3606025976867363,0.6393974023132637,Create and Promote mid to long term contracts,Promote Tech Services,No action needed,Engage with senior citizens to better understand their needs and concerns.
2333,2333,9121-PHQSR,Male,Yes,Yes,No,16,Yes,Yes,Fiber optic,No,No,No,No,Yes,No,Month-to-month,Yes,Credit card (automatic),85.05,1391.15,No,Yes,0.4327504699684735,0.5672495300315264,Create and Promote mid to long term contracts,Promote Tech Services,Enhance and Promote Entertainment Services,Engage with senior citizens to better understand their needs and concerns.
2335,2335,3211-ILJTT,Male,No,Yes,No,17,Yes,No,Fiber optic,No,No,No,No,No,No,Month-to-month,Yes,Bank transfer (automatic),70.4,1214.05,Yes,Yes,0.3765262803793427,0.6234737196206572,Create and Promote mid to long term contracts,Promote Tech Services,No action needed,Customize communication for customers with no dependents.
2336,2336,4612-THJBS,Female,Yes,No,No,56,Yes,Yes,Fiber optic,No,Yes,Yes,No,Yes,Yes,One year,Yes,Bank transfer (automatic),104.75,5510.65,Yes,Yes,0.4685692640717088,0.5314307359282912,Create and Promote mid to long term contracts,Promote Tech Services,Enhance and Promote Entertainment Services,Engage with senior citizens to better understand their needs and concerns.
2338,2338,4094-NSEDU,Female,Yes,No,No,21,Yes,Yes,Fiber optic,No,No,No,No,Yes,Yes,Month-to-month,Yes,Electronic check,94.25,1973.75,Yes,Yes,0.2445903590330933,0.7554096409669067,Create and Promote mid to long term contracts,Promote Tech Services,Enhance and Promote Entertainment Services,Engage with senior citizens to better understand their needs and concerns.
2349,2349,8739-XNIKG,Female,No,No,No,5,Yes,Yes,Fiber optic,No,No,No,No,Yes,No,Month-to-month,Yes,Electronic check,84.0,424.75,No,Yes,0.2320269075574166,0.7679730924425834,Create and Promote mid to long term contracts,Promote Tech Services,Enhance and Promote Entertainment Services,Customize communication for customers with no dependents.
2352,2352,2789-HQBOU,Male,No,No,No,3,Yes,No,Fiber optic,No,No,No,No,No,Yes,Month-to-month,Yes,Electronic check,80.35,253.8,No,Yes,0.2733009761197981,0.7266990238802019,Create and Promote mid to long term contracts,Promote Tech Services,Enhance and Promote Entertainment Services,Customize communication for customers with no dependents.
2360,2360,5103-MHMHY,Female,No,No,Yes,1,Yes,No,DSL,No,No,No,No,No,No,Month-to-month,No,Mailed check,45.95,45.95,Yes,Yes,0.1490659187788784,0.8509340812211216,Create and Promote mid to long term contracts,Promote Tech Services,No action needed,No action needed
2362,2362,4373-VVHQL,Male,No,No,No,1,Yes,No,DSL,No,No,No,No,No,No,Month-to-month,Yes,Electronic check,44.75,44.75,No,Yes,0.3488841494599198,0.6511158505400801,Create and Promote mid to long term contracts,Promote Tech Services,No action needed,Customize communication for customers with no dependents.
2365,2365,1846-XWOQN,Female,Yes,No,No,1,Yes,No,Fiber optic,No,No,No,No,No,No,Month-to-month,Yes,Electronic check,70.15,70.15,Yes,Yes,0.1054348176295634,0.8945651823704366,Create and Promote mid to long term contracts,Promote Tech Services,No action needed,Engage with senior citizens to better understand their needs and concerns.
2366,2366,0235-KGSLC,Female,No,No,No,1,Yes,No,Fiber optic,No,No,Yes,No,Yes,No,Month-to-month,Yes,Credit card (automatic),85.55,85.55,Yes,Yes,0.0572665211099771,0.9427334788900228,Create and Promote mid to long term contracts,Promote Tech Services,Enhance and Promote Entertainment Services,Customize communication for customers with no dependents.
2377,2377,2884-GBPFB,Female,No,Yes,No,35,Yes,No,Fiber optic,No,No,No,No,No,No,Month-to-month,Yes,Electronic check,70.3,2416.55,Yes,Yes,0.2691753647541406,0.7308246352458594,Create and Promote mid to long term contracts,Promote Tech Services,No action needed,Customize communication for customers with no dependents.
2378,2378,3757-NJYBX,Male,Yes,Yes,No,32,Yes,Yes,Fiber optic,No,Yes,Yes,No,Yes,Yes,Month-to-month,No,Bank transfer (automatic),106.35,3520.75,Yes,Yes,0.3378315043162055,0.6621684956837944,Create and Promote mid to long term contracts,Promote Tech Services,Enhance and Promote Entertainment Services,Engage with senior citizens to better understand their needs and concerns.
2386,2386,6734-GMPVK,Male,No,No,No,5,Yes,Yes,Fiber optic,No,Yes,Yes,No,Yes,Yes,Month-to-month,No,Electronic check,105.3,550.6,No,Yes,0.4634055132171658,0.5365944867828342,Create and Promote mid to long term contracts,Promote Tech Services,Enhance and Promote Entertainment Services,Customize communication for customers with no dependents.
2387,2387,9822-OAOVB,Female,No,No,No,1,Yes,No,DSL,No,No,No,No,No,Yes,Month-to-month,Yes,Electronic check,55.45,55.45,No,Yes,0.2261633760532921,0.7738366239467078,Create and Promote mid to long term contracts,Promote Tech Services,Enhance and Promote Entertainment Services,Customize communication for customers with no dependents.
2392,2392,5136-KCKGI,Female,No,Yes,Yes,33,Yes,Yes,Fiber optic,Yes,No,Yes,No,Yes,Yes,One year,Yes,Mailed check,103.7,3467.0,Yes,Yes,0.3932859894305716,0.6067140105694284,Create and Promote mid to long term contracts,Promote Tech Services,Enhance and Promote Entertainment Services,No action needed
2396,2396,3722-WPXTK,Male,No,No,No,1,Yes,No,Fiber optic,No,No,No,No,Yes,Yes,Month-to-month,Yes,Electronic check,88.35,88.35,Yes,Yes,0.0732838546967199,0.92671614530328,Create and Promote mid to long term contracts,Promote Tech Services,Enhance and Promote Entertainment Services,Customize communication for customers with no dependents.
2398,2398,7176-WIONM,Female,No,Yes,No,12,No,No phone service,DSL,No,No,Yes,No,Yes,Yes,Month-to-month,Yes,Bank transfer (automatic),49.85,617.15,No,Yes,0.4781939068166583,0.5218060931833417,Create and Promote mid to long term contracts,Promote Tech Services,Enhance and Promote Entertainment Services,Customize communication for customers with no dependents.
2404,2404,2929-ERCFZ,Female,No,Yes,Yes,8,Yes,No,Fiber optic,No,No,Yes,No,Yes,Yes,Month-to-month,Yes,Electronic check,94.2,777.3,Yes,Yes,0.2914857863293475,0.7085142136706525,Create and Promote mid to long term contracts,Promote Tech Services,Enhance and Promote Entertainment Services,No action needed
2405,2405,7548-SEPYI,Female,No,No,No,5,Yes,No,Fiber optic,No,Yes,No,No,Yes,Yes,Month-to-month,Yes,Electronic check,96.25,512.45,Yes,Yes,0.091394976480663,0.9086050235193368,Create and Promote mid to long term contracts,Promote Tech Services,Enhance and Promote Entertainment Services,Customize communication for customers with no dependents.
2406,2406,8835-VSDSE,Female,No,Yes,No,2,Yes,No,Fiber optic,No,No,No,No,No,No,Month-to-month,Yes,Electronic check,70.7,141.45,Yes,Yes,0.2472147467559403,0.7527852532440596,Create and Promote mid to long term contracts,Promote Tech Services,No action needed,Customize communication for customers with no dependents.
2414,2414,9898-KZQDZ,Female,Yes,Yes,Yes,40,Yes,Yes,Fiber optic,No,No,No,No,Yes,Yes,Month-to-month,Yes,Credit card (automatic),94.55,3640.45,Yes,Yes,0.3640631216539058,0.6359368783460941,Create and Promote mid to long term contracts,Promote Tech Services,Enhance and Promote Entertainment Services,Engage with senior citizens to better understand their needs and concerns.
2417,2417,0141-YEAYS,Female,Yes,No,No,27,Yes,Yes,Fiber optic,No,Yes,Yes,No,No,No,Month-to-month,Yes,Bank transfer (automatic),86.45,2401.05,No,Yes,0.4959178357219858,0.5040821642780142,Create and Promote mid to long term contracts,Promote Tech Services,No action needed,Engage with senior citizens to better understand their needs and concerns.
2421,2421,9603-OAIHC,Male,Yes,No,No,1,Yes,No,Fiber optic,No,No,No,No,No,No,Month-to-month,Yes,Electronic check,70.05,70.05,No,Yes,0.2249449199612744,0.7750550800387256,Create and Promote mid to long term contracts,Promote Tech Services,No action needed,Engage with senior citizens to better understand their needs and concerns.
2423,2423,5236-PERKL,Female,No,No,No,57,Yes,Yes,Fiber optic,Yes,Yes,Yes,No,Yes,Yes,Two year,Yes,Bank transfer (automatic),112.95,6465.0,Yes,Yes,0.3897876551419741,0.6102123448580259,No action needed,Promote Tech Services,Enhance and Promote Entertainment Services,Customize communication for customers with no dependents.
2426,2426,7854-FOKSF,Male,No,No,No,1,No,No phone service,DSL,No,No,No,No,No,Yes,Month-to-month,No,Electronic check,35.9,35.9,Yes,Yes,0.0422394370161912,0.9577605629838088,Create and Promote mid to long term contracts,Promote Tech Services,Enhance and Promote Entertainment Services,Customize communication for customers with no dependents.
2427,2427,2519-FAKOD,Male,No,No,Yes,38,Yes,Yes,Fiber optic,No,No,Yes,No,Yes,Yes,Month-to-month,Yes,Bank transfer (automatic),99.25,3777.15,Yes,Yes,0.2653274432409356,0.7346725567590644,Create and Promote mid to long term contracts,Promote Tech Services,Enhance and Promote Entertainment Services,No action needed
2430,2430,8263-JQAIK,Male,Yes,No,No,2,No,No phone service,DSL,No,No,No,No,No,No,Month-to-month,Yes,Mailed check,24.45,47.5,Yes,Yes,0.2612569941848328,0.7387430058151672,Create and Promote mid to long term contracts,Promote Tech Services,No action needed,Engage with senior citizens to better understand their needs and concerns.
2437,2437,7089-IVVAZ,Female,No,No,No,8,Yes,Yes,Fiber optic,Yes,No,No,Yes,Yes,Yes,Month-to-month,Yes,Bank transfer (automatic),103.35,847.3,Yes,Yes,0.1995200144005686,0.8004799855994313,Create and Promote mid to long term contracts,Promote Tech Services,Enhance and Promote Entertainment Services,Customize communication for customers with no dependents.
2440,2440,9050-IKDZA,Female,Yes,No,No,2,Yes,No,Fiber optic,No,No,No,No,Yes,No,Month-to-month,No,Mailed check,81.5,162.55,No,Yes,0.4374216327396174,0.5625783672603826,Create and Promote mid to long term contracts,Promote Tech Services,Enhance and Promote Entertainment Services,Engage with senior citizens to better understand their needs and concerns.
2441,2441,2205-YMZZJ,Male,Yes,No,No,7,Yes,Yes,Fiber optic,No,No,No,No,Yes,No,Month-to-month,Yes,Electronic check,84.8,546.95,Yes,Yes,0.2290964004545441,0.7709035995454558,Create and Promote mid to long term contracts,Promote Tech Services,Enhance and Promote Entertainment Services,Engage with senior citizens to better understand their needs and concerns.
2443,2443,1254-IZEYF,Female,Yes,No,No,31,Yes,Yes,Fiber optic,No,Yes,No,No,Yes,Yes,Month-to-month,Yes,Electronic check,99.95,3186.65,Yes,Yes,0.2641303213942459,0.735869678605754,Create and Promote mid to long term contracts,Promote Tech Services,Enhance and Promote Entertainment Services,Engage with senior citizens to better understand their needs and concerns.
2445,2445,9492-TOKRI,Female,No,No,No,18,Yes,Yes,Fiber optic,No,Yes,No,No,Yes,No,Month-to-month,Yes,Credit card (automatic),90.0,1527.35,Yes,Yes,0.1925744449928663,0.8074255550071336,Create and Promote mid to long term contracts,Promote Tech Services,Enhance and Promote Entertainment Services,Customize communication for customers with no dependents.
2446,2446,1475-VWVDO,Male,No,No,No,7,Yes,No,Fiber optic,No,No,Yes,No,No,No,Month-to-month,Yes,Electronic check,74.9,490.55,No,Yes,0.4764274973474455,0.5235725026525545,Create and Promote mid to long term contracts,Promote Tech Services,No action needed,Customize communication for customers with no dependents.
2447,2447,9221-OTIVJ,Female,Yes,No,No,14,Yes,Yes,Fiber optic,No,Yes,Yes,No,Yes,Yes,Month-to-month,Yes,Electronic check,104.85,1531.4,Yes,Yes,0.124691242273073,0.875308757726927,Create and Promote mid to long term contracts,Promote Tech Services,Enhance and Promote Entertainment Services,Engage with senior citizens to better understand their needs and concerns.
2450,2450,3325-FUYCG,Male,No,Yes,Yes,28,Yes,Yes,Fiber optic,Yes,Yes,No,No,Yes,Yes,One year,No,Electronic check,106.1,2847.4,Yes,Yes,0.4131610665411264,0.5868389334588736,Create and Promote mid to long term contracts,Promote Tech Services,Enhance and Promote Entertainment Services,No action needed
2451,2451,5908-QMGOE,Male,Yes,No,No,15,Yes,Yes,Fiber optic,No,No,No,No,No,No,Month-to-month,Yes,Credit card (automatic),74.2,1133.9,Yes,Yes,0.2092111974409487,0.7907888025590513,Create and Promote mid to long term contracts,Promote Tech Services,No action needed,Engage with senior citizens to better understand their needs and concerns.
2452,2452,1197-BVMVG,Female,Yes,No,No,4,Yes,Yes,Fiber optic,No,No,No,No,No,No,Month-to-month,Yes,Electronic check,74.45,294.45,No,Yes,0.2723424598991223,0.7276575401008777,Create and Promote mid to long term contracts,Promote Tech Services,No action needed,Engage with senior citizens to better understand their needs and concerns.
2454,2454,8481-YYXWG,Female,No,No,No,5,Yes,No,Fiber optic,No,Yes,No,Yes,No,Yes,Month-to-month,Yes,Electronic check,89.35,461.7,Yes,Yes,0.1751511363021948,0.8248488636978052,Create and Promote mid to long term contracts,Promote Tech Services,Enhance and Promote Entertainment Services,Customize communication for customers with no dependents.
2462,2462,7994-UYIVZ,Male,No,Yes,No,8,Yes,Yes,Fiber optic,No,No,No,No,No,Yes,Month-to-month,Yes,Bank transfer (automatic),85.65,659.45,No,Yes,0.2024853267637443,0.7975146732362557,Create and Promote mid to long term contracts,Promote Tech Services,Enhance and Promote Entertainment Services,Customize communication for customers with no dependents.
2463,2463,2609-IAICY,Female,No,No,No,1,Yes,Yes,Fiber optic,No,No,No,No,No,No,Month-to-month,Yes,Electronic check,77.15,77.15,Yes,Yes,0.0377096922528523,0.9622903077471476,Create and Promote mid to long term contracts,Promote Tech Services,No action needed,Customize communication for customers with no dependents.
2464,2464,1740-CSDJP,Male,No,No,No,1,No,No phone service,DSL,No,No,No,No,No,Yes,Month-to-month,Yes,Bank transfer (automatic),35.25,35.25,Yes,Yes,0.0874426822922972,0.9125573177077028,Create and Promote mid to long term contracts,Promote Tech Services,Enhance and Promote Entertainment Services,Customize communication for customers with no dependents.
2467,2467,2636-OHFMN,Male,No,Yes,No,4,No,No phone service,DSL,No,Yes,No,No,Yes,Yes,Month-to-month,Yes,Electronic check,48.55,201.0,Yes,Yes,0.2275831672075514,0.7724168327924485,Create and Promote mid to long term contracts,Promote Tech Services,Enhance and Promote Entertainment Services,Customize communication for customers with no dependents.
2470,2470,1323-OOEPC,Female,No,Yes,No,53,Yes,Yes,Fiber optic,No,Yes,No,No,Yes,Yes,Month-to-month,Yes,Credit card (automatic),98.4,5149.5,Yes,Yes,0.2481664115571368,0.7518335884428632,Create and Promote mid to long term contracts,Promote Tech Services,Enhance and Promote Entertainment Services,Customize communication for customers with no dependents.
2473,2473,5630-IXDXV,Female,No,No,No,47,Yes,Yes,Fiber optic,No,Yes,Yes,No,Yes,Yes,Month-to-month,Yes,Electronic check,106.35,4849.1,No,Yes,0.3607801770972249,0.6392198229027751,Create and Promote mid to long term contracts,Promote Tech Services,Enhance and Promote Entertainment Services,Customize communication for customers with no dependents.
2479,2479,0397-GZBBC,Male,Yes,Yes,No,59,Yes,Yes,Fiber optic,No,No,No,No,Yes,Yes,Month-to-month,Yes,Bank transfer (automatic),93.85,5574.75,Yes,Yes,0.3439114873495267,0.6560885126504733,Create and Promote mid to long term contracts,Promote Tech Services,Enhance and Promote Entertainment Services,Engage with senior citizens to better understand their needs and concerns.
2481,2481,9588-OZDMQ,Female,No,Yes,No,2,Yes,No,DSL,No,No,No,No,No,No,Month-to-month,Yes,Electronic check,45.0,89.75,No,Yes,0.4902267389801953,0.5097732610198047,Create and Promote mid to long term contracts,Promote Tech Services,No action needed,Customize communication for customers with no dependents.
2482,2482,7641-EUYET,Male,Yes,Yes,Yes,46,Yes,Yes,Fiber optic,Yes,Yes,Yes,No,Yes,No,Month-to-month,Yes,Electronic check,100.7,4541.2,Yes,Yes,0.3044588740418227,0.6955411259581773,Create and Promote mid to long term contracts,Promote Tech Services,Enhance and Promote Entertainment Services,Engage with senior citizens to better understand their needs and concerns.
2484,2484,9921-ZVRHG,Female,No,No,No,14,Yes,Yes,Fiber optic,No,No,Yes,No,No,No,Month-to-month,Yes,Electronic check,80.45,1072.0,Yes,Yes,0.2146481666274543,0.7853518333725457,Create and Promote mid to long term contracts,Promote Tech Services,No action needed,Customize communication for customers with no dependents.
2491,2491,9206-GVPEQ,Male,No,Yes,No,13,No,No phone service,DSL,Yes,No,No,Yes,Yes,Yes,Month-to-month,Yes,Electronic check,54.45,706.85,Yes,Yes,0.2523106858007707,0.7476893141992292,Create and Promote mid to long term contracts,Promote Tech Services,Enhance and Promote Entertainment Services,Customize communication for customers with no dependents.
2492,2492,8622-ZLFKO,Female,No,Yes,No,6,Yes,Yes,Fiber optic,No,Yes,No,No,No,Yes,Month-to-month,Yes,Electronic check,90.75,512.25,No,Yes,0.2922422634792747,0.7077577365207253,Create and Promote mid to long term contracts,Promote Tech Services,Enhance and Promote Entertainment Services,Customize communication for customers with no dependents.
2493,2493,1596-BBVTG,Male,No,No,No,35,Yes,Yes,Fiber optic,No,No,No,No,No,No,Month-to-month,No,Credit card (automatic),75.35,2636.05,Yes,Yes,0.3773156944482623,0.6226843055517377,Create and Promote mid to long term contracts,Promote Tech Services,No action needed,Customize communication for customers with no dependents.
2503,2503,8433-WXGNA,Male,No,No,No,2,Yes,No,Fiber optic,Yes,No,No,No,No,No,Month-to-month,Yes,Electronic check,75.7,189.2,Yes,Yes,0.3706535792819206,0.6293464207180793,Create and Promote mid to long term contracts,Promote Tech Services,No action needed,Customize communication for customers with no dependents.
2509,2509,3707-GNWHM,Male,No,No,No,1,Yes,Yes,Fiber optic,No,No,No,No,No,No,Month-to-month,Yes,Mailed check,74.25,74.25,Yes,Yes,0.0933390555301119,0.906660944469888,Create and Promote mid to long term contracts,Promote Tech Services,No action needed,Customize communication for customers with no dependents.
2513,2513,8922-LIEGH,Female,Yes,No,No,25,Yes,Yes,Fiber optic,No,Yes,No,No,No,Yes,Month-to-month,Yes,Electronic check,89.7,2187.55,Yes,Yes,0.2305482420011771,0.7694517579988228,Create and Promote mid to long term contracts,Promote Tech Services,Enhance and Promote Entertainment Services,Engage with senior citizens to better understand their needs and concerns.
2515,2515,8245-UMPYT,Female,Yes,No,No,16,Yes,Yes,Fiber optic,No,No,No,No,Yes,Yes,Month-to-month,Yes,Electronic check,96.4,1581.2,Yes,Yes,0.0987156239440621,0.9012843760559378,Create and Promote mid to long term contracts,Promote Tech Services,Enhance and Promote Entertainment Services,Engage with senior citizens to better understand their needs and concerns.
2516,2516,5186-SAMNZ,Male,Yes,No,No,1,Yes,No,Fiber optic,No,No,No,No,No,No,Month-to-month,Yes,Bank transfer (automatic),69.5,69.5,Yes,Yes,0.085037536583085,0.914962463416915,Create and Promote mid to long term contracts,Promote Tech Services,No action needed,Engage with senior citizens to better understand their needs and concerns.
2517,2517,0447-RXSGD,Male,No,No,No,24,Yes,Yes,Fiber optic,No,Yes,No,No,Yes,Yes,Month-to-month,Yes,Bank transfer (automatic),99.65,2404.85,No,Yes,0.4901835071978122,0.5098164928021878,Create and Promote mid to long term contracts,Promote Tech Services,Enhance and Promote Entertainment Services,Customize communication for customers with no dependents.
2518,2518,4927-WWOOZ,Male,No,Yes,No,2,Yes,Yes,Fiber optic,No,No,Yes,No,Yes,No,Month-to-month,Yes,Electronic check,91.45,171.45,No,Yes,0.4051211288897328,0.5948788711102672,Create and Promote mid to long term contracts,Promote Tech Services,Enhance and Promote Entertainment Services,Customize communication for customers with no dependents.
2520,2520,5373-SFODM,Male,Yes,Yes,No,36,Yes,Yes,Fiber optic,No,No,No,No,No,Yes,Month-to-month,Yes,Credit card (automatic),85.25,3132.75,Yes,Yes,0.2831136035769906,0.7168863964230093,Create and Promote mid to long term contracts,Promote Tech Services,Enhance and Promote Entertainment Services,Engage with senior citizens to better understand their needs and concerns.
2525,2525,5766-ZJYBB,Male,No,No,No,1,Yes,No,No,No internet service,No internet service,No internet service,No internet service,No internet service,No internet service,Month-to-month,No,Mailed check,19.4,19.4,Yes,Yes,0.4406174880743158,0.5593825119256842,Create and Promote mid to long term contracts,No action needed,No action needed,Customize communication for customers with no dependents.
2526,2526,8931-GJJIQ,Female,No,No,No,9,Yes,Yes,Fiber optic,No,No,No,No,No,Yes,Month-to-month,Yes,Electronic check,83.3,803.3,Yes,Yes,0.1062401213007543,0.8937598786992457,Create and Promote mid to long term contracts,Promote Tech Services,Enhance and Promote Entertainment Services,Customize communication for customers with no dependents.
2527,2527,4277-PVRAN,Female,No,No,No,8,Yes,No,Fiber optic,No,No,No,No,Yes,No,Month-to-month,Yes,Bank transfer (automatic),80.1,679.3,Yes,Yes,0.1214323596807236,0.8785676403192764,Create and Promote mid to long term contracts,Promote Tech Services,Enhance and Promote Entertainment Services,Customize communication for customers with no dependents.
2529,2529,0722-SVSFK,Female,No,No,No,7,Yes,No,Fiber optic,No,No,Yes,Yes,Yes,Yes,Month-to-month,Yes,Electronic check,100.4,715.0,No,Yes,0.4661914320907314,0.5338085679092686,Create and Promote mid to long term contracts,Promote Tech Services,Enhance and Promote Entertainment Services,Customize communication for customers with no dependents.
2542,2542,0952-KMEEH,Male,No,No,No,13,Yes,Yes,Fiber optic,Yes,No,No,No,Yes,Yes,Month-to-month,No,Mailed check,98.15,1230.25,Yes,Yes,0.249073190018899,0.750926809981101,Create and Promote mid to long term contracts,Promote Tech Services,Enhance and Promote Entertainment Services,Customize communication for customers with no dependents.
2562,2562,5130-IEKQT,Male,Yes,No,No,25,Yes,Yes,Fiber optic,No,Yes,Yes,No,Yes,Yes,Month-to-month,No,Mailed check,105.95,2655.25,Yes,Yes,0.2232197352051453,0.7767802647948546,Create and Promote mid to long term contracts,Promote Tech Services,Enhance and Promote Entertainment Services,Engage with senior citizens to better understand their needs and concerns.
2566,2566,0407-BDJKB,Male,No,Yes,No,60,Yes,Yes,Fiber optic,No,Yes,Yes,No,Yes,No,Month-to-month,Yes,Electronic check,95.75,5742.9,Yes,Yes,0.3719288222859278,0.6280711777140722,Create and Promote mid to long term contracts,Promote Tech Services,Enhance and Promote Entertainment Services,Customize communication for customers with no dependents.
2569,2569,9600-UDOPK,Male,No,Yes,No,30,Yes,Yes,Fiber optic,No,No,No,No,Yes,Yes,Month-to-month,Yes,Credit card (automatic),94.05,2866.45,Yes,Yes,0.2203991770882122,0.7796008229117878,Create and Promote mid to long term contracts,Promote Tech Services,Enhance and Promote Entertainment Services,Customize communication for customers with no dependents.
2572,2572,4074-SJFFA,Female,No,No,No,1,Yes,No,DSL,No,No,No,No,No,Yes,Month-to-month,Yes,Mailed check,54.75,54.75,Yes,Yes,0.1633252918298774,0.8366747081701226,Create and Promote mid to long term contracts,Promote Tech Services,Enhance and Promote Entertainment Services,Customize communication for customers with no dependents.
2573,2573,3269-ATYWD,Male,Yes,No,No,39,Yes,Yes,Fiber optic,No,No,No,No,Yes,Yes,Month-to-month,Yes,Bank transfer (automatic),95.65,3759.05,Yes,Yes,0.2510871797529183,0.7489128202470817,Create and Promote mid to long term contracts,Promote Tech Services,Enhance and Promote Entertainment Services,Engage with senior citizens to better understand their needs and concerns.
2576,2576,4910-GMJOT,Female,No,No,No,1,Yes,Yes,Fiber optic,No,No,No,No,Yes,Yes,Month-to-month,Yes,Electronic check,94.6,94.6,Yes,Yes,0.0271292350133787,0.9728707649866212,Create and Promote mid to long term contracts,Promote Tech Services,Enhance and Promote Entertainment Services,Customize communication for customers with no dependents.
2577,2577,0354-WYROK,Female,Yes,Yes,Yes,31,Yes,No,Fiber optic,No,No,Yes,Yes,Yes,Yes,Month-to-month,Yes,Electronic check,98.9,2911.3,Yes,Yes,0.367864808552597,0.6321351914474029,Create and Promote mid to long term contracts,Promote Tech Services,Enhance and Promote Entertainment Services,Engage with senior citizens to better understand their needs and concerns.
2588,2588,7576-OYWBN,Male,Yes,No,No,3,Yes,Yes,Fiber optic,No,No,No,No,No,No,Month-to-month,Yes,Electronic check,76.05,231.8,Yes,Yes,0.1191239039699328,0.8808760960300671,Create and Promote mid to long term contracts,Promote Tech Services,No action needed,Engage with senior citizens to better understand their needs and concerns.
2597,2597,8325-QRPZR,Female,No,No,No,7,Yes,No,Fiber optic,No,No,Yes,No,No,No,Month-to-month,Yes,Electronic check,75.15,525.0,No,Yes,0.3311065154495261,0.6688934845504739,Create and Promote mid to long term contracts,Promote Tech Services,No action needed,Customize communication for customers with no dependents.
2599,2599,2262-SLNVK,Female,No,No,No,1,Yes,No,Fiber optic,No,No,No,No,No,No,Month-to-month,No,Electronic check,70.1,70.1,No,Yes,0.0808182457473791,0.9191817542526208,Create and Promote mid to long term contracts,Promote Tech Services,No action needed,Customize communication for customers with no dependents.
2606,2606,5539-TMZLF,Male,Yes,No,No,1,Yes,No,Fiber optic,No,No,No,No,No,No,Month-to-month,Yes,Electronic check,69.75,69.75,Yes,Yes,0.0733218350924084,0.9266781649075916,Create and Promote mid to long term contracts,Promote Tech Services,No action needed,Engage with senior citizens to better understand their needs and concerns.
2607,2607,4323-SADQS,Male,No,Yes,Yes,7,No,No phone service,DSL,Yes,No,No,Yes,No,No,Month-to-month,Yes,Electronic check,34.5,279.25,Yes,Yes,0.4073241532866291,0.5926758467133709,Create and Promote mid to long term contracts,Promote Tech Services,No action needed,No action needed
2608,2608,4446-BZKHU,Male,No,Yes,No,61,Yes,Yes,Fiber optic,No,Yes,Yes,No,Yes,Yes,Month-to-month,Yes,Electronic check,105.55,6281.45,Yes,Yes,0.3361173238186028,0.6638826761813972,Create and Promote mid to long term contracts,Promote Tech Services,Enhance and Promote Entertainment Services,Customize communication for customers with no dependents.
2609,2609,5202-IVJNU,Female,No,No,Yes,39,No,No phone service,DSL,No,No,Yes,No,No,No,Month-to-month,No,Credit card (automatic),30.1,1131.3,Yes,Yes,0.3588929432202464,0.6411070567797535,Create and Promote mid to long term contracts,Promote Tech Services,No action needed,No action needed
2610,2610,5976-JCJRH,Male,No,Yes,No,10,Yes,No,Fiber optic,No,No,No,No,No,No,Month-to-month,Yes,Electronic check,70.3,738.2,Yes,Yes,0.2182537076349212,0.7817462923650788,Create and Promote mid to long term contracts,Promote Tech Services,No action needed,Customize communication for customers with no dependents.
2612,2612,0137-OCGAB,Female,No,No,No,1,Yes,Yes,Fiber optic,No,Yes,No,No,No,No,Month-to-month,Yes,Mailed check,80.2,80.2,Yes,Yes,0.2802407717083736,0.7197592282916264,Create and Promote mid to long term contracts,Promote Tech Services,No action needed,Customize communication for customers with no dependents.
2616,2616,4588-YBNIB,Female,No,No,No,1,Yes,No,No,No internet service,No internet service,No internet service,No internet service,No internet service,No internet service,Month-to-month,Yes,Mailed check,19.6,19.6,Yes,Yes,0.3396141720703333,0.6603858279296667,Create and Promote mid to long term contracts,No action needed,No action needed,Customize communication for customers with no dependents.
2618,2618,3336-JORSO,Female,Yes,No,No,33,Yes,Yes,Fiber optic,No,Yes,Yes,Yes,Yes,Yes,Month-to-month,Yes,Electronic check,110.45,3655.45,Yes,Yes,0.4196624993113855,0.5803375006886144,Create and Promote mid to long term contracts,Promote Tech Services,Enhance and Promote Entertainment Services,Engage with senior citizens to better understand their needs and concerns.
2628,2628,5028-GZLDO,Male,No,No,No,2,Yes,No,Fiber optic,No,No,No,No,No,No,Month-to-month,No,Credit card (automatic),70.7,140.7,Yes,Yes,0.1801489533549303,0.8198510466450697,Create and Promote mid to long term contracts,Promote Tech Services,No action needed,Customize communication for customers with no dependents.
2630,2630,6861-XWTWQ,Male,Yes,Yes,No,7,Yes,Yes,Fiber optic,No,No,Yes,No,Yes,Yes,Month-to-month,Yes,Electronic check,99.25,665.45,Yes,Yes,0.0858875053126785,0.9141124946873216,Create and Promote mid to long term contracts,Promote Tech Services,Enhance and Promote Entertainment Services,Engage with senior citizens to better understand their needs and concerns.
2633,2633,6877-TJMBR,Male,No,Yes,No,1,Yes,No,Fiber optic,No,No,No,Yes,Yes,No,Month-to-month,Yes,Electronic check,84.8,84.8,Yes,Yes,0.1476348879380801,0.8523651120619199,Create and Promote mid to long term contracts,Promote Tech Services,Enhance and Promote Entertainment Services,Customize communication for customers with no dependents.
2637,2637,6769-DCQLI,Male,No,No,No,52,Yes,No,Fiber optic,No,Yes,Yes,Yes,Yes,Yes,One year,Yes,Bank transfer (automatic),105.0,5426.85,Yes,Yes,0.4136279875790151,0.5863720124209849,Create and Promote mid to long term contracts,Promote Tech Services,Enhance and Promote Entertainment Services,Customize communication for customers with no dependents.
2638,2638,2433-KMEAS,Male,No,No,No,22,Yes,Yes,DSL,Yes,No,No,No,No,No,Month-to-month,Yes,Electronic check,54.45,1127.35,Yes,Yes,0.4538402352044272,0.5461597647955728,Create and Promote mid to long term contracts,Promote Tech Services,No action needed,Customize communication for customers with no dependents.
2641,2641,2195-ZRVAX,Female,No,Yes,No,47,Yes,No,Fiber optic,No,No,Yes,No,No,Yes,Month-to-month,Yes,Electronic check,85.3,4045.65,Yes,Yes,0.4016361282575443,0.5983638717424556,Create and Promote mid to long term contracts,Promote Tech Services,Enhance and Promote Entertainment Services,Customize communication for customers with no dependents.
2642,2642,3550-SAHFP,Female,No,No,No,33,Yes,Yes,Fiber optic,No,No,No,No,No,Yes,Month-to-month,Yes,Electronic check,83.35,2757.85,Yes,Yes,0.1840126355029623,0.8159873644970377,Create and Promote mid to long term contracts,Promote Tech Services,Enhance and Promote Entertainment Services,Customize communication for customers with no dependents.
2643,2643,2011-TRQYE,Male,No,No,No,18,No,No phone service,DSL,No,Yes,Yes,No,No,No,Month-to-month,Yes,Credit card (automatic),33.5,600.0,Yes,Yes,0.4488252020846501,0.5511747979153498,Create and Promote mid to long term contracts,Promote Tech Services,No action needed,Customize communication for customers with no dependents.
2650,2650,4873-ILOLJ,Male,No,No,No,24,Yes,No,Fiber optic,No,No,No,No,Yes,Yes,Month-to-month,Yes,Electronic check,90.35,2238.5,Yes,Yes,0.2127877853409443,0.7872122146590557,Create and Promote mid to long term contracts,Promote Tech Services,Enhance and Promote Entertainment Services,Customize communication for customers with no dependents.
2653,2653,2725-KXXWT,Male,No,Yes,No,1,Yes,No,Fiber optic,No,No,No,No,Yes,Yes,Month-to-month,Yes,Electronic check,90.75,90.75,Yes,Yes,0.1027006750134849,0.8972993249865151,Create and Promote mid to long term contracts,Promote Tech Services,Enhance and Promote Entertainment Services,Customize communication for customers with no dependents.
2654,2654,9565-DJPIB,Female,No,No,Yes,4,Yes,Yes,Fiber optic,No,Yes,No,No,Yes,No,Month-to-month,No,Mailed check,89.6,365.65,Yes,Yes,0.2585759060565318,0.7414240939434682,Create and Promote mid to long term contracts,Promote Tech Services,Enhance and Promote Entertainment Services,No action needed
2661,2661,8348-HFYIV,Male,No,No,No,2,No,No phone service,DSL,No,No,Yes,No,Yes,Yes,Month-to-month,Yes,Electronic check,49.25,90.35,Yes,Yes,0.0719630533587407,0.9280369466412592,Create and Promote mid to long term contracts,Promote Tech Services,Enhance and Promote Entertainment Services,Customize communication for customers with no dependents.
2668,2668,4659-NZRUF,Female,No,No,No,19,Yes,Yes,Fiber optic,Yes,Yes,No,No,No,Yes,Month-to-month,Yes,Electronic check,95.15,1789.25,Yes,Yes,0.3141253099245151,0.6858746900754848,Create and Promote mid to long term contracts,Promote Tech Services,Enhance and Promote Entertainment Services,Customize communication for customers with no dependents.
2672,2672,8429-XIBUM,Male,No,No,No,22,Yes,Yes,Fiber optic,Yes,No,No,No,Yes,Yes,Month-to-month,Yes,Bank transfer (automatic),101.35,2317.1,Yes,Yes,0.2579956992601505,0.7420043007398495,Create and Promote mid to long term contracts,Promote Tech Services,Enhance and Promote Entertainment Services,Customize communication for customers with no dependents.
2676,2676,2608-BHKFN,Female,No,No,No,4,Yes,No,Fiber optic,No,No,No,No,No,No,Month-to-month,Yes,Credit card (automatic),70.05,266.9,Yes,Yes,0.1076019105633907,0.8923980894366093,Create and Promote mid to long term contracts,Promote Tech Services,No action needed,Customize communication for customers with no dependents.
2678,2678,7341-LXCAF,Male,No,Yes,No,4,Yes,Yes,Fiber optic,No,No,No,No,No,No,Month-to-month,Yes,Electronic check,74.65,301.4,Yes,Yes,0.1366904326578106,0.8633095673421893,Create and Promote mid to long term contracts,Promote Tech Services,No action needed,Customize communication for customers with no dependents.
2681,2681,9462-MJUAW,Male,No,No,No,4,Yes,Yes,DSL,No,No,No,No,No,No,Month-to-month,No,Mailed check,50.4,206.6,Yes,Yes,0.3611888849876691,0.6388111150123309,Create and Promote mid to long term contracts,Promote Tech Services,No action needed,Customize communication for customers with no dependents.
2682,2682,8128-YVJRG,Female,No,No,No,7,Yes,Yes,Fiber optic,Yes,No,No,No,No,No,Month-to-month,Yes,Mailed check,79.65,604.7,Yes,Yes,0.3460921868026551,0.6539078131973449,Create and Promote mid to long term contracts,Promote Tech Services,No action needed,Customize communication for customers with no dependents.
2685,2685,4283-FUTGF,Male,Yes,No,No,19,Yes,Yes,Fiber optic,No,No,Yes,No,No,No,Month-to-month,Yes,Electronic check,79.85,1471.75,Yes,Yes,0.3068875666116721,0.6931124333883278,Create and Promote mid to long term contracts,Promote Tech Services,No action needed,Engage with senior citizens to better understand their needs and concerns.
2687,2687,1569-TTNYJ,Male,No,Yes,No,5,Yes,Yes,Fiber optic,No,Yes,No,No,No,No,Month-to-month,Yes,Electronic check,78.75,412.1,Yes,Yes,0.1401385052268702,0.8598614947731298,Create and Promote mid to long term contracts,Promote Tech Services,No action needed,Customize communication for customers with no dependents.
2689,2689,2397-BRLOM,Male,Yes,Yes,Yes,8,Yes,No,Fiber optic,No,No,No,No,Yes,No,Month-to-month,Yes,Credit card (automatic),80.45,583.45,Yes,Yes,0.3153728328096309,0.6846271671903691,Create and Promote mid to long term contracts,Promote Tech Services,Enhance and Promote Entertainment Services,Engage with senior citizens to better understand their needs and concerns.
2702,2702,4749-VFKVB,Female,No,No,No,1,Yes,Yes,DSL,No,No,No,No,No,No,Month-to-month,Yes,Mailed check,50.1,50.1,Yes,Yes,0.241095455840929,0.7589045441590709,Create and Promote mid to long term contracts,Promote Tech Services,No action needed,Customize communication for customers with no dependents.
2705,2705,7598-UAASY,Male,No,Yes,No,2,Yes,No,Fiber optic,No,No,Yes,No,No,No,Month-to-month,No,Electronic check,76.4,151.8,Yes,Yes,0.2103691175711103,0.7896308824288897,Create and Promote mid to long term contracts,Promote Tech Services,No action needed,Customize communication for customers with no dependents.
2706,2706,7938-OUHIO,Male,No,No,No,3,Yes,No,Fiber optic,No,No,Yes,Yes,Yes,Yes,Month-to-month,Yes,Electronic check,98.7,293.65,Yes,Yes,0.2048456002324739,0.7951543997675261,Create and Promote mid to long term contracts,Promote Tech Services,Enhance and Promote Entertainment Services,Customize communication for customers with no dependents.
2707,2707,8510-AWCXC,Female,Yes,No,No,13,Yes,Yes,Fiber optic,Yes,No,No,No,Yes,Yes,Month-to-month,Yes,Electronic check,100.8,1308.1,Yes,Yes,0.1249016681627552,0.8750983318372447,Create and Promote mid to long term contracts,Promote Tech Services,Enhance and Promote Entertainment Services,Engage with senior citizens to better understand their needs and concerns.
2710,2710,0431-APWVY,Female,No,Yes,Yes,28,Yes,No,Fiber optic,No,No,No,No,Yes,Yes,One year,Yes,Bank transfer (automatic),90.1,2598.95,Yes,Yes,0.4922052494444922,0.5077947505555078,Create and Promote mid to long term contracts,Promote Tech Services,Enhance and Promote Entertainment Services,No action needed
2719,2719,3426-NIYYL,Male,No,No,No,15,Yes,Yes,DSL,No,No,No,No,No,No,Month-to-month,No,Electronic check,51.55,765.5,Yes,Yes,0.3555285831527208,0.6444714168472792,Create and Promote mid to long term contracts,Promote Tech Services,No action needed,Customize communication for customers with no dependents.
2720,2720,8225-BTJAU,Male,Yes,No,No,10,Yes,No,Fiber optic,No,No,No,No,No,Yes,Month-to-month,Yes,Electronic check,79.25,793.55,Yes,Yes,0.2453063563830162,0.7546936436169838,Create and Promote mid to long term contracts,Promote Tech Services,Enhance and Promote Entertainment Services,Engage with senior citizens to better understand their needs and concerns.
2724,2724,4236-UJPWO,Female,No,No,No,2,No,No phone service,DSL,No,No,No,No,No,No,Month-to-month,No,Electronic check,24.5,46.4,No,Yes,0.2303976734124517,0.7696023265875482,Create and Promote mid to long term contracts,Promote Tech Services,No action needed,Customize communication for customers with no dependents.
2726,2726,3387-VATUS,Male,No,No,No,5,Yes,Yes,Fiber optic,No,No,No,No,Yes,Yes,Month-to-month,Yes,Bank transfer (automatic),94.85,462.8,Yes,Yes,0.120359598632181,0.879640401367819,Create and Promote mid to long term contracts,Promote Tech Services,Enhance and Promote Entertainment Services,Customize communication for customers with no dependents.
2728,2728,1143-NMNQJ,Female,No,No,No,2,Yes,Yes,Fiber optic,No,No,No,No,No,Yes,Month-to-month,Yes,Electronic check,85.7,169.8,Yes,Yes,0.0638839943943094,0.9361160056056904,Create and Promote mid to long term contracts,Promote Tech Services,Enhance and Promote Entertainment Services,Customize communication for customers with no dependents.
2732,2732,3518-PZXZQ,Female,No,Yes,No,1,Yes,No,DSL,No,No,No,No,Yes,No,Month-to-month,Yes,Mailed check,55.3,55.3,No,Yes,0.470994349144836,0.5290056508551639,Create and Promote mid to long term contracts,Promote Tech Services,Enhance and Promote Entertainment Services,Customize communication for customers with no dependents.
2739,2739,0415-MOSGF,Female,No,No,No,1,Yes,No,DSL,No,No,No,No,No,No,Month-to-month,No,Mailed check,44.4,44.4,Yes,Yes,0.2416859444003025,0.7583140555996974,Create and Promote mid to long term contracts,Promote Tech Services,No action needed,Customize communication for customers with no dependents.
2740,2740,1724-BQUHA,Male,Yes,No,No,5,Yes,No,Fiber optic,No,No,No,No,Yes,Yes,Month-to-month,Yes,Electronic check,89.5,477.7,Yes,Yes,0.1713883298102946,0.8286116701897054,Create and Promote mid to long term contracts,Promote Tech Services,Enhance and Promote Entertainment Services,Engage with senior citizens to better understand their needs and concerns.
2744,2744,4826-XTSOH,Male,Yes,Yes,No,1,Yes,Yes,Fiber optic,No,No,No,No,Yes,No,Month-to-month,Yes,Electronic check,86.05,86.05,Yes,Yes,0.0709412988740596,0.9290587011259404,Create and Promote mid to long term contracts,Promote Tech Services,Enhance and Promote Entertainment Services,Engage with senior citizens to better understand their needs and concerns.
2747,2747,2495-INZWQ,Male,No,No,No,4,No,No phone service,DSL,No,No,No,No,Yes,Yes,Month-to-month,Yes,Electronic check,44.55,174.3,Yes,Yes,0.1754418673691696,0.8245581326308303,Create and Promote mid to long term contracts,Promote Tech Services,Enhance and Promote Entertainment Services,Customize communication for customers with no dependents.
2752,2752,6857-VWJDT,Female,No,No,No,1,Yes,Yes,Fiber optic,No,No,No,No,Yes,Yes,Month-to-month,No,Mailed check,95.65,95.65,Yes,Yes,0.040243712994758,0.959756287005242,Create and Promote mid to long term contracts,Promote Tech Services,Enhance and Promote Entertainment Services,Customize communication for customers with no dependents.
2755,2755,5624-BQSSA,Female,No,No,No,1,Yes,No,No,No internet service,No internet service,No internet service,No internet service,No internet service,No internet service,Month-to-month,No,Mailed check,20.95,20.95,Yes,Yes,0.342140637607042,0.657859362392958,Create and Promote mid to long term contracts,No action needed,No action needed,Customize communication for customers with no dependents.
2760,2760,2408-WITXK,Female,Yes,No,No,10,No,No phone service,DSL,No,No,No,No,No,Yes,Month-to-month,Yes,Electronic check,34.7,329.8,Yes,Yes,0.1619151091634451,0.8380848908365549,Create and Promote mid to long term contracts,Promote Tech Services,Enhance and Promote Entertainment Services,Engage with senior citizens to better understand their needs and concerns.
2764,2764,9506-UXUSK,Male,No,No,No,13,Yes,No,Fiber optic,No,No,No,No,No,No,Month-to-month,Yes,Electronic check,70.15,931.75,No,Yes,0.4142825351555704,0.5857174648444295,Create and Promote mid to long term contracts,Promote Tech Services,No action needed,Customize communication for customers with no dependents.
2768,2768,5577-OTWWW,Female,No,No,No,15,Yes,No,No,No internet service,No internet service,No internet service,No internet service,No internet service,No internet service,Month-to-month,No,Bank transfer (automatic),19.75,297.3,Yes,Yes,0.3982507807544647,0.6017492192455353,Create and Promote mid to long term contracts,No action needed,No action needed,Customize communication for customers with no dependents.
2769,2769,6100-QQHEB,Male,No,Yes,Yes,17,Yes,Yes,Fiber optic,No,No,No,No,Yes,Yes,Month-to-month,Yes,Electronic check,92.55,1515.1,Yes,Yes,0.2809499913853681,0.7190500086146319,Create and Promote mid to long term contracts,Promote Tech Services,Enhance and Promote Entertainment Services,No action needed
2775,2775,7503-QQRVF,Male,Yes,Yes,No,16,Yes,No,Fiber optic,No,Yes,No,No,No,No,Month-to-month,Yes,Credit card (automatic),74.3,1178.25,Yes,Yes,0.3021172535343339,0.6978827464656661,Create and Promote mid to long term contracts,Promote Tech Services,No action needed,Engage with senior citizens to better understand their needs and concerns.
2778,2778,2691-NZETQ,Male,No,No,No,9,Yes,Yes,Fiber optic,No,No,No,No,Yes,No,Month-to-month,Yes,Electronic check,85.35,758.6,Yes,Yes,0.2132611765500898,0.7867388234499102,Create and Promote mid to long term contracts,Promote Tech Services,Enhance and Promote Entertainment Services,Customize communication for customers with no dependents.
2783,2783,7295-JOMMD,Female,No,No,Yes,4,Yes,No,Fiber optic,No,No,Yes,Yes,Yes,Yes,Month-to-month,Yes,Bank transfer (automatic),98.1,396.3,Yes,Yes,0.152437367233794,0.8475626327662059,Create and Promote mid to long term contracts,Promote Tech Services,Enhance and Promote Entertainment Services,No action needed
2788,2788,0581-MDMPW,Female,No,No,No,24,Yes,Yes,Fiber optic,No,No,Yes,No,Yes,No,Month-to-month,Yes,Credit card (automatic),88.95,2072.75,No,Yes,0.433816874032976,0.566183125967024,Create and Promote mid to long term contracts,Promote Tech Services,Enhance and Promote Entertainment Services,Customize communication for customers with no dependents.
2794,2794,0709-TVGUR,Female,Yes,No,No,9,Yes,Yes,Fiber optic,No,No,No,No,No,No,Month-to-month,Yes,Electronic check,74.55,622.9,Yes,Yes,0.3071320422980569,0.6928679577019431,Create and Promote mid to long term contracts,Promote Tech Services,No action needed,Engage with senior citizens to better understand their needs and concerns.
2796,2796,6023-YEBUP,Male,No,No,No,3,Yes,Yes,Fiber optic,No,No,Yes,No,Yes,Yes,Month-to-month,Yes,Electronic check,100.95,329.95,Yes,Yes,0.08113859301513,0.91886140698487,Create and Promote mid to long term contracts,Promote Tech Services,Enhance and Promote Entertainment Services,Customize communication for customers with no dependents.
2797,2797,7209-JCUDS,Male,No,No,No,10,Yes,No,Fiber optic,No,No,Yes,No,Yes,Yes,Month-to-month,Yes,Electronic check,94.9,1048.85,Yes,Yes,0.195012069703896,0.8049879302961039,Create and Promote mid to long term contracts,Promote Tech Services,Enhance and Promote Entertainment Services,Customize communication for customers with no dependents.
2801,2801,3001-CBHLQ,Male,Yes,Yes,No,32,Yes,Yes,Fiber optic,No,No,Yes,Yes,Yes,Yes,Month-to-month,Yes,Electronic check,104.9,3351.55,Yes,Yes,0.3038496452689141,0.6961503547310859,Create and Promote mid to long term contracts,Promote Tech Services,Enhance and Promote Entertainment Services,Engage with senior citizens to better understand their needs and concerns.
2803,2803,6158-DWPZT,Male,No,Yes,No,9,No,No phone service,DSL,No,No,No,No,No,No,One year,No,Bank transfer (automatic),24.1,259.8,Yes,Yes,0.3380580141350334,0.6619419858649666,Create and Promote mid to long term contracts,Promote Tech Services,No action needed,Customize communication for customers with no dependents.
2811,2811,3763-GCZHZ,Male,No,Yes,No,66,Yes,Yes,Fiber optic,No,Yes,No,Yes,Yes,Yes,One year,Yes,Electronic check,104.05,6890.0,Yes,Yes,0.4783526038631235,0.5216473961368765,Create and Promote mid to long term contracts,Promote Tech Services,Enhance and Promote Entertainment Services,Customize communication for customers with no dependents.
2814,2814,0772-GYEQQ,Male,No,No,No,3,Yes,No,Fiber optic,No,No,Yes,Yes,Yes,No,Month-to-month,Yes,Mailed check,88.35,262.05,Yes,Yes,0.3396008142338118,0.6603991857661882,Create and Promote mid to long term contracts,Promote Tech Services,Enhance and Promote Entertainment Services,Customize communication for customers with no dependents.
2817,2817,4831-EOBFE,Male,No,Yes,Yes,29,Yes,No,Fiber optic,Yes,No,No,No,Yes,Yes,Month-to-month,No,Credit card (automatic),94.65,2649.15,Yes,Yes,0.3616192886641336,0.6383807113358664,Create and Promote mid to long term contracts,Promote Tech Services,Enhance and Promote Entertainment Services,No action needed
2820,2820,4102-OQUPX,Male,Yes,Yes,No,1,Yes,Yes,Fiber optic,No,No,No,No,No,No,Month-to-month,Yes,Electronic check,74.4,74.4,Yes,Yes,0.0726368242564692,0.9273631757435308,Create and Promote mid to long term contracts,Promote Tech Services,No action needed,Engage with senior citizens to better understand their needs and concerns.
2828,2828,3999-QGRJH,Male,Yes,No,No,8,Yes,No,Fiber optic,No,No,No,No,No,No,Month-to-month,Yes,Electronic check,69.7,560.85,Yes,Yes,0.4391620781963575,0.5608379218036424,Create and Promote mid to long term contracts,Promote Tech Services,No action needed,Engage with senior citizens to better understand their needs and concerns.
2830,2830,2454-RPBRZ,Female,Yes,Yes,No,12,Yes,Yes,Fiber optic,No,Yes,Yes,No,Yes,No,Month-to-month,Yes,Electronic check,98.1,1060.2,Yes,Yes,0.1023495984891579,0.8976504015108421,Create and Promote mid to long term contracts,Promote Tech Services,Enhance and Promote Entertainment Services,Engage with senior citizens to better understand their needs and concerns.
2835,2835,6988-CJEYV,Male,No,No,No,49,Yes,Yes,Fiber optic,No,Yes,No,No,Yes,Yes,Month-to-month,No,Electronic check,98.7,4920.55,No,Yes,0.4959405915116444,0.5040594084883556,Create and Promote mid to long term contracts,Promote Tech Services,Enhance and Promote Entertainment Services,Customize communication for customers with no dependents.
2836,2836,2002-MZHWP,Female,No,No,No,1,Yes,No,No,No internet service,No internet service,No internet service,No internet service,No internet service,No internet service,Month-to-month,No,Mailed check,20.5,20.5,Yes,Yes,0.3899561771853468,0.6100438228146532,Create and Promote mid to long term contracts,No action needed,No action needed,Customize communication for customers with no dependents.
2840,2840,9743-DQKQW,Male,No,No,No,3,No,No phone service,DSL,No,No,No,No,No,No,Month-to-month,No,Electronic check,25.1,79.8,No,Yes,0.2856716332610584,0.7143283667389416,Create and Promote mid to long term contracts,Promote Tech Services,No action needed,Customize communication for customers with no dependents.
2843,2843,2265-CYWIV,Female,Yes,Yes,No,4,Yes,Yes,Fiber optic,Yes,No,No,No,Yes,Yes,Month-to-month,Yes,Electronic check,99.6,347.65,Yes,Yes,0.1443791748830986,0.8556208251169014,Create and Promote mid to long term contracts,Promote Tech Services,Enhance and Promote Entertainment Services,Engage with senior citizens to better understand their needs and concerns.
2855,2855,2740-TVLFN,Male,No,No,No,1,Yes,Yes,DSL,No,No,No,No,No,No,Month-to-month,Yes,Electronic check,50.15,50.15,No,Yes,0.4784700990598673,0.5215299009401326,Create and Promote mid to long term contracts,Promote Tech Services,No action needed,Customize communication for customers with no dependents.
2860,2860,2004-OCQXK,Female,No,No,No,1,Yes,No,Fiber optic,No,No,No,No,No,Yes,Month-to-month,Yes,Electronic check,81.95,81.95,Yes,Yes,0.0460277819088421,0.9539722180911578,Create and Promote mid to long term contracts,Promote Tech Services,Enhance and Promote Entertainment Services,Customize communication for customers with no dependents.
2861,2861,5027-QPKTE,Male,No,Yes,No,7,Yes,No,Fiber optic,No,No,No,No,No,No,Month-to-month,Yes,Electronic check,69.35,451.1,Yes,Yes,0.3493780513431606,0.6506219486568394,Create and Promote mid to long term contracts,Promote Tech Services,No action needed,Customize communication for customers with no dependents.
2862,2862,4146-SVFUD,Male,No,No,No,1,Yes,No,DSL,No,No,No,No,No,No,Month-to-month,No,Mailed check,44.6,44.6,No,Yes,0.451044683651681,0.548955316348319,Create and Promote mid to long term contracts,Promote Tech Services,No action needed,Customize communication for customers with no dependents.
2865,2865,7517-LDMPS,Female,No,No,No,12,Yes,No,Fiber optic,No,Yes,No,No,No,Yes,Month-to-month,Yes,Electronic check,84.6,1017.35,No,Yes,0.4069098711893888,0.5930901288106112,Create and Promote mid to long term contracts,Promote Tech Services,Enhance and Promote Entertainment Services,Customize communication for customers with no dependents.
2867,2867,5226-NOZFC,Male,No,No,No,26,Yes,No,Fiber optic,No,Yes,No,No,Yes,No,Month-to-month,Yes,Electronic check,85.75,2146.5,No,Yes,0.4639952650007031,0.5360047349992969,Create and Promote mid to long term contracts,Promote Tech Services,Enhance and Promote Entertainment Services,Customize communication for customers with no dependents.
2868,2868,2672-HUYVI,Female,No,No,No,6,Yes,No,Fiber optic,No,No,No,No,Yes,Yes,Month-to-month,Yes,Electronic check,91.1,455.3,Yes,Yes,0.077216422848733,0.9227835771512668,Create and Promote mid to long term contracts,Promote Tech Services,Enhance and Promote Entertainment Services,Customize communication for customers with no dependents.
2870,2870,7508-MYBOG,Male,No,Yes,No,14,Yes,Yes,Fiber optic,No,No,No,No,Yes,No,Month-to-month,Yes,Electronic check,86.1,1235.55,Yes,Yes,0.1894750209347866,0.8105249790652134,Create and Promote mid to long term contracts,Promote Tech Services,Enhance and Promote Entertainment Services,Customize communication for customers with no dependents.
2872,2872,0148-DCDOS,Male,No,No,No,25,Yes,Yes,Fiber optic,No,No,No,No,Yes,Yes,Month-to-month,Yes,Bank transfer (automatic),94.7,2362.1,Yes,Yes,0.2966795867602663,0.7033204132397337,Create and Promote mid to long term contracts,Promote Tech Services,Enhance and Promote Entertainment Services,Customize communication for customers with no dependents.
2874,2874,9992-RRAMN,Male,No,Yes,No,22,Yes,Yes,Fiber optic,No,No,No,No,No,Yes,Month-to-month,Yes,Electronic check,85.1,1873.7,Yes,Yes,0.2808865704109471,0.7191134295890529,Create and Promote mid to long term contracts,Promote Tech Services,Enhance and Promote Entertainment Services,Customize communication for customers with no dependents.
2876,2876,0310-MVLET,Female,No,Yes,Yes,61,Yes,Yes,Fiber optic,No,Yes,No,No,Yes,Yes,Month-to-month,Yes,Electronic check,99.15,6010.05,Yes,Yes,0.4465900190863636,0.5534099809136364,Create and Promote mid to long term contracts,Promote Tech Services,Enhance and Promote Entertainment Services,No action needed
2878,2878,4550-VBOFE,Male,Yes,Yes,No,70,Yes,Yes,Fiber optic,No,Yes,Yes,No,Yes,Yes,Month-to-month,Yes,Electronic check,102.95,7101.5,Yes,Yes,0.3341270452020574,0.6658729547979426,Create and Promote mid to long term contracts,Promote Tech Services,Enhance and Promote Entertainment Services,Engage with senior citizens to better understand their needs and concerns.
2879,2879,2187-PKZAY,Male,No,No,No,12,Yes,No,Fiber optic,No,No,No,No,No,Yes,Month-to-month,Yes,Bank transfer (automatic),79.95,1043.4,No,Yes,0.3951515940665169,0.6048484059334831,Create and Promote mid to long term contracts,Promote Tech Services,Enhance and Promote Entertainment Services,Customize communication for customers with no dependents.
2886,2886,5696-QURRL,Male,No,No,No,1,Yes,No,DSL,No,No,No,No,No,No,Month-to-month,Yes,Mailed check,45.05,45.05,Yes,Yes,0.326809964026496,0.673190035973504,Create and Promote mid to long term contracts,Promote Tech Services,No action needed,Customize communication for customers with no dependents.
2887,2887,7409-KIUTL,Female,Yes,No,Yes,1,Yes,No,Fiber optic,No,No,No,No,No,No,Month-to-month,Yes,Electronic check,71.0,71.0,Yes,Yes,0.1023995098406042,0.8976004901593958,Create and Promote mid to long term contracts,Promote Tech Services,No action needed,Engage with senior citizens to better understand their needs and concerns.
2889,2889,1732-VHUBQ,Female,Yes,Yes,Yes,47,Yes,No,Fiber optic,No,No,No,No,No,No,Month-to-month,No,Bank transfer (automatic),70.55,3309.25,Yes,Yes,0.4712028325911862,0.5287971674088138,Create and Promote mid to long term contracts,Promote Tech Services,No action needed,Engage with senior citizens to better understand their needs and concerns.
2890,2890,0495-RVCBF,Female,No,No,No,1,Yes,No,Fiber optic,No,No,No,No,No,Yes,Month-to-month,Yes,Electronic check,79.7,79.7,Yes,Yes,0.0357840519941983,0.9642159480058016,Create and Promote mid to long term contracts,Promote Tech Services,Enhance and Promote Entertainment Services,Customize communication for customers with no dependents.
2899,2899,0679-IDSTG,Female,Yes,Yes,Yes,1,Yes,No,Fiber optic,No,No,No,No,No,No,Month-to-month,Yes,Electronic check,69.25,69.25,Yes,Yes,0.0692666806416278,0.930733319358372,Create and Promote mid to long term contracts,Promote Tech Services,No action needed,Engage with senior citizens to better understand their needs and concerns.
2906,2906,0611-DFXKO,Male,No,Yes,No,20,Yes,No,Fiber optic,No,No,No,No,Yes,Yes,Month-to-month,Yes,Mailed check,89.0,1820.45,Yes,Yes,0.346241717178643,0.653758282821357,Create and Promote mid to long term contracts,Promote Tech Services,Enhance and Promote Entertainment Services,Customize communication for customers with no dependents.
2907,2907,7780-OTDSO,Male,No,Yes,No,18,Yes,Yes,Fiber optic,Yes,No,No,No,Yes,Yes,Month-to-month,Yes,Electronic check,99.4,1742.95,Yes,Yes,0.2095548479138148,0.7904451520861852,Create and Promote mid to long term contracts,Promote Tech Services,Enhance and Promote Entertainment Services,Customize communication for customers with no dependents.
2910,2910,9747-DDZOS,Female,No,No,No,1,Yes,No,Fiber optic,No,No,Yes,No,No,No,Month-to-month,No,Bank transfer (automatic),73.5,73.5,Yes,Yes,0.0805775925978409,0.9194224074021592,Create and Promote mid to long term contracts,Promote Tech Services,No action needed,Customize communication for customers with no dependents.
2920,2920,0564-JJHGS,Male,No,No,No,9,Yes,Yes,Fiber optic,No,No,No,No,Yes,Yes,Month-to-month,Yes,Electronic check,95.5,829.1,Yes,Yes,0.1231616299913465,0.8768383700086535,Create and Promote mid to long term contracts,Promote Tech Services,Enhance and Promote Entertainment Services,Customize communication for customers with no dependents.
2921,2921,3348-CFRNX,Female,No,Yes,No,28,Yes,No,Fiber optic,Yes,No,No,No,Yes,Yes,Month-to-month,Yes,Mailed check,92.35,2602.9,Yes,Yes,0.3691271967906737,0.6308728032093263,Create and Promote mid to long term contracts,Promote Tech Services,Enhance and Promote Entertainment Services,Customize communication for customers with no dependents.
2923,2923,1428-GTBJJ,Male,No,No,No,11,Yes,No,Fiber optic,No,Yes,No,No,No,No,Month-to-month,Yes,Electronic check,74.55,824.75,Yes,Yes,0.2477509262118866,0.7522490737881133,Create and Promote mid to long term contracts,Promote Tech Services,No action needed,Customize communication for customers with no dependents.
2926,2926,5542-TBBWB,Male,No,No,No,1,Yes,No,Fiber optic,No,No,No,No,No,No,Month-to-month,Yes,Electronic check,69.9,69.9,No,Yes,0.0883458487737127,0.9116541512262872,Create and Promote mid to long term contracts,Promote Tech Services,No action needed,Customize communication for customers with no dependents.
2938,2938,8802-UNOJF,Male,Yes,No,No,12,Yes,No,Fiber optic,No,Yes,Yes,Yes,No,No,Month-to-month,Yes,Mailed check,83.8,1029.75,Yes,Yes,0.3164649910800156,0.6835350089199844,Create and Promote mid to long term contracts,Promote Tech Services,No action needed,Engage with senior citizens to better understand their needs and concerns.
2939,2939,6313-GIDIT,Male,Yes,No,No,53,No,No phone service,DSL,No,Yes,Yes,No,Yes,Yes,Month-to-month,Yes,Electronic check,54.45,2854.55,Yes,Yes,0.3740930571776177,0.6259069428223822,Create and Promote mid to long term contracts,Promote Tech Services,Enhance and Promote Entertainment Services,Engage with senior citizens to better understand their needs and concerns.
2947,2947,2845-AFFTX,Male,Yes,Yes,No,41,Yes,Yes,Fiber optic,No,No,Yes,No,Yes,Yes,Month-to-month,Yes,Electronic check,99.8,4259.3,Yes,Yes,0.2268281569708052,0.7731718430291947,Create and Promote mid to long term contracts,Promote Tech Services,Enhance and Promote Entertainment Services,Engage with senior citizens to better understand their needs and concerns.
2952,2952,2249-YPRNG,Female,No,Yes,Yes,20,Yes,Yes,Fiber optic,No,Yes,Yes,No,Yes,Yes,Month-to-month,Yes,Bank transfer (automatic),105.85,2239.65,Yes,Yes,0.2580483210871807,0.7419516789128193,Create and Promote mid to long term contracts,Promote Tech Services,Enhance and Promote Entertainment Services,No action needed
2953,2953,7410-YTJIK,Female,No,No,No,7,Yes,Yes,Fiber optic,No,No,No,No,No,No,Month-to-month,No,Mailed check,75.45,480.75,Yes,Yes,0.1900150738247876,0.8099849261752123,Create and Promote mid to long term contracts,Promote Tech Services,No action needed,Customize communication for customers with no dependents.
2954,2954,4626-GYCZP,Male,No,No,No,7,Yes,Yes,Fiber optic,No,No,No,No,Yes,Yes,Month-to-month,Yes,Electronic check,93.85,635.6,Yes,Yes,0.1258332030822394,0.8741667969177606,Create and Promote mid to long term contracts,Promote Tech Services,Enhance and Promote Entertainment Services,Customize communication for customers with no dependents.
2959,2959,5590-BYNII,Male,No,No,No,22,Yes,Yes,Fiber optic,Yes,No,No,No,Yes,Yes,Month-to-month,Yes,Electronic check,100.75,2095.0,Yes,Yes,0.2025818835370149,0.7974181164629851,Create and Promote mid to long term contracts,Promote Tech Services,Enhance and Promote Entertainment Services,Customize communication for customers with no dependents.
2961,2961,3237-AJGEH,Female,No,Yes,Yes,3,No,No phone service,DSL,No,No,No,Yes,No,No,Month-to-month,Yes,Mailed check,31.0,95.05,Yes,Yes,0.3455324716250617,0.6544675283749383,Create and Promote mid to long term contracts,Promote Tech Services,No action needed,No action needed
2964,2964,1591-NFNLQ,Male,No,No,No,51,Yes,Yes,Fiber optic,No,No,Yes,No,No,No,Month-to-month,No,Credit card (automatic),80.0,4242.35,Yes,Yes,0.3436841952072944,0.6563158047927056,Create and Promote mid to long term contracts,Promote Tech Services,No action needed,Customize communication for customers with no dependents.
2965,2965,8648-PFRMP,Female,Yes,No,No,14,No,No phone service,DSL,No,No,No,No,Yes,Yes,Month-to-month,Yes,Electronic check,46.35,672.7,No,Yes,0.4324888971558688,0.5675111028441312,Create and Promote mid to long term contracts,Promote Tech Services,Enhance and Promote Entertainment Services,Engage with senior citizens to better understand their needs and concerns.
2969,2969,2815-CPTUL,Male,Yes,No,No,5,Yes,No,Fiber optic,No,No,No,No,No,No,Month-to-month,Yes,Mailed check,70.25,331.9,Yes,Yes,0.3385845448372782,0.6614154551627218,Create and Promote mid to long term contracts,Promote Tech Services,No action needed,Engage with senior citizens to better understand their needs and concerns.
2972,2972,0596-BQCEQ,Female,No,Yes,Yes,62,Yes,No,Fiber optic,No,Yes,Yes,No,Yes,Yes,Month-to-month,Yes,Electronic check,100.15,6283.3,Yes,Yes,0.3786448229197465,0.6213551770802535,Create and Promote mid to long term contracts,Promote Tech Services,Enhance and Promote Entertainment Services,No action needed
2973,2973,1481-ZUWZA,Male,No,No,No,28,Yes,Yes,Fiber optic,Yes,Yes,No,No,No,Yes,Month-to-month,Yes,Credit card (automatic),94.5,2659.4,Yes,Yes,0.3927966933741013,0.6072033066258987,Create and Promote mid to long term contracts,Promote Tech Services,Enhance and Promote Entertainment Services,Customize communication for customers with no dependents.
2976,2976,5906-BFOZT,Male,No,No,No,1,Yes,No,No,No internet service,No internet service,No internet service,No internet service,No internet service,No internet service,Month-to-month,Yes,Mailed check,19.5,19.5,No,Yes,0.4239506200442476,0.5760493799557523,Create and Promote mid to long term contracts,No action needed,No action needed,Customize communication for customers with no dependents.
2989,2989,2309-OSFEU,Male,No,No,No,10,No,No phone service,DSL,No,No,No,No,No,Yes,Month-to-month,Yes,Mailed check,33.9,298.45,Yes,Yes,0.2393733434783401,0.7606266565216598,Create and Promote mid to long term contracts,Promote Tech Services,Enhance and Promote Entertainment Services,Customize communication for customers with no dependents.
2994,2994,2209-XADXF,Female,No,No,No,1,No,No phone service,DSL,No,No,No,No,No,No,Month-to-month,No,Bank transfer (automatic),25.25,25.25,No,Yes,0.2821835678010277,0.7178164321989723,Create and Promote mid to long term contracts,Promote Tech Services,No action needed,Customize communication for customers with no dependents.
2996,2996,1891-FZYSA,Male,Yes,Yes,No,69,Yes,Yes,Fiber optic,No,Yes,No,No,Yes,No,Month-to-month,Yes,Electronic check,89.95,6143.15,Yes,Yes,0.3981460250091979,0.6018539749908021,Create and Promote mid to long term contracts,Promote Tech Services,Enhance and Promote Entertainment Services,Engage with senior citizens to better understand their needs and concerns.
2997,2997,4770-UEZOX,Male,No,No,No,2,Yes,No,Fiber optic,No,Yes,No,No,No,No,Month-to-month,Yes,Electronic check,74.75,144.8,No,Yes,0.4710480135974925,0.5289519864025075,Create and Promote mid to long term contracts,Promote Tech Services,No action needed,Customize communication for customers with no dependents.
2999,2999,7613-LLQFO,Male,No,No,No,12,Yes,Yes,Fiber optic,No,No,No,No,Yes,No,Month-to-month,Yes,Electronic check,84.45,1059.55,Yes,Yes,0.2296519458537101,0.7703480541462898,Create and Promote mid to long term contracts,Promote Tech Services,Enhance and Promote Entertainment Services,Customize communication for customers with no dependents.
3002,3002,2640-PMGFL,Male,No,No,Yes,27,Yes,Yes,Fiber optic,No,No,No,Yes,No,No,Month-to-month,Yes,Electronic check,79.5,2180.55,Yes,Yes,0.4060122508505416,0.5939877491494584,Create and Promote mid to long term contracts,Promote Tech Services,No action needed,No action needed
3003,3003,3801-HMYNL,Male,No,Yes,Yes,1,Yes,No,Fiber optic,No,No,No,No,Yes,Yes,Month-to-month,No,Mailed check,89.15,89.15,Yes,Yes,0.2151729585144793,0.7848270414855206,Create and Promote mid to long term contracts,Promote Tech Services,Enhance and Promote Entertainment Services,No action needed
3005,3005,9685-WKZGT,Male,Yes,No,No,14,Yes,Yes,Fiber optic,No,No,No,No,No,No,Month-to-month,Yes,Electronic check,74.95,1036.75,Yes,Yes,0.2405047786692948,0.7594952213307051,Create and Promote mid to long term contracts,Promote Tech Services,No action needed,Engage with senior citizens to better understand their needs and concerns.
3006,3006,6022-UGGSO,Female,Yes,No,No,32,Yes,No,Fiber optic,No,Yes,No,No,No,No,Month-to-month,Yes,Electronic check,74.4,2276.95,Yes,Yes,0.2468301841506942,0.7531698158493058,Create and Promote mid to long term contracts,Promote Tech Services,No action needed,Engage with senior citizens to better understand their needs and concerns.
3015,3015,4484-CGXFK,Female,No,No,No,3,Yes,No,DSL,No,No,No,No,No,Yes,Month-to-month,Yes,Electronic check,55.3,196.15,Yes,Yes,0.2543439853665469,0.7456560146334531,Create and Promote mid to long term contracts,Promote Tech Services,Enhance and Promote Entertainment Services,Customize communication for customers with no dependents.
3018,3018,6214-EDAKZ,Female,No,Yes,Yes,22,Yes,No,DSL,No,Yes,No,Yes,No,No,Month-to-month,No,Electronic check,55.15,1206.05,Yes,Yes,0.4995471614833499,0.5004528385166501,Create and Promote mid to long term contracts,Promote Tech Services,No action needed,No action needed
3025,3025,6127-ISGTU,Female,No,Yes,No,16,Yes,Yes,Fiber optic,No,No,No,No,Yes,No,Month-to-month,Yes,Electronic check,84.95,1378.25,Yes,Yes,0.1658888680868611,0.8341111319131389,Create and Promote mid to long term contracts,Promote Tech Services,Enhance and Promote Entertainment Services,Customize communication for customers with no dependents.
3027,3027,8740-XLHDR,Male,No,No,No,5,No,No phone service,DSL,Yes,Yes,Yes,Yes,No,No,Month-to-month,Yes,Mailed check,43.25,219.0,Yes,Yes,0.3788819527887538,0.6211180472112462,Create and Promote mid to long term contracts,No action needed,No action needed,Customize communication for customers with no dependents.
3029,3029,1761-AEZZR,Male,No,No,No,1,Yes,No,Fiber optic,No,No,No,No,Yes,No,Month-to-month,Yes,Electronic check,79.55,79.55,Yes,Yes,0.0578240924642322,0.9421759075357676,Create and Promote mid to long term contracts,Promote Tech Services,Enhance and Promote Entertainment Services,Customize communication for customers with no dependents.
3030,3030,3923-CSIHK,Female,Yes,Yes,No,50,Yes,No,Fiber optic,No,No,No,No,No,No,Month-to-month,Yes,Electronic check,71.05,3444.85,Yes,Yes,0.3624090040864236,0.6375909959135764,Create and Promote mid to long term contracts,Promote Tech Services,No action needed,Engage with senior citizens to better understand their needs and concerns.
3033,3033,7120-RFMVS,Male,No,No,No,1,Yes,Yes,Fiber optic,No,No,No,No,Yes,No,Month-to-month,No,Electronic check,84.5,84.5,Yes,Yes,0.1244543475511941,0.8755456524488059,Create and Promote mid to long term contracts,Promote Tech Services,Enhance and Promote Entertainment Services,Customize communication for customers with no dependents.
3041,3041,1322-AGOQM,Male,No,No,No,46,No,No phone service,DSL,No,Yes,No,No,No,No,Month-to-month,No,Bank transfer (automatic),30.3,1380.1,Yes,Yes,0.2511007945264967,0.7488992054735033,Create and Promote mid to long term contracts,Promote Tech Services,No action needed,Customize communication for customers with no dependents.
3042,3042,3677-IYRBF,Female,Yes,No,No,2,No,No phone service,DSL,No,No,Yes,No,No,No,Month-to-month,Yes,Electronic check,30.4,78.65,Yes,Yes,0.0735908771048854,0.9264091228951146,Create and Promote mid to long term contracts,Promote Tech Services,No action needed,Engage with senior citizens to better understand their needs and concerns.
3043,3043,5692-FPTAH,Female,No,No,No,1,Yes,No,DSL,No,No,No,No,No,No,Month-to-month,Yes,Mailed check,45.4,45.4,Yes,Yes,0.2897597649552,0.7102402350447999,Create and Promote mid to long term contracts,Promote Tech Services,No action needed,Customize communication for customers with no dependents.
3046,3046,1550-LOAHA,Female,No,Yes,No,32,Yes,No,Fiber optic,No,Yes,No,No,No,Yes,Month-to-month,No,Bank transfer (automatic),84.15,2585.95,Yes,Yes,0.3771850424733278,0.6228149575266722,Create and Promote mid to long term contracts,Promote Tech Services,Enhance and Promote Entertainment Services,Customize communication for customers with no dependents.
3047,3047,1728-BQDMA,Female,No,No,No,2,Yes,No,DSL,No,No,No,No,No,No,Month-to-month,No,Electronic check,44.45,82.7,No,Yes,0.3194948901829797,0.6805051098170203,Create and Promote mid to long term contracts,Promote Tech Services,No action needed,Customize communication for customers with no dependents.
3048,3048,0268-QKIWO,Female,No,No,No,3,Yes,No,No,No internet service,No internet service,No internet service,No internet service,No internet service,No internet service,Month-to-month,No,Electronic check,19.75,58.85,Yes,Yes,0.2882625841351963,0.7117374158648037,Create and Promote mid to long term contracts,No action needed,No action needed,Customize communication for customers with no dependents.
3049,3049,0876-WDUUZ,Female,No,No,No,5,Yes,No,Fiber optic,No,No,No,Yes,No,Yes,Month-to-month,Yes,Credit card (automatic),85.4,425.9,Yes,Yes,0.1895446812300564,0.8104553187699436,Create and Promote mid to long term contracts,Promote Tech Services,Enhance and Promote Entertainment Services,Customize communication for customers with no dependents.
3054,3054,0617-FHSGK,Male,No,No,Yes,49,Yes,Yes,Fiber optic,No,No,No,No,No,No,Month-to-month,No,Credit card (automatic),75.2,3678.3,Yes,Yes,0.3412506400536889,0.6587493599463111,Create and Promote mid to long term contracts,Promote Tech Services,No action needed,No action needed
3060,3060,8118-LSUEL,Male,Yes,No,No,23,Yes,Yes,Fiber optic,No,Yes,Yes,No,Yes,Yes,Month-to-month,Yes,Electronic check,106.4,2483.5,Yes,Yes,0.1436216161550474,0.8563783838449526,Create and Promote mid to long term contracts,Promote Tech Services,Enhance and Promote Entertainment Services,Engage with senior citizens to better understand their needs and concerns.
3062,3062,1666-JXLKU,Female,No,No,No,37,Yes,Yes,Fiber optic,No,No,Yes,No,Yes,Yes,Month-to-month,Yes,Electronic check,100.05,3810.55,No,Yes,0.2628391097087882,0.7371608902912118,Create and Promote mid to long term contracts,Promote Tech Services,Enhance and Promote Entertainment Services,Customize communication for customers with no dependents.
3063,3063,7855-DIWPO,Female,No,No,No,21,Yes,No,Fiber optic,No,No,No,No,No,No,Month-to-month,Yes,Electronic check,68.65,1493.2,No,Yes,0.3981121626255028,0.6018878373744971,Create and Promote mid to long term contracts,Promote Tech Services,No action needed,Customize communication for customers with no dependents.
3064,3064,5133-POWUA,Male,No,No,No,1,Yes,No,DSL,No,No,No,No,No,No,Month-to-month,Yes,Mailed check,45.8,45.8,No,Yes,0.2903154366060018,0.7096845633939982,Create and Promote mid to long term contracts,Promote Tech Services,No action needed,Customize communication for customers with no dependents.
3065,3065,5652-MSDEY,Female,No,No,No,10,Yes,Yes,Fiber optic,No,No,No,No,No,No,Month-to-month,Yes,Mailed check,75.75,777.3,No,Yes,0.4679893320326177,0.5320106679673823,Create and Promote mid to long term contracts,Promote Tech Services,No action needed,Customize communication for customers with no dependents.
3066,3066,7005-CCBKV,Male,No,No,No,6,Yes,No,Fiber optic,No,Yes,No,No,No,Yes,Month-to-month,Yes,Electronic check,84.4,556.35,Yes,Yes,0.2312160554178887,0.7687839445821113,Create and Promote mid to long term contracts,Promote Tech Services,Enhance and Promote Entertainment Services,Customize communication for customers with no dependents.
3075,3075,4250-FDVOU,Female,No,No,No,6,Yes,No,DSL,Yes,Yes,No,No,No,No,Month-to-month,No,Electronic check,56.25,389.1,Yes,Yes,0.4528761039414064,0.5471238960585936,Create and Promote mid to long term contracts,Promote Tech Services,No action needed,Customize communication for customers with no dependents.
3077,3077,5277-ZLOOR,Female,Yes,No,No,2,Yes,Yes,Fiber optic,No,No,No,No,Yes,No,Month-to-month,Yes,Electronic check,85.55,187.45,Yes,Yes,0.0805782434229616,0.9194217565770384,Create and Promote mid to long term contracts,Promote Tech Services,Enhance and Promote Entertainment Services,Engage with senior citizens to better understand their needs and concerns.
3078,3078,2141-RRYGO,Female,No,No,No,4,Yes,No,DSL,No,Yes,No,No,Yes,Yes,Month-to-month,Yes,Bank transfer (automatic),68.65,261.25,Yes,Yes,0.3157288617909667,0.6842711382090333,Create and Promote mid to long term contracts,Promote Tech Services,Enhance and Promote Entertainment Services,Customize communication for customers with no dependents.
3080,3080,6376-GAHQE,Male,No,No,No,4,Yes,No,Fiber optic,No,No,No,No,Yes,No,Month-to-month,No,Electronic check,77.85,299.2,Yes,Yes,0.1134465109687273,0.8865534890312726,Create and Promote mid to long term contracts,Promote Tech Services,Enhance and Promote Entertainment Services,Customize communication for customers with no dependents.
3084,3084,5052-PNLOS,Male,No,No,No,3,Yes,Yes,Fiber optic,No,Yes,Yes,No,Yes,Yes,Month-to-month,Yes,Bank transfer (automatic),105.35,323.25,Yes,Yes,0.1209285347140521,0.8790714652859478,Create and Promote mid to long term contracts,Promote Tech Services,Enhance and Promote Entertainment Services,Customize communication for customers with no dependents.
3086,3086,6979-ZNSFF,Female,No,No,No,8,Yes,Yes,Fiber optic,No,No,No,No,Yes,No,Month-to-month,Yes,Electronic check,87.05,762.1,Yes,Yes,0.0852749655316467,0.9147250344683532,Create and Promote mid to long term contracts,Promote Tech Services,Enhance and Promote Entertainment Services,Customize communication for customers with no dependents.
3089,3089,2386-LAHRK,Male,No,No,No,1,Yes,No,DSL,No,No,No,No,Yes,No,Month-to-month,Yes,Mailed check,53.5,53.5,Yes,Yes,0.193219781589115,0.806780218410885,Create and Promote mid to long term contracts,Promote Tech Services,Enhance and Promote Entertainment Services,Customize communication for customers with no dependents.
3091,3091,6032-IGALN,Female,No,No,No,1,No,No phone service,DSL,No,No,No,No,No,No,Month-to-month,Yes,Mailed check,25.1,25.1,Yes,Yes,0.2235970843450903,0.7764029156549097,Create and Promote mid to long term contracts,Promote Tech Services,No action needed,Customize communication for customers with no dependents.
3097,3097,4248-HCETZ,Male,Yes,Yes,No,30,Yes,No,Fiber optic,No,Yes,Yes,No,No,No,Month-to-month,Yes,Mailed check,79.65,2365.15,Yes,Yes,0.4442468715360365,0.5557531284639635,Create and Promote mid to long term contracts,Promote Tech Services,No action needed,Engage with senior citizens to better understand their needs and concerns.
3101,3101,0516-WJVXC,Female,No,No,No,5,Yes,No,DSL,Yes,No,No,Yes,No,No,Month-to-month,No,Electronic check,54.2,308.25,Yes,Yes,0.4763839402153219,0.5236160597846781,Create and Promote mid to long term contracts,Promote Tech Services,No action needed,Customize communication for customers with no dependents.
3102,3102,9174-FKWZE,Female,Yes,No,No,1,Yes,No,No,No internet service,No internet service,No internet service,No internet service,No internet service,No internet service,Month-to-month,Yes,Electronic check,19.45,19.45,Yes,Yes,0.2358885575379659,0.7641114424620341,Create and Promote mid to long term contracts,No action needed,No action needed,Engage with senior citizens to better understand their needs and concerns.
3103,3103,6860-YRJZP,Male,Yes,No,No,9,Yes,Yes,Fiber optic,No,No,No,No,No,No,Month-to-month,Yes,Electronic check,74.05,678.45,No,Yes,0.492517926192934,0.507482073807066,Create and Promote mid to long term contracts,Promote Tech Services,No action needed,Engage with senior citizens to better understand their needs and concerns.
3112,3112,0396-YCHWO,Male,No,Yes,No,36,Yes,Yes,Fiber optic,No,No,No,No,Yes,Yes,Month-to-month,Yes,Electronic check,95.4,3474.2,No,Yes,0.3767216260315049,0.6232783739684951,Create and Promote mid to long term contracts,Promote Tech Services,Enhance and Promote Entertainment Services,Customize communication for customers with no dependents.
3114,3114,4822-NGOCH,Female,No,No,No,13,Yes,Yes,Fiber optic,No,Yes,Yes,No,No,No,Month-to-month,Yes,Electronic check,84.45,1058.6,Yes,Yes,0.2195134216147967,0.7804865783852033,Create and Promote mid to long term contracts,Promote Tech Services,No action needed,Customize communication for customers with no dependents.
3118,3118,5307-DZCVC,Female,Yes,Yes,No,32,Yes,Yes,Fiber optic,No,No,No,No,Yes,No,Month-to-month,Yes,Credit card (automatic),85.95,2628.6,Yes,Yes,0.2751390930246302,0.7248609069753698,Create and Promote mid to long term contracts,Promote Tech Services,Enhance and Promote Entertainment Services,Engage with senior citizens to better understand their needs and concerns.
3120,3120,8679-JOEVF,Female,Yes,No,No,16,Yes,No,DSL,No,No,No,Yes,Yes,No,Month-to-month,No,Electronic check,59.4,1023.9,Yes,Yes,0.3893134177877452,0.6106865822122548,Create and Promote mid to long term contracts,Promote Tech Services,Enhance and Promote Entertainment Services,Engage with senior citizens to better understand their needs and concerns.
3126,3126,1432-FPAXX,Female,No,No,No,29,No,No phone service,DSL,No,Yes,No,No,No,No,Month-to-month,Yes,Electronic check,30.6,856.35,Yes,Yes,0.3826825601195212,0.6173174398804788,Create and Promote mid to long term contracts,Promote Tech Services,No action needed,Customize communication for customers with no dependents.
3134,3134,4803-AXVYP,Female,Yes,No,No,38,Yes,Yes,Fiber optic,No,No,No,Yes,Yes,Yes,Month-to-month,Yes,Electronic check,99.55,3734.25,Yes,Yes,0.2958421109127356,0.7041578890872644,Create and Promote mid to long term contracts,Promote Tech Services,Enhance and Promote Entertainment Services,Engage with senior citizens to better understand their needs and concerns.
3135,3135,3884-HCSWG,Female,No,No,No,17,Yes,No,Fiber optic,No,No,No,No,No,No,Month-to-month,Yes,Electronic check,70.0,1144.5,Yes,Yes,0.3034024819394613,0.6965975180605387,Create and Promote mid to long term contracts,Promote Tech Services,No action needed,Customize communication for customers with no dependents.
3137,3137,5077-DXTCG,Female,No,No,No,1,Yes,No,DSL,No,No,No,No,No,No,Month-to-month,Yes,Electronic check,45.3,45.3,Yes,Yes,0.1291577523717572,0.8708422476282428,Create and Promote mid to long term contracts,Promote Tech Services,No action needed,Customize communication for customers with no dependents.
3138,3138,1142-WACZW,Male,No,No,No,2,No,No phone service,DSL,No,No,No,Yes,No,No,Month-to-month,No,Bank transfer (automatic),29.85,75.6,Yes,Yes,0.2445266113230313,0.7554733886769687,Create and Promote mid to long term contracts,Promote Tech Services,No action needed,Customize communication for customers with no dependents.
3139,3139,7901-HXJVA,Male,No,No,No,14,Yes,No,Fiber optic,No,No,Yes,No,No,No,Month-to-month,No,Electronic check,76.45,1117.55,No,Yes,0.4209038614269549,0.5790961385730451,Create and Promote mid to long term contracts,Promote Tech Services,No action needed,Customize communication for customers with no dependents.
3140,3140,5649-ANRML,Male,Yes,No,No,2,Yes,No,Fiber optic,No,Yes,Yes,Yes,No,Yes,Month-to-month,Yes,Credit card (automatic),95.1,180.25,Yes,Yes,0.2552518179764839,0.7447481820235161,Create and Promote mid to long term contracts,Promote Tech Services,Enhance and Promote Entertainment Services,Engage with senior citizens to better understand their needs and concerns.
3141,3141,4892-VLANZ,Male,No,No,No,1,Yes,No,No,No internet service,No internet service,No internet service,No internet service,No internet service,No internet service,Month-to-month,No,Mailed check,19.8,19.8,Yes,Yes,0.3706640661791197,0.6293359338208803,Create and Promote mid to long term contracts,No action needed,No action needed,Customize communication for customers with no dependents.
3144,3144,2919-HBCJO,Female,No,No,No,4,Yes,No,Fiber optic,No,Yes,No,No,No,No,Month-to-month,Yes,Bank transfer (automatic),76.65,333.6,Yes,Yes,0.1162123783507085,0.8837876216492915,Create and Promote mid to long term contracts,Promote Tech Services,No action needed,Customize communication for customers with no dependents.
3145,3145,4236-XPXAV,Female,No,Yes,Yes,5,Yes,No,Fiber optic,No,Yes,No,Yes,Yes,Yes,Month-to-month,Yes,Mailed check,99.15,465.05,Yes,Yes,0.1396234476777664,0.8603765523222335,Create and Promote mid to long term contracts,Promote Tech Services,Enhance and Promote Entertainment Services,No action needed
3158,3158,5150-ITWWB,Male,Yes,No,No,3,Yes,Yes,Fiber optic,No,No,No,No,Yes,Yes,Month-to-month,Yes,Electronic check,94.85,335.75,No,Yes,0.2839306576221886,0.7160693423778114,Create and Promote mid to long term contracts,Promote Tech Services,Enhance and Promote Entertainment Services,Engage with senior citizens to better understand their needs and concerns.
3171,3171,8393-DLHGA,Male,No,No,Yes,25,Yes,No,Fiber optic,No,Yes,No,No,Yes,Yes,Month-to-month,Yes,Electronic check,95.9,2448.75,Yes,Yes,0.2551647162392966,0.7448352837607034,Create and Promote mid to long term contracts,Promote Tech Services,Enhance and Promote Entertainment Services,No action needed
3174,3174,7395-IGJOS,Male,Yes,Yes,No,17,Yes,No,Fiber optic,No,No,No,No,No,Yes,Month-to-month,No,Bank transfer (automatic),81.5,1329.2,Yes,Yes,0.2825152978968568,0.7174847021031432,Create and Promote mid to long term contracts,Promote Tech Services,Enhance and Promote Entertainment Services,Engage with senior citizens to better understand their needs and concerns.
3177,3177,2834-SPCJV,Male,No,Yes,No,52,Yes,No,Fiber optic,Yes,No,No,No,Yes,No,Month-to-month,No,Electronic check,84.1,4348.65,Yes,Yes,0.4206374992513931,0.5793625007486068,Create and Promote mid to long term contracts,Promote Tech Services,Enhance and Promote Entertainment Services,Customize communication for customers with no dependents.
3182,3182,7890-VYYWG,Male,Yes,Yes,No,3,No,No phone service,DSL,No,No,No,No,Yes,No,Month-to-month,Yes,Mailed check,36.45,93.7,Yes,Yes,0.169440198260929,0.830559801739071,Create and Promote mid to long term contracts,Promote Tech Services,Enhance and Promote Entertainment Services,Engage with senior citizens to better understand their needs and concerns.
3184,3184,9907-SWKKF,Female,Yes,No,No,1,No,No phone service,DSL,No,No,No,No,No,No,Month-to-month,No,Mailed check,25.05,25.05,Yes,Yes,0.0847509135361379,0.915249086463862,Create and Promote mid to long term contracts,Promote Tech Services,No action needed,Engage with senior citizens to better understand their needs and concerns.
3193,3193,6397-JNZZG,Female,Yes,Yes,No,43,No,No phone service,DSL,No,Yes,Yes,No,Yes,Yes,Month-to-month,No,Credit card (automatic),55.55,2342.2,Yes,Yes,0.2918613899506503,0.7081386100493496,Create and Promote mid to long term contracts,Promote Tech Services,Enhance and Promote Entertainment Services,Engage with senior citizens to better understand their needs and concerns.
3196,3196,3523-QRQLL,Female,No,Yes,Yes,22,Yes,No,DSL,No,Yes,No,No,Yes,Yes,One year,Yes,Bank transfer (automatic),69.5,1498.2,Yes,Yes,0.4858231780132969,0.5141768219867031,Create and Promote mid to long term contracts,Promote Tech Services,Enhance and Promote Entertainment Services,No action needed
3199,3199,0895-DQHEW,Male,No,Yes,No,54,Yes,Yes,Fiber optic,No,Yes,Yes,No,Yes,Yes,Month-to-month,Yes,Electronic check,104.3,5278.15,Yes,Yes,0.3297239486906045,0.6702760513093955,Create and Promote mid to long term contracts,Promote Tech Services,Enhance and Promote Entertainment Services,Customize communication for customers with no dependents.
3201,3201,5501-TVMGM,Male,No,No,No,1,Yes,No,DSL,No,No,No,No,No,Yes,Month-to-month,Yes,Electronic check,55.25,55.25,No,Yes,0.2999635694316015,0.7000364305683985,Create and Promote mid to long term contracts,Promote Tech Services,Enhance and Promote Entertainment Services,Customize communication for customers with no dependents.
3208,3208,8149-RSOUN,Female,No,No,No,1,Yes,Yes,Fiber optic,No,No,No,No,Yes,Yes,Month-to-month,Yes,Electronic check,93.85,93.85,Yes,Yes,0.0278539559483177,0.9721460440516824,Create and Promote mid to long term contracts,Promote Tech Services,Enhance and Promote Entertainment Services,Customize communication for customers with no dependents.
3215,3215,7250-EQKIY,Female,No,Yes,Yes,1,Yes,No,DSL,No,No,Yes,No,No,No,Month-to-month,No,Mailed check,50.45,50.45,Yes,Yes,0.1046611025242933,0.8953388974757066,Create and Promote mid to long term contracts,Promote Tech Services,No action needed,No action needed
3221,3221,6817-WTYHE,Male,No,No,No,2,Yes,No,DSL,No,No,No,No,No,No,Month-to-month,No,Bank transfer (automatic),44.9,111.05,No,Yes,0.2967510814203214,0.7032489185796785,Create and Promote mid to long term contracts,Promote Tech Services,No action needed,Customize communication for customers with no dependents.
3223,3223,4013-UBXWQ,Female,No,No,No,7,Yes,Yes,DSL,No,No,No,Yes,Yes,Yes,Month-to-month,Yes,Electronic check,74.65,521.1,Yes,Yes,0.2719168433032767,0.7280831566967233,Create and Promote mid to long term contracts,Promote Tech Services,Enhance and Promote Entertainment Services,Customize communication for customers with no dependents.
3228,3228,5519-NPHVG,Female,No,No,No,12,Yes,Yes,Fiber optic,No,No,No,No,Yes,Yes,Month-to-month,Yes,Electronic check,94.2,1046.1,Yes,Yes,0.133094497300343,0.8669055026996569,Create and Promote mid to long term contracts,Promote Tech Services,Enhance and Promote Entertainment Services,Customize communication for customers with no dependents.
3232,3232,0928-JMXNP,Male,Yes,Yes,No,4,No,No phone service,DSL,No,No,Yes,No,No,No,Month-to-month,Yes,Electronic check,29.9,118.25,No,Yes,0.4553790122119434,0.5446209877880566,Create and Promote mid to long term contracts,Promote Tech Services,No action needed,Engage with senior citizens to better understand their needs and concerns.
3239,3239,8849-GYOKR,Female,No,Yes,No,54,Yes,Yes,Fiber optic,Yes,Yes,No,No,Yes,Yes,One year,No,Bank transfer (automatic),106.55,5763.3,Yes,Yes,0.3566769770751989,0.643323022924801,Create and Promote mid to long term contracts,Promote Tech Services,Enhance and Promote Entertainment Services,Customize communication for customers with no dependents.
3240,3240,3148-BLQJT,Male,No,No,No,1,Yes,No,No,No internet service,No internet service,No internet service,No internet service,No internet service,No internet service,Month-to-month,No,Mailed check,20.1,20.1,Yes,Yes,0.2768974951515146,0.7231025048484854,Create and Promote mid to long term contracts,No action needed,No action needed,Customize communication for customers with no dependents.
3244,3244,0461-CVKMU,Female,No,Yes,Yes,23,Yes,No,Fiber optic,No,Yes,Yes,Yes,No,No,Month-to-month,No,Electronic check,83.8,1900.25,Yes,Yes,0.4665548947789587,0.5334451052210413,Create and Promote mid to long term contracts,Promote Tech Services,No action needed,No action needed
3245,3245,8806-EAGWC,Male,No,No,No,3,Yes,No,DSL,No,No,No,No,Yes,No,Month-to-month,No,Mailed check,55.15,159.15,Yes,Yes,0.3988233635573959,0.6011766364426041,Create and Promote mid to long term contracts,Promote Tech Services,Enhance and Promote Entertainment Services,Customize communication for customers with no dependents.
3247,3247,7779-LGOVN,Male,Yes,Yes,No,10,Yes,Yes,Fiber optic,No,No,No,No,No,Yes,Month-to-month,Yes,Electronic check,86.65,856.65,Yes,Yes,0.1402006688496458,0.8597993311503541,Create and Promote mid to long term contracts,Promote Tech Services,Enhance and Promote Entertainment Services,Engage with senior citizens to better understand their needs and concerns.
3250,3250,9710-ZUSHQ,Female,Yes,No,No,37,Yes,Yes,Fiber optic,Yes,Yes,No,No,Yes,Yes,Month-to-month,Yes,Bank transfer (automatic),106.75,4056.75,Yes,Yes,0.3100097770845772,0.6899902229154228,Create and Promote mid to long term contracts,Promote Tech Services,Enhance and Promote Entertainment Services,Engage with senior citizens to better understand their needs and concerns.
3257,3257,7365-BVCJH,Male,No,No,No,1,No,No phone service,DSL,No,No,No,No,No,No,Month-to-month,Yes,Electronic check,24.4,24.4,No,Yes,0.1974604858713791,0.8025395141286209,Create and Promote mid to long term contracts,Promote Tech Services,No action needed,Customize communication for customers with no dependents.
3258,3258,9620-ENEJV,Female,No,No,No,6,Yes,No,Fiber optic,No,No,No,No,No,No,Month-to-month,No,Credit card (automatic),70.55,433.95,No,Yes,0.2966805966158438,0.7033194033841562,Create and Promote mid to long term contracts,Promote Tech Services,No action needed,Customize communication for customers with no dependents.
3259,3259,4183-WCSEP,Male,No,No,No,31,Yes,No,Fiber optic,No,Yes,No,Yes,No,No,Month-to-month,Yes,Electronic check,78.45,2435.15,Yes,Yes,0.4100331140608709,0.589966885939129,Create and Promote mid to long term contracts,Promote Tech Services,No action needed,Customize communication for customers with no dependents.
3261,3261,5498-TXHLF,Female,No,Yes,Yes,34,Yes,Yes,Fiber optic,No,No,Yes,No,Yes,No,Month-to-month,No,Electronic check,87.45,2874.15,Yes,Yes,0.3187748290120196,0.6812251709879804,Create and Promote mid to long term contracts,Promote Tech Services,Enhance and Promote Entertainment Services,No action needed
3264,3264,9722-UJOJR,Male,No,Yes,Yes,29,Yes,No,Fiber optic,No,No,No,No,No,No,Month-to-month,Yes,Electronic check,70.75,1974.8,Yes,Yes,0.3986450193429722,0.6013549806570277,Create and Promote mid to long term contracts,Promote Tech Services,No action needed,No action needed
3270,3270,3902-FOIGH,Male,Yes,Yes,No,12,Yes,Yes,Fiber optic,No,Yes,No,No,Yes,Yes,Month-to-month,Yes,Electronic check,101.35,1218.55,Yes,Yes,0.1360820363002636,0.8639179636997364,Create and Promote mid to long term contracts,Promote Tech Services,Enhance and Promote Entertainment Services,Engage with senior citizens to better understand their needs and concerns.
3271,3271,6772-KSATR,Male,No,No,No,1,Yes,Yes,Fiber optic,Yes,No,No,No,No,No,Month-to-month,Yes,Electronic check,81.7,81.7,Yes,Yes,0.145456613737607,0.854543386262393,Create and Promote mid to long term contracts,Promote Tech Services,No action needed,Customize communication for customers with no dependents.
3272,3272,7112-OPOTK,Male,No,No,No,33,Yes,No,Fiber optic,No,No,No,No,No,No,Month-to-month,No,Electronic check,68.25,2171.15,Yes,Yes,0.3763644174760271,0.6236355825239729,Create and Promote mid to long term contracts,Promote Tech Services,No action needed,Customize communication for customers with no dependents.
3275,3275,4210-QFJMF,Female,No,No,No,4,Yes,No,Fiber optic,No,No,No,No,No,Yes,Month-to-month,Yes,Electronic check,79.15,317.25,Yes,Yes,0.0830581457160862,0.9169418542839136,Create and Promote mid to long term contracts,Promote Tech Services,Enhance and Promote Entertainment Services,Customize communication for customers with no dependents.
3285,3285,3318-OSATS,Male,Yes,No,No,35,Yes,Yes,Fiber optic,No,No,No,No,Yes,Yes,Month-to-month,Yes,Electronic check,95.45,3474.05,Yes,Yes,0.2329190643438843,0.7670809356561157,Create and Promote mid to long term contracts,Promote Tech Services,Enhance and Promote Entertainment Services,Engage with senior citizens to better understand their needs and concerns.
3286,3286,5828-AVIPD,Male,No,Yes,Yes,19,Yes,Yes,Fiber optic,No,No,No,Yes,Yes,Yes,One year,Yes,Electronic check,100.95,1875.55,Yes,Yes,0.3791166351893638,0.6208833648106362,Create and Promote mid to long term contracts,Promote Tech Services,Enhance and Promote Entertainment Services,No action needed
3291,3291,7284-BUYEC,Female,No,No,No,5,No,No phone service,DSL,No,Yes,No,No,Yes,Yes,Month-to-month,Yes,Credit card (automatic),50.95,229.4,No,Yes,0.4795082927804772,0.5204917072195228,Create and Promote mid to long term contracts,Promote Tech Services,Enhance and Promote Entertainment Services,Customize communication for customers with no dependents.
3293,3293,1086-LXKFY,Female,No,Yes,Yes,1,Yes,No,Fiber optic,No,No,No,No,No,No,Month-to-month,Yes,Mailed check,69.1,69.1,Yes,Yes,0.0902904333186236,0.9097095666813764,Create and Promote mid to long term contracts,Promote Tech Services,No action needed,No action needed
3300,3300,2636-ALXXZ,Female,Yes,No,No,1,Yes,No,Fiber optic,No,No,No,No,No,No,Month-to-month,Yes,Electronic check,69.6,69.6,Yes,Yes,0.0546972892846889,0.945302710715311,Create and Promote mid to long term contracts,Promote Tech Services,No action needed,Engage with senior citizens to better understand their needs and concerns.
3301,3301,7774-OJSXI,Male,No,No,No,31,Yes,Yes,Fiber optic,No,Yes,Yes,No,Yes,Yes,One year,Yes,Electronic check,103.45,3066.45,Yes,Yes,0.3478417998135044,0.6521582001864956,Create and Promote mid to long term contracts,Promote Tech Services,Enhance and Promote Entertainment Services,Customize communication for customers with no dependents.
3302,3302,7786-WBJYI,Female,No,No,No,4,Yes,Yes,Fiber optic,No,Yes,No,No,No,No,Month-to-month,No,Bank transfer (automatic),77.95,305.55,Yes,Yes,0.1409555523097078,0.8590444476902922,Create and Promote mid to long term contracts,Promote Tech Services,No action needed,Customize communication for customers with no dependents.
3304,3304,5144-TVGLP,Male,Yes,No,No,38,Yes,Yes,Fiber optic,No,No,No,No,Yes,Yes,Month-to-month,No,Electronic check,94.75,3653.0,No,Yes,0.4747117503041627,0.5252882496958373,Create and Promote mid to long term contracts,Promote Tech Services,Enhance and Promote Entertainment Services,Engage with senior citizens to better understand their needs and concerns.
3309,3309,9885-CSMWE,Female,Yes,No,No,1,Yes,No,Fiber optic,No,No,No,No,Yes,No,Month-to-month,No,Electronic check,78.45,78.45,Yes,Yes,0.0576019335014935,0.9423980664985064,Create and Promote mid to long term contracts,Promote Tech Services,Enhance and Promote Entertainment Services,Engage with senior citizens to better understand their needs and concerns.
3317,3317,5016-ETTFF,Male,No,No,No,10,No,No phone service,DSL,No,No,Yes,No,No,No,Month-to-month,No,Mailed check,29.5,255.25,Yes,Yes,0.3279758340149356,0.6720241659850644,Create and Promote mid to long term contracts,Promote Tech Services,No action needed,Customize communication for customers with no dependents.
3318,3318,3866-MDTUB,Female,No,No,No,2,Yes,No,DSL,Yes,No,No,No,Yes,Yes,Month-to-month,Yes,Electronic check,70.75,146.9,Yes,Yes,0.3031776376934916,0.6968223623065084,Create and Promote mid to long term contracts,Promote Tech Services,Enhance and Promote Entertainment Services,Customize communication for customers with no dependents.
3321,3321,8058-JMEQO,Female,Yes,No,No,9,Yes,Yes,Fiber optic,No,No,No,No,No,Yes,Month-to-month,Yes,Electronic check,84.45,762.5,Yes,Yes,0.1109653670045799,0.8890346329954201,Create and Promote mid to long term contracts,Promote Tech Services,Enhance and Promote Entertainment Services,Engage with senior citizens to better understand their needs and concerns.
3323,3323,5043-TRZWM,Female,No,No,No,1,Yes,No,Fiber optic,No,No,Yes,No,No,No,Month-to-month,No,Electronic check,75.55,75.55,No,Yes,0.2052239601509211,0.7947760398490789,Create and Promote mid to long term contracts,Promote Tech Services,No action needed,Customize communication for customers with no dependents.
3324,3324,0697-ZMSWS,Male,No,No,No,4,Yes,Yes,Fiber optic,No,No,No,No,No,Yes,Month-to-month,Yes,Electronic check,85.65,338.9,Yes,Yes,0.1000881045457934,0.8999118954542066,Create and Promote mid to long term contracts,Promote Tech Services,Enhance and Promote Entertainment Services,Customize communication for customers with no dependents.
3327,3327,1640-PLFMP,Female,No,No,No,1,Yes,No,Fiber optic,No,No,No,No,No,No,Month-to-month,Yes,Electronic check,70.25,70.25,No,Yes,0.1112843242598966,0.8887156757401034,Create and Promote mid to long term contracts,Promote Tech Services,No action needed,Customize communication for customers with no dependents.
3329,3329,8276-MQBYC,Male,Yes,No,No,51,Yes,Yes,Fiber optic,No,No,Yes,No,Yes,Yes,Month-to-month,Yes,Electronic check,97.8,4913.3,Yes,Yes,0.2397995878009416,0.7602004121990583,Create and Promote mid to long term contracts,Promote Tech Services,Enhance and Promote Entertainment Services,Engage with senior citizens to better understand their needs and concerns.
3331,3331,7593-XFKDI,Male,No,No,No,1,Yes,No,DSL,No,No,No,No,No,No,Month-to-month,No,Mailed check,46.3,46.3,Yes,Yes,0.2825529534308231,0.7174470465691769,Create and Promote mid to long term contracts,Promote Tech Services,No action needed,Customize communication for customers with no dependents.
3333,3333,0337-CNPZE,Female,No,No,No,41,Yes,Yes,Fiber optic,No,Yes,Yes,No,Yes,Yes,Month-to-month,Yes,Electronic check,106.3,4443.45,Yes,Yes,0.1508385416239559,0.8491614583760441,Create and Promote mid to long term contracts,Promote Tech Services,Enhance and Promote Entertainment Services,Customize communication for customers with no dependents.
3336,3336,0840-DFEZH,Female,No,No,No,7,Yes,Yes,Fiber optic,No,No,No,No,No,No,Month-to-month,Yes,Electronic check,75.35,564.65,No,Yes,0.2678854153791786,0.7321145846208214,Create and Promote mid to long term contracts,Promote Tech Services,No action needed,Customize communication for customers with no dependents.
3337,3337,1513-XNPPH,Female,No,No,No,12,Yes,No,Fiber optic,No,No,Yes,Yes,No,Yes,Month-to-month,Yes,Electronic check,89.4,1095.65,Yes,Yes,0.3391441006317575,0.6608558993682425,Create and Promote mid to long term contracts,Promote Tech Services,Enhance and Promote Entertainment Services,Customize communication for customers with no dependents.
3339,3339,6015-VVHHE,Female,Yes,No,No,5,Yes,Yes,Fiber optic,No,No,No,No,Yes,No,Month-to-month,Yes,Credit card (automatic),83.15,446.05,Yes,Yes,0.1226951985851325,0.8773048014148674,Create and Promote mid to long term contracts,Promote Tech Services,Enhance and Promote Entertainment Services,Engage with senior citizens to better understand their needs and concerns.
3343,3343,6347-DCUIK,Male,No,No,No,10,Yes,Yes,Fiber optic,No,No,No,No,No,No,Month-to-month,Yes,Mailed check,74.15,811.8,Yes,Yes,0.3226483299368633,0.6773516700631367,Create and Promote mid to long term contracts,Promote Tech Services,No action needed,Customize communication for customers with no dependents.
3345,3345,2545-EBUPK,Female,Yes,No,No,2,Yes,Yes,Fiber optic,No,No,No,No,No,Yes,Month-to-month,Yes,Electronic check,84.05,186.05,No,Yes,0.1640882874402781,0.8359117125597219,Create and Promote mid to long term contracts,Promote Tech Services,Enhance and Promote Entertainment Services,Engage with senior citizens to better understand their needs and concerns.
3348,3348,0897-FEGMU,Female,No,Yes,No,11,Yes,Yes,Fiber optic,No,No,Yes,No,Yes,Yes,Month-to-month,Yes,Electronic check,99.5,1056.95,Yes,Yes,0.073288062865003,0.926711937134997,Create and Promote mid to long term contracts,Promote Tech Services,Enhance and Promote Entertainment Services,Customize communication for customers with no dependents.
3349,3349,7663-RGWBC,Male,No,No,No,1,Yes,No,DSL,No,No,No,No,No,No,Month-to-month,Yes,Mailed check,44.15,44.15,Yes,Yes,0.4460839299400553,0.5539160700599447,Create and Promote mid to long term contracts,Promote Tech Services,No action needed,Customize communication for customers with no dependents.
3351,3351,9124-LHCJQ,Female,No,No,No,1,Yes,Yes,Fiber optic,No,No,No,No,No,Yes,Month-to-month,Yes,Mailed check,85.45,85.45,Yes,Yes,0.0624825789571767,0.9375174210428232,Create and Promote mid to long term contracts,Promote Tech Services,Enhance and Promote Entertainment Services,Customize communication for customers with no dependents.
3355,3355,2235-ZGKPT,Female,No,Yes,Yes,4,Yes,Yes,DSL,No,No,No,No,No,No,Month-to-month,No,Mailed check,50.85,239.55,Yes,Yes,0.333108983878029,0.666891016121971,Create and Promote mid to long term contracts,Promote Tech Services,No action needed,No action needed
3356,3356,3891-PUQOD,Female,No,No,Yes,1,Yes,No,DSL,No,No,Yes,No,No,Yes,Month-to-month,No,Electronic check,59.2,59.2,Yes,Yes,0.1275777147063611,0.8724222852936389,Create and Promote mid to long term contracts,Promote Tech Services,Enhance and Promote Entertainment Services,No action needed
3359,3359,0689-NKYLF,Male,No,No,No,13,Yes,No,Fiber optic,No,No,Yes,No,Yes,No,Month-to-month,Yes,Electronic check,83.2,1060.6,Yes,Yes,0.3423964279293395,0.6576035720706604,Create and Promote mid to long term contracts,Promote Tech Services,Enhance and Promote Entertainment Services,Customize communication for customers with no dependents.
3361,3361,3658-KIBGF,Female,No,No,No,1,Yes,No,DSL,Yes,Yes,No,No,No,No,Month-to-month,Yes,Electronic check,54.9,54.9,Yes,Yes,0.2125841550721822,0.7874158449278178,Create and Promote mid to long term contracts,Promote Tech Services,No action needed,Customize communication for customers with no dependents.
3363,3363,5519-YLDGW,Female,No,Yes,No,21,Yes,Yes,Fiber optic,Yes,No,Yes,No,Yes,Yes,Month-to-month,Yes,Electronic check,103.9,2254.2,Yes,Yes,0.1842472514165275,0.8157527485834725,Create and Promote mid to long term contracts,Promote Tech Services,Enhance and Promote Entertainment Services,Customize communication for customers with no dependents.
3372,3372,2516-VQRRV,Female,Yes,No,No,2,Yes,Yes,Fiber optic,No,No,No,No,No,No,Month-to-month,Yes,Mailed check,75.45,158.4,Yes,Yes,0.1441640718819841,0.8558359281180159,Create and Promote mid to long term contracts,Promote Tech Services,No action needed,Engage with senior citizens to better understand their needs and concerns.
3373,3373,7580-UGXNC,Female,Yes,No,No,2,Yes,No,DSL,Yes,Yes,No,No,No,No,Month-to-month,No,Mailed check,54.85,104.2,Yes,Yes,0.3901939435409703,0.6098060564590296,Create and Promote mid to long term contracts,Promote Tech Services,No action needed,Engage with senior citizens to better understand their needs and concerns.
3379,3379,5178-LMXOP,Male,Yes,Yes,No,1,Yes,Yes,Fiber optic,No,No,No,No,Yes,Yes,Month-to-month,Yes,Electronic check,95.1,95.1,Yes,Yes,0.0644525467352308,0.9355474532647692,Create and Promote mid to long term contracts,Promote Tech Services,Enhance and Promote Entertainment Services,Engage with senior citizens to better understand their needs and concerns.
3382,3382,8185-UPYBR,Male,No,Yes,No,6,Yes,Yes,Fiber optic,No,No,No,No,No,No,Month-to-month,Yes,Electronic check,75.5,438.0,Yes,Yes,0.1924764331364916,0.8075235668635083,Create and Promote mid to long term contracts,Promote Tech Services,No action needed,Customize communication for customers with no dependents.
3383,3383,4585-HETAI,Female,No,Yes,Yes,4,Yes,No,Fiber optic,No,No,Yes,No,No,No,Month-to-month,Yes,Electronic check,73.75,325.45,Yes,Yes,0.2065889552601254,0.7934110447398746,Create and Promote mid to long term contracts,Promote Tech Services,No action needed,No action needed
3384,3384,7526-BEZQB,Male,No,No,No,12,Yes,Yes,Fiber optic,No,No,No,No,Yes,Yes,Month-to-month,Yes,Electronic check,96.05,1148.1,Yes,Yes,0.0953254241047839,0.904674575895216,Create and Promote mid to long term contracts,Promote Tech Services,Enhance and Promote Entertainment Services,Customize communication for customers with no dependents.
3388,3388,9617-INGJY,Male,No,No,No,1,Yes,No,Fiber optic,No,No,No,No,No,No,Month-to-month,Yes,Mailed check,70.6,70.6,No,Yes,0.220791883550914,0.7792081164490859,Create and Promote mid to long term contracts,Promote Tech Services,No action needed,Customize communication for customers with no dependents.
3399,3399,5950-AAAGJ,Male,No,No,No,18,Yes,Yes,Fiber optic,No,No,No,No,Yes,No,Month-to-month,No,Bank transfer (automatic),84.3,1537.9,No,Yes,0.4614243260296453,0.5385756739703547,Create and Promote mid to long term contracts,Promote Tech Services,Enhance and Promote Entertainment Services,Customize communication for customers with no dependents.
3401,3401,4951-UKAAQ,Female,No,No,No,4,Yes,Yes,Fiber optic,No,Yes,No,No,No,Yes,Month-to-month,Yes,Electronic check,88.95,355.2,Yes,Yes,0.0858134975292358,0.9141865024707642,Create and Promote mid to long term contracts,Promote Tech Services,Enhance and Promote Entertainment Services,Customize communication for customers with no dependents.
3407,3407,2108-YKQTY,Female,No,No,No,4,Yes,No,DSL,No,Yes,No,No,No,No,Month-to-month,No,Credit card (automatic),50.7,151.3,Yes,Yes,0.2076195050864202,0.7923804949135798,Create and Promote mid to long term contracts,Promote Tech Services,No action needed,Customize communication for customers with no dependents.
3409,3409,4918-QLLIW,Male,No,No,No,3,Yes,No,DSL,No,No,No,No,Yes,No,Month-to-month,No,Credit card (automatic),53.4,188.7,Yes,Yes,0.2535546257606484,0.7464453742393515,Create and Promote mid to long term contracts,Promote Tech Services,Enhance and Promote Entertainment Services,Customize communication for customers with no dependents.
3410,3410,7056-IMHCC,Male,Yes,Yes,No,53,Yes,Yes,Fiber optic,No,Yes,No,No,Yes,Yes,Month-to-month,Yes,Electronic check,101.9,5549.4,Yes,Yes,0.2412007802265698,0.7587992197734301,Create and Promote mid to long term contracts,Promote Tech Services,Enhance and Promote Entertainment Services,Engage with senior citizens to better understand their needs and concerns.
3412,3412,5294-DMSFH,Female,No,Yes,Yes,29,Yes,No,Fiber optic,No,No,No,No,Yes,Yes,Month-to-month,Yes,Credit card (automatic),87.8,2621.75,No,Yes,0.4920780473240156,0.5079219526759844,Create and Promote mid to long term contracts,Promote Tech Services,Enhance and Promote Entertainment Services,No action needed
3414,3414,1625-JAIIY,Female,No,Yes,Yes,68,Yes,Yes,Fiber optic,No,No,No,No,Yes,No,One year,Yes,Electronic check,83.0,5685.8,Yes,Yes,0.4269596602217043,0.5730403397782957,Create and Promote mid to long term contracts,Promote Tech Services,Enhance and Promote Entertainment Services,No action needed
3423,3423,4112-LUEIZ,Male,No,No,No,10,Yes,No,Fiber optic,No,No,No,No,Yes,Yes,Month-to-month,Yes,Electronic check,89.5,863.1,Yes,Yes,0.1564290357065486,0.8435709642934514,Create and Promote mid to long term contracts,Promote Tech Services,Enhance and Promote Entertainment Services,Customize communication for customers with no dependents.
3425,3425,4510-HIMLV,Male,No,No,No,1,Yes,No,Fiber optic,No,No,No,No,No,No,Month-to-month,Yes,Electronic check,69.8,69.8,Yes,Yes,0.0664002401627437,0.9335997598372564,Create and Promote mid to long term contracts,Promote Tech Services,No action needed,Customize communication for customers with no dependents.
3426,3426,9919-KNPOO,Female,No,Yes,No,21,Yes,Yes,Fiber optic,No,No,No,No,Yes,Yes,Month-to-month,Yes,Electronic check,94.3,1948.35,No,Yes,0.3517598081895468,0.6482401918104532,Create and Promote mid to long term contracts,Promote Tech Services,Enhance and Promote Entertainment Services,Customize communication for customers with no dependents.
3427,3427,8749-JMNKX,Male,Yes,Yes,No,51,Yes,Yes,Fiber optic,Yes,No,Yes,No,Yes,No,Month-to-month,Yes,Bank transfer (automatic),93.8,4750.95,Yes,Yes,0.4256456714922172,0.5743543285077828,Create and Promote mid to long term contracts,Promote Tech Services,Enhance and Promote Entertainment Services,Engage with senior citizens to better understand their needs and concerns.
3430,3430,2430-USGXP,Male,No,Yes,No,24,Yes,Yes,Fiber optic,No,No,Yes,No,Yes,Yes,Month-to-month,Yes,Electronic check,101.05,2391.8,Yes,Yes,0.1701562580064283,0.8298437419935717,Create and Promote mid to long term contracts,Promote Tech Services,Enhance and Promote Entertainment Services,Customize communication for customers with no dependents.
3434,3434,4450-DLLMH,Male,No,No,No,2,Yes,No,Fiber optic,No,No,No,No,No,No,Month-to-month,Yes,Credit card (automatic),71.3,157.75,No,Yes,0.2451800003301035,0.7548199996698964,Create and Promote mid to long term contracts,Promote Tech Services,No action needed,Customize communication for customers with no dependents.
3437,3437,5955-ERIHD,Male,No,Yes,No,18,Yes,Yes,Fiber optic,No,No,No,No,Yes,Yes,Month-to-month,Yes,Electronic check,94.7,1687.95,Yes,Yes,0.3091068164211359,0.6908931835788641,Create and Promote mid to long term contracts,Promote Tech Services,Enhance and Promote Entertainment Services,Customize communication for customers with no dependents.
3447,3447,5949-EBSQK,Male,No,Yes,Yes,4,Yes,No,DSL,No,No,No,Yes,No,Yes,Month-to-month,No,Credit card (automatic),61.45,229.55,Yes,Yes,0.3712394932563529,0.628760506743647,Create and Promote mid to long term contracts,Promote Tech Services,Enhance and Promote Entertainment Services,No action needed
3451,3451,8950-MTZNV,Male,No,No,No,1,Yes,No,DSL,No,No,No,No,No,No,Month-to-month,Yes,Mailed check,44.95,44.95,No,Yes,0.4390122987863981,0.5609877012136019,Create and Promote mid to long term contracts,Promote Tech Services,No action needed,Customize communication for customers with no dependents.
3454,3454,7274-RTAPZ,Male,No,No,No,1,Yes,No,Fiber optic,No,No,No,No,Yes,Yes,Month-to-month,Yes,Electronic check,90.55,90.55,Yes,Yes,0.0644896054810014,0.9355103945189984,Create and Promote mid to long term contracts,Promote Tech Services,Enhance and Promote Entertainment Services,Customize communication for customers with no dependents.
3456,3456,8566-YPRGL,Female,No,No,No,1,Yes,No,No,No internet service,No internet service,No internet service,No internet service,No internet service,No internet service,Month-to-month,Yes,Mailed check,19.5,19.5,No,Yes,0.4085807778354464,0.5914192221645536,Create and Promote mid to long term contracts,No action needed,No action needed,Customize communication for customers with no dependents.
3457,3457,0311-UNPFF,Female,No,No,No,26,Yes,No,Fiber optic,No,No,No,No,Yes,Yes,Month-to-month,Yes,Bank transfer (automatic),88.8,2274.35,Yes,Yes,0.2179900230277522,0.7820099769722477,Create and Promote mid to long term contracts,Promote Tech Services,Enhance and Promote Entertainment Services,Customize communication for customers with no dependents.
3461,3461,3834-XUIFC,Male,No,No,No,7,Yes,Yes,Fiber optic,No,No,No,No,No,Yes,Month-to-month,Yes,Mailed check,85.2,602.55,Yes,Yes,0.1691520639992755,0.8308479360007245,Create and Promote mid to long term contracts,Promote Tech Services,Enhance and Promote Entertainment Services,Customize communication for customers with no dependents.
3463,3463,0410-IPFTY,Female,No,Yes,No,31,Yes,No,Fiber optic,No,Yes,No,No,No,Yes,Month-to-month,Yes,Bank transfer (automatic),83.85,2674.15,No,Yes,0.478490197373418,0.521509802626582,Create and Promote mid to long term contracts,Promote Tech Services,Enhance and Promote Entertainment Services,Customize communication for customers with no dependents.
3464,3464,2831-EBWRN,Male,No,No,No,4,Yes,No,DSL,No,No,No,No,No,No,Month-to-month,Yes,Electronic check,45.9,199.75,No,Yes,0.2937422322675515,0.7062577677324485,Create and Promote mid to long term contracts,Promote Tech Services,No action needed,Customize communication for customers with no dependents.
3466,3466,8414-MYSHR,Male,Yes,No,No,5,Yes,No,Fiber optic,No,No,No,No,Yes,Yes,Month-to-month,Yes,Electronic check,91.4,449.75,Yes,Yes,0.1813799259386426,0.8186200740613574,Create and Promote mid to long term contracts,Promote Tech Services,Enhance and Promote Entertainment Services,Engage with senior citizens to better understand their needs and concerns.
3468,3468,9402-ORRAH,Female,Yes,No,No,15,Yes,No,Fiber optic,No,No,No,No,Yes,Yes,Month-to-month,Yes,Electronic check,91.5,1400.3,No,Yes,0.2973485437814638,0.7026514562185362,Create and Promote mid to long term contracts,Promote Tech Services,Enhance and Promote Entertainment Services,Engage with senior citizens to better understand their needs and concerns.
3472,3472,7599-FKVXZ,Male,No,Yes,No,42,Yes,Yes,Fiber optic,No,No,Yes,Yes,Yes,Yes,Month-to-month,Yes,Bank transfer (automatic),106.15,4512.7,Yes,Yes,0.2369225932018452,0.7630774067981547,Create and Promote mid to long term contracts,Promote Tech Services,Enhance and Promote Entertainment Services,Customize communication for customers with no dependents.
3476,3476,7801-KICAO,Female,No,No,No,18,Yes,Yes,Fiber optic,No,No,No,No,No,No,Month-to-month,Yes,Electronic check,74.15,1345.75,No,Yes,0.4306654040684601,0.5693345959315399,Create and Promote mid to long term contracts,Promote Tech Services,No action needed,Customize communication for customers with no dependents.
3478,3478,8229-TNIQA,Female,No,No,No,4,Yes,No,DSL,No,No,No,No,No,No,Month-to-month,Yes,Mailed check,45.3,196.95,Yes,Yes,0.2674209017558404,0.7325790982441596,Create and Promote mid to long term contracts,Promote Tech Services,No action needed,Customize communication for customers with no dependents.
3480,3480,7339-POGZN,Female,No,No,No,4,Yes,Yes,DSL,No,No,No,No,No,No,Month-to-month,No,Electronic check,50.7,214.55,No,Yes,0.2370657703866231,0.7629342296133769,Create and Promote mid to long term contracts,Promote Tech Services,No action needed,Customize communication for customers with no dependents.
3484,3484,6221-AVQYL,Male,No,No,No,2,Yes,Yes,Fiber optic,No,No,No,No,No,No,Month-to-month,Yes,Credit card (automatic),73.25,131.05,Yes,Yes,0.1616436272305942,0.8383563727694058,Create and Promote mid to long term contracts,Promote Tech Services,No action needed,Customize communication for customers with no dependents.
3489,3489,7743-EXURX,Male,No,Yes,Yes,8,Yes,No,DSL,No,No,Yes,No,No,No,Month-to-month,Yes,Electronic check,51.05,415.05,Yes,Yes,0.4092755955730341,0.5907244044269658,Create and Promote mid to long term contracts,Promote Tech Services,No action needed,No action needed
3492,3492,5968-VXZLG,Male,No,No,No,2,Yes,No,DSL,No,No,No,No,No,No,Month-to-month,Yes,Bank transfer (automatic),46.6,87.9,No,Yes,0.367987538625849,0.632012461374151,Create and Promote mid to long term contracts,Promote Tech Services,No action needed,Customize communication for customers with no dependents.
3493,3493,5569-KGJHX,Female,No,Yes,Yes,9,Yes,Yes,Fiber optic,No,No,No,No,Yes,No,Month-to-month,Yes,Bank transfer (automatic),85.35,754.65,Yes,Yes,0.2437824250234345,0.7562175749765655,Create and Promote mid to long term contracts,Promote Tech Services,Enhance and Promote Entertainment Services,No action needed
3494,3494,4988-IQIGL,Male,Yes,No,No,1,Yes,Yes,Fiber optic,No,No,No,No,No,No,Month-to-month,Yes,Electronic check,75.35,75.35,Yes,Yes,0.0560031824876926,0.9439968175123074,Create and Promote mid to long term contracts,Promote Tech Services,No action needed,Engage with senior citizens to better understand their needs and concerns.
3497,3497,7730-IUTDZ,Male,No,No,No,43,Yes,No,Fiber optic,Yes,No,No,No,No,No,Month-to-month,Yes,Electronic check,75.2,3198.6,Yes,Yes,0.4103755951670996,0.5896244048329004,Create and Promote mid to long term contracts,Promote Tech Services,No action needed,Customize communication for customers with no dependents.
3498,3498,0426-TIRNE,Female,No,No,No,1,Yes,No,No,No internet service,No internet service,No internet service,No internet service,No internet service,No internet service,Month-to-month,No,Mailed check,20.9,20.9,Yes,Yes,0.3374011218707479,0.6625988781292521,Create and Promote mid to long term contracts,No action needed,No action needed,Customize communication for customers with no dependents.
3504,3504,1335-NTIUC,Male,No,No,No,9,No,No phone service,DSL,No,No,No,No,No,No,Month-to-month,Yes,Electronic check,24.95,190.25,No,Yes,0.4433897406741831,0.5566102593258169,Create and Promote mid to long term contracts,Promote Tech Services,No action needed,Customize communication for customers with no dependents.
3508,3508,8710-YGLWG,Male,No,No,No,1,Yes,No,DSL,No,No,No,No,No,No,Month-to-month,Yes,Mailed check,44.9,44.9,No,Yes,0.4599385160319942,0.5400614839680058,Create and Promote mid to long term contracts,Promote Tech Services,No action needed,Customize communication for customers with no dependents.
3509,3509,3199-XGZCY,Female,No,No,No,8,Yes,Yes,Fiber optic,No,No,No,No,No,No,Month-to-month,Yes,Electronic check,75.25,576.7,No,Yes,0.3829038578266754,0.6170961421733245,Create and Promote mid to long term contracts,Promote Tech Services,No action needed,Customize communication for customers with no dependents.
3515,3515,7587-RZNME,Male,No,No,No,3,Yes,No,DSL,No,No,No,No,No,No,Month-to-month,Yes,Electronic check,43.3,123.65,Yes,Yes,0.2708017156362732,0.7291982843637268,Create and Promote mid to long term contracts,Promote Tech Services,No action needed,Customize communication for customers with no dependents.
3516,3516,0748-RDGGM,Male,No,Yes,No,70,Yes,No,Fiber optic,Yes,Yes,Yes,Yes,Yes,Yes,One year,Yes,Bank transfer (automatic),109.5,7534.65,Yes,Yes,0.471699972209659,0.528300027790341,Create and Promote mid to long term contracts,No action needed,Enhance and Promote Entertainment Services,Customize communication for customers with no dependents.
3517,3517,8393-JMVMB,Male,No,No,No,1,Yes,No,No,No internet service,No internet service,No internet service,No internet service,No internet service,No internet service,Month-to-month,No,Mailed check,19.45,19.45,No,Yes,0.4557933405760564,0.5442066594239435,Create and Promote mid to long term contracts,No action needed,No action needed,Customize communication for customers with no dependents.
3523,3523,4706-AXVKM,Female,Yes,No,No,11,Yes,Yes,Fiber optic,No,No,No,No,No,Yes,Month-to-month,Yes,Credit card (automatic),84.8,906.85,Yes,Yes,0.1123340833219546,0.8876659166780454,Create and Promote mid to long term contracts,Promote Tech Services,Enhance and Promote Entertainment Services,Engage with senior citizens to better understand their needs and concerns.
3524,3524,5889-JTMUL,Female,Yes,Yes,No,50,Yes,Yes,Fiber optic,No,Yes,Yes,No,Yes,No,Month-to-month,Yes,Electronic check,95.05,4888.7,Yes,Yes,0.3785110423899728,0.6214889576100272,Create and Promote mid to long term contracts,Promote Tech Services,Enhance and Promote Entertainment Services,Engage with senior citizens to better understand their needs and concerns.
3525,3525,9026-RNUJS,Male,Yes,No,No,5,Yes,No,DSL,No,No,Yes,No,No,No,Month-to-month,No,Electronic check,50.35,237.25,Yes,Yes,0.2751201789880837,0.7248798210119163,Create and Promote mid to long term contracts,Promote Tech Services,No action needed,Engage with senior citizens to better understand their needs and concerns.
3526,3526,3746-EUBYR,Male,No,Yes,No,1,Yes,Yes,Fiber optic,No,No,No,No,No,No,Month-to-month,Yes,Bank transfer (automatic),74.6,74.6,Yes,Yes,0.0669672096380343,0.9330327903619656,Create and Promote mid to long term contracts,Promote Tech Services,No action needed,Customize communication for customers with no dependents.
3531,3531,9474-PHLYD,Female,No,No,No,15,Yes,No,DSL,No,No,Yes,No,No,Yes,Month-to-month,Yes,Electronic check,59.45,892.65,Yes,Yes,0.4657787605587765,0.5342212394412235,Create and Promote mid to long term contracts,Promote Tech Services,Enhance and Promote Entertainment Services,Customize communication for customers with no dependents.
3533,3533,2165-VOEGB,Female,No,No,Yes,46,Yes,No,Fiber optic,Yes,Yes,No,Yes,Yes,Yes,One year,Yes,Bank transfer (automatic),105.2,4822.85,Yes,Yes,0.498789144850058,0.501210855149942,Create and Promote mid to long term contracts,Promote Tech Services,Enhance and Promote Entertainment Services,No action needed
3535,3535,2254-DLXRI,Female,No,No,No,1,Yes,Yes,Fiber optic,No,Yes,No,No,No,No,Month-to-month,Yes,Mailed check,79.15,79.15,No,Yes,0.4276539562226197,0.5723460437773803,Create and Promote mid to long term contracts,Promote Tech Services,No action needed,Customize communication for customers with no dependents.
3543,3543,8914-RBTSB,Male,No,Yes,No,31,Yes,Yes,Fiber optic,No,Yes,Yes,No,Yes,No,Month-to-month,No,Electronic check,93.8,3019.5,Yes,Yes,0.3933902066088682,0.6066097933911317,Create and Promote mid to long term contracts,Promote Tech Services,Enhance and Promote Entertainment Services,Customize communication for customers with no dependents.
3544,3544,6212-ATMLK,Female,No,No,No,50,Yes,Yes,Fiber optic,No,No,No,No,Yes,Yes,Month-to-month,Yes,Electronic check,95.7,4729.75,No,Yes,0.2986381878517314,0.7013618121482685,Create and Promote mid to long term contracts,Promote Tech Services,Enhance and Promote Entertainment Services,Customize communication for customers with no dependents.
3549,3549,0963-ZBDRN,Male,No,No,No,32,Yes,No,Fiber optic,No,No,No,Yes,Yes,Yes,Month-to-month,Yes,Electronic check,96.2,3183.4,Yes,Yes,0.25283984975671,0.74716015024329,Create and Promote mid to long term contracts,Promote Tech Services,Enhance and Promote Entertainment Services,Customize communication for customers with no dependents.
3550,3550,7594-RQHXR,Female,No,No,Yes,1,Yes,No,Fiber optic,No,No,No,No,No,Yes,Month-to-month,Yes,Electronic check,79.6,79.6,Yes,Yes,0.0812832172077953,0.9187167827922048,Create and Promote mid to long term contracts,Promote Tech Services,Enhance and Promote Entertainment Services,No action needed
3553,3553,1077-HUUJM,Female,No,No,Yes,7,Yes,No,Fiber optic,No,No,No,No,No,No,Month-to-month,Yes,Electronic check,71.05,472.65,No,Yes,0.3386642381920238,0.6613357618079762,Create and Promote mid to long term contracts,Promote Tech Services,No action needed,No action needed
3554,3554,6331-EWIEB,Male,No,No,No,20,Yes,Yes,Fiber optic,No,No,No,No,Yes,No,Month-to-month,Yes,Electronic check,85.25,1734.5,Yes,Yes,0.2708099549862333,0.7291900450137667,Create and Promote mid to long term contracts,Promote Tech Services,Enhance and Promote Entertainment Services,Customize communication for customers with no dependents.
3560,3560,5998-VVEJY,Male,No,No,No,26,Yes,Yes,Fiber optic,No,No,No,Yes,No,No,Month-to-month,Yes,Electronic check,80.5,2088.8,Yes,Yes,0.3269767275578871,0.6730232724421129,Create and Promote mid to long term contracts,Promote Tech Services,No action needed,Customize communication for customers with no dependents.
3561,3561,1624-NALOJ,Male,Yes,No,No,5,Yes,Yes,Fiber optic,No,Yes,No,No,No,Yes,Month-to-month,Yes,Electronic check,89.8,502.6,Yes,Yes,0.1954784567073217,0.8045215432926782,Create and Promote mid to long term contracts,Promote Tech Services,Enhance and Promote Entertainment Services,Engage with senior citizens to better understand their needs and concerns.
3564,3564,4317-VTEOA,Male,No,No,No,1,Yes,No,DSL,No,Yes,No,No,No,No,Month-to-month,Yes,Electronic check,50.75,50.75,Yes,Yes,0.2205336802575973,0.7794663197424027,Create and Promote mid to long term contracts,Promote Tech Services,No action needed,Customize communication for customers with no dependents.
3566,3566,1670-SVOWZ,Female,No,Yes,Yes,14,Yes,No,Fiber optic,No,Yes,No,Yes,No,Yes,Month-to-month,Yes,Credit card (automatic),89.65,1208.35,Yes,Yes,0.3698957645514207,0.6301042354485793,Create and Promote mid to long term contracts,Promote Tech Services,Enhance and Promote Entertainment Services,No action needed
3571,3571,1730-ZMAME,Female,Yes,No,No,32,Yes,No,Fiber optic,No,No,No,No,No,Yes,Month-to-month,Yes,Electronic check,79.5,2665.0,No,Yes,0.4968486406585469,0.503151359341453,Create and Promote mid to long term contracts,Promote Tech Services,Enhance and Promote Entertainment Services,Engage with senior citizens to better understand their needs and concerns.
3573,3573,4634-JLRJT,Female,No,No,No,1,Yes,No,No,No internet service,No internet service,No internet service,No internet service,No internet service,No internet service,Month-to-month,Yes,Mailed check,20.35,20.35,No,Yes,0.4350837664689579,0.564916233531042,Create and Promote mid to long term contracts,No action needed,No action needed,Customize communication for customers with no dependents.
3581,3581,6357-JJPQT,Female,No,No,No,3,Yes,No,Fiber optic,No,No,No,No,Yes,No,Month-to-month,Yes,Electronic check,80.5,232.35,No,Yes,0.1830377519823024,0.8169622480176976,Create and Promote mid to long term contracts,Promote Tech Services,Enhance and Promote Entertainment Services,Customize communication for customers with no dependents.
3585,3585,8722-NGNBH,Male,No,No,No,5,No,No phone service,DSL,Yes,No,Yes,Yes,No,No,Month-to-month,No,Mailed check,40.0,223.45,Yes,Yes,0.4170034294160327,0.5829965705839673,Create and Promote mid to long term contracts,Promote Tech Services,No action needed,Customize communication for customers with no dependents.
3586,3586,6210-KBBPI,Male,Yes,No,No,9,Yes,Yes,Fiber optic,No,Yes,No,No,Yes,Yes,Month-to-month,Yes,Credit card (automatic),99.45,919.4,Yes,Yes,0.1811947678943387,0.8188052321056613,Create and Promote mid to long term contracts,Promote Tech Services,Enhance and Promote Entertainment Services,Engage with senior citizens to better understand their needs and concerns.
3590,3590,0133-BMFZO,Female,No,No,No,2,Yes,No,Fiber optic,Yes,Yes,No,Yes,No,No,Month-to-month,Yes,Electronic check,86.25,181.65,Yes,Yes,0.3479625187966426,0.6520374812033574,Create and Promote mid to long term contracts,Promote Tech Services,No action needed,Customize communication for customers with no dependents.
3591,3591,6128-CZOMY,Female,No,No,No,1,Yes,No,DSL,No,No,No,No,No,No,Month-to-month,Yes,Electronic check,45.65,45.65,Yes,Yes,0.0967691310838256,0.9032308689161744,Create and Promote mid to long term contracts,Promote Tech Services,No action needed,Customize communication for customers with no dependents.
3592,3592,9540-JYROE,Male,No,No,No,8,Yes,No,Fiber optic,No,No,No,No,No,No,Month-to-month,Yes,Mailed check,70.1,551.35,Yes,Yes,0.4613239701427161,0.5386760298572839,Create and Promote mid to long term contracts,Promote Tech Services,No action needed,Customize communication for customers with no dependents.
3594,3594,2260-USTRB,Female,Yes,No,No,2,Yes,No,Fiber optic,No,No,No,No,No,No,Month-to-month,Yes,Bank transfer (automatic),70.2,115.95,Yes,Yes,0.1578343350277293,0.8421656649722706,Create and Promote mid to long term contracts,Promote Tech Services,No action needed,Engage with senior citizens to better understand their needs and concerns.
3595,3595,3656-TKRVZ,Female,No,No,No,3,Yes,No,DSL,Yes,Yes,No,No,No,No,Month-to-month,No,Electronic check,55.35,165.2,Yes,Yes,0.3693917218075624,0.6306082781924376,Create and Promote mid to long term contracts,Promote Tech Services,No action needed,Customize communication for customers with no dependents.
3597,3597,6185-TASNN,Male,Yes,No,No,1,Yes,No,DSL,No,No,No,No,No,No,Month-to-month,No,Electronic check,46.3,46.3,No,Yes,0.37194978455541,0.6280502154445899,Create and Promote mid to long term contracts,Promote Tech Services,No action needed,Engage with senior citizens to better understand their needs and concerns.
3599,3599,8623-TMRBY,Male,Yes,Yes,Yes,51,Yes,Yes,Fiber optic,No,Yes,Yes,No,No,No,Month-to-month,Yes,Electronic check,84.2,4146.05,Yes,Yes,0.4892256869229411,0.5107743130770589,Create and Promote mid to long term contracts,Promote Tech Services,No action needed,Engage with senior citizens to better understand their needs and concerns.
3602,3602,1501-SGHBW,Male,No,No,No,2,Yes,No,DSL,No,No,No,No,No,No,Month-to-month,No,Mailed check,45.85,81.0,Yes,Yes,0.280775574642954,0.719224425357046,Create and Promote mid to long term contracts,Promote Tech Services,No action needed,Customize communication for customers with no dependents.
3607,3607,3208-YPIOE,Male,No,No,No,39,Yes,Yes,Fiber optic,No,No,No,No,No,No,Month-to-month,No,Electronic check,75.25,3017.65,Yes,Yes,0.3257285711968228,0.6742714288031771,Create and Promote mid to long term contracts,Promote Tech Services,No action needed,Customize communication for customers with no dependents.
3609,3609,2612-RANWT,Female,No,No,No,12,Yes,Yes,Fiber optic,No,No,Yes,No,Yes,Yes,Month-to-month,Yes,Bank transfer (automatic),100.15,1164.3,Yes,Yes,0.0800935117882708,0.9199064882117292,Create and Promote mid to long term contracts,Promote Tech Services,Enhance and Promote Entertainment Services,Customize communication for customers with no dependents.
3611,3611,0491-KAPQG,Male,No,No,No,21,Yes,Yes,Fiber optic,No,No,No,No,No,No,Month-to-month,Yes,Electronic check,73.7,1558.7,No,Yes,0.4708631581494208,0.5291368418505792,Create and Promote mid to long term contracts,Promote Tech Services,No action needed,Customize communication for customers with no dependents.
3614,3614,6900-PXRMS,Male,Yes,Yes,Yes,26,Yes,Yes,Fiber optic,No,Yes,Yes,No,Yes,Yes,Month-to-month,No,Electronic check,105.75,2710.25,Yes,Yes,0.2486376546211891,0.7513623453788109,Create and Promote mid to long term contracts,Promote Tech Services,Enhance and Promote Entertainment Services,Engage with senior citizens to better understand their needs and concerns.
3616,3616,3346-BRMIS,Female,Yes,Yes,No,18,No,No phone service,DSL,No,No,Yes,No,Yes,Yes,Month-to-month,Yes,Electronic check,48.35,810.7,Yes,Yes,0.2243705447956044,0.7756294552043955,Create and Promote mid to long term contracts,Promote Tech Services,Enhance and Promote Entertainment Services,Engage with senior citizens to better understand their needs and concerns.
3620,3620,2933-FILNV,Female,No,Yes,Yes,2,No,No phone service,DSL,No,No,No,No,No,No,Month-to-month,Yes,Mailed check,24.4,36.55,Yes,Yes,0.313455299478256,0.686544700521744,Create and Promote mid to long term contracts,Promote Tech Services,No action needed,No action needed
3629,3629,9986-BONCE,Female,No,No,No,4,Yes,No,No,No internet service,No internet service,No internet service,No internet service,No internet service,No internet service,Month-to-month,No,Bank transfer (automatic),20.95,85.5,Yes,Yes,0.4813154319535179,0.5186845680464821,Create and Promote mid to long term contracts,No action needed,No action needed,Customize communication for customers with no dependents.
3630,3630,2722-JMONI,Female,Yes,Yes,No,1,Yes,No,DSL,Yes,No,No,No,No,No,Month-to-month,Yes,Electronic check,49.55,49.55,Yes,Yes,0.2642308095315915,0.7357691904684085,Create and Promote mid to long term contracts,Promote Tech Services,No action needed,Engage with senior citizens to better understand their needs and concerns.
3632,3632,3878-AVSOQ,Female,Yes,No,No,1,Yes,No,Fiber optic,No,No,No,No,No,No,Month-to-month,Yes,Electronic check,71.25,71.25,No,Yes,0.2222505297555933,0.7777494702444067,Create and Promote mid to long term contracts,Promote Tech Services,No action needed,Engage with senior citizens to better understand their needs and concerns.
3637,3637,7579-OOPEC,Female,Yes,Yes,No,2,Yes,No,DSL,No,Yes,No,No,No,No,Month-to-month,No,Credit card (automatic),50.15,115.1,Yes,Yes,0.3069076662331222,0.6930923337668777,Create and Promote mid to long term contracts,Promote Tech Services,No action needed,Engage with senior citizens to better understand their needs and concerns.
3639,3639,1771-OADNZ,Male,Yes,Yes,No,29,Yes,Yes,Fiber optic,No,Yes,Yes,No,No,Yes,Month-to-month,Yes,Electronic check,95.9,2745.2,Yes,Yes,0.2924484516354375,0.7075515483645625,Create and Promote mid to long term contracts,Promote Tech Services,Enhance and Promote Entertainment Services,Engage with senior citizens to better understand their needs and concerns.
3651,3651,0612-RTZZA,Female,Yes,No,No,1,No,No phone service,DSL,No,No,No,No,No,No,Month-to-month,No,Electronic check,25.25,25.25,Yes,Yes,0.0549416255297885,0.9450583744702116,Create and Promote mid to long term contracts,Promote Tech Services,No action needed,Engage with senior citizens to better understand their needs and concerns.
3661,3661,6410-LEFEN,Female,No,No,No,9,Yes,No,DSL,No,No,No,No,No,No,Month-to-month,No,Electronic check,45.15,416.45,Yes,Yes,0.1612119738220402,0.8387880261779598,Create and Promote mid to long term contracts,Promote Tech Services,No action needed,Customize communication for customers with no dependents.
3662,3662,4633-MKHYU,Female,No,No,No,9,Yes,No,Fiber optic,No,No,No,No,Yes,Yes,Month-to-month,Yes,Mailed check,88.4,788.6,No,Yes,0.356591400951492,0.643408599048508,Create and Promote mid to long term contracts,Promote Tech Services,Enhance and Promote Entertainment Services,Customize communication for customers with no dependents.
3665,3665,3194-ORPIK,Female,No,Yes,Yes,50,Yes,Yes,Fiber optic,No,No,No,No,Yes,No,Month-to-month,Yes,Bank transfer (automatic),84.4,4116.15,Yes,Yes,0.4158140359657548,0.5841859640342452,Create and Promote mid to long term contracts,Promote Tech Services,Enhance and Promote Entertainment Services,No action needed
3670,3670,8816-VXNZD,Female,No,No,No,1,Yes,Yes,Fiber optic,No,No,No,No,No,No,Month-to-month,Yes,Electronic check,75.1,75.1,Yes,Yes,0.0563989651221297,0.9436010348778704,Create and Promote mid to long term contracts,Promote Tech Services,No action needed,Customize communication for customers with no dependents.
3672,3672,1723-HKXJQ,Male,No,No,No,42,Yes,Yes,Fiber optic,No,Yes,No,No,Yes,Yes,Month-to-month,Yes,Electronic check,101.75,4273.45,Yes,Yes,0.1060368046694527,0.8939631953305472,Create and Promote mid to long term contracts,Promote Tech Services,Enhance and Promote Entertainment Services,Customize communication for customers with no dependents.
3673,3673,7825-GKXMW,Female,No,No,No,1,Yes,No,DSL,No,No,No,No,No,No,Month-to-month,No,Electronic check,45.8,45.8,Yes,Yes,0.092412130195383,0.9075878698046168,Create and Promote mid to long term contracts,Promote Tech Services,No action needed,Customize communication for customers with no dependents.
3674,3674,9753-OYLBX,Female,No,No,No,1,Yes,No,No,No internet service,No internet service,No internet service,No internet service,No internet service,No internet service,Month-to-month,No,Mailed check,20.5,20.5,No,Yes,0.3899561771853468,0.6100438228146532,Create and Promote mid to long term contracts,No action needed,No action needed,Customize communication for customers with no dependents.
3678,3678,1240-KNSEZ,Male,No,No,No,1,Yes,No,No,No internet service,No internet service,No internet service,No internet service,No internet service,No internet service,Month-to-month,Yes,Mailed check,20.1,20.1,Yes,Yes,0.257836663513842,0.742163336486158,Create and Promote mid to long term contracts,No action needed,No action needed,Customize communication for customers with no dependents.
3679,3679,0836-SEYLU,Male,No,Yes,No,9,No,No phone service,DSL,No,No,No,Yes,Yes,No,Month-to-month,No,Mailed check,40.65,328.95,Yes,Yes,0.3143250621504002,0.6856749378495998,Create and Promote mid to long term contracts,Promote Tech Services,Enhance and Promote Entertainment Services,Customize communication for customers with no dependents.
3680,3680,4433-JCGCG,Male,Yes,Yes,No,46,Yes,Yes,Fiber optic,No,No,Yes,No,Yes,Yes,Month-to-month,Yes,Electronic check,101.0,4680.05,Yes,Yes,0.3470607374125583,0.6529392625874417,Create and Promote mid to long term contracts,Promote Tech Services,Enhance and Promote Entertainment Services,Engage with senior citizens to better understand their needs and concerns.
3681,3681,3716-BDVDB,Male,No,No,No,1,Yes,No,Fiber optic,No,No,No,No,No,No,Month-to-month,Yes,Electronic check,69.1,69.1,Yes,Yes,0.0576097992947295,0.9423902007052704,Create and Promote mid to long term contracts,Promote Tech Services,No action needed,Customize communication for customers with no dependents.
3685,3685,5899-MQZZL,Female,No,No,No,13,Yes,Yes,Fiber optic,No,No,No,No,No,No,Month-to-month,Yes,Mailed check,75.0,999.45,Yes,Yes,0.3091927780734207,0.6908072219265793,Create and Promote mid to long term contracts,Promote Tech Services,No action needed,Customize communication for customers with no dependents.
3686,3686,6849-OYAMU,Male,No,Yes,Yes,19,Yes,No,Fiber optic,No,Yes,No,Yes,Yes,Yes,One year,No,Bank transfer (automatic),100.0,1888.65,Yes,Yes,0.4398539808455132,0.5601460191544868,Create and Promote mid to long term contracts,Promote Tech Services,Enhance and Promote Entertainment Services,No action needed
3688,3688,9488-HGMJH,Female,Yes,No,No,1,Yes,No,Fiber optic,No,No,No,No,No,No,Month-to-month,Yes,Electronic check,71.15,71.15,Yes,Yes,0.1240519204371091,0.8759480795628909,Create and Promote mid to long term contracts,Promote Tech Services,No action needed,Engage with senior citizens to better understand their needs and concerns.
3689,3689,6038-GCYEC,Female,No,No,No,24,No,No phone service,DSL,No,Yes,Yes,No,Yes,Yes,Month-to-month,Yes,Credit card (automatic),54.15,1240.25,Yes,Yes,0.4464612057065489,0.5535387942934511,Create and Promote mid to long term contracts,Promote Tech Services,Enhance and Promote Entertainment Services,Customize communication for customers with no dependents.
3695,3695,3144-AUDBS,Female,No,Yes,No,6,Yes,No,DSL,No,No,No,Yes,No,No,Month-to-month,Yes,Electronic check,49.15,270.8,Yes,Yes,0.3544344509251836,0.6455655490748163,Create and Promote mid to long term contracts,Promote Tech Services,No action needed,Customize communication for customers with no dependents.
3701,3701,4818-QIUFN,Female,Yes,No,No,20,Yes,Yes,Fiber optic,Yes,No,No,No,No,No,Month-to-month,Yes,Electronic check,79.15,1520.9,Yes,Yes,0.3518789305189069,0.648121069481093,Create and Promote mid to long term contracts,Promote Tech Services,No action needed,Engage with senior citizens to better understand their needs and concerns.
3708,3708,2103-ZRXFN,Male,No,No,No,1,Yes,Yes,DSL,No,No,No,No,No,No,Month-to-month,No,Mailed check,50.75,50.75,No,Yes,0.3635056734402971,0.6364943265597028,Create and Promote mid to long term contracts,Promote Tech Services,No action needed,Customize communication for customers with no dependents.
3712,3712,6961-VCPMC,Male,Yes,Yes,No,46,Yes,No,Fiber optic,No,No,No,No,No,Yes,Month-to-month,Yes,Electronic check,80.4,3605.2,Yes,Yes,0.4540389057423242,0.5459610942576758,Create and Promote mid to long term contracts,Promote Tech Services,Enhance and Promote Entertainment Services,Engage with senior citizens to better understand their needs and concerns.
3714,3714,5288-AHOUP,Male,Yes,No,No,11,Yes,No,Fiber optic,No,No,No,No,No,Yes,Month-to-month,Yes,Electronic check,78.5,874.2,No,Yes,0.3687050221116162,0.6312949778883837,Create and Promote mid to long term contracts,Promote Tech Services,Enhance and Promote Entertainment Services,Engage with senior citizens to better understand their needs and concerns.
3715,3715,6688-UZPWD,Female,No,Yes,No,11,Yes,Yes,Fiber optic,No,Yes,No,No,Yes,Yes,Month-to-month,Yes,Electronic check,102.0,1145.35,Yes,Yes,0.0855277886316455,0.9144722113683544,Create and Promote mid to long term contracts,Promote Tech Services,Enhance and Promote Entertainment Services,Customize communication for customers with no dependents.
3724,3724,0968-GSIKN,Female,No,No,No,1,Yes,No,Fiber optic,No,No,No,No,No,No,Month-to-month,Yes,Mailed check,70.8,70.8,Yes,Yes,0.1095715564756172,0.8904284435243828,Create and Promote mid to long term contracts,Promote Tech Services,No action needed,Customize communication for customers with no dependents.
3725,3725,1965-DDBWU,Male,No,No,No,16,Yes,Yes,Fiber optic,No,No,No,Yes,No,Yes,Month-to-month,Yes,Credit card (automatic),89.05,1448.6,Yes,Yes,0.3519325144481106,0.6480674855518894,Create and Promote mid to long term contracts,Promote Tech Services,Enhance and Promote Entertainment Services,Customize communication for customers with no dependents.
3726,3726,9057-SIHCH,Female,No,No,No,3,Yes,Yes,Fiber optic,No,No,No,No,Yes,Yes,Month-to-month,Yes,Electronic check,96.6,291.9,Yes,Yes,0.0453538997459991,0.9546461002540008,Create and Promote mid to long term contracts,Promote Tech Services,Enhance and Promote Entertainment Services,Customize communication for customers with no dependents.
3729,3729,6771-XWBDM,Female,No,Yes,No,57,Yes,Yes,Fiber optic,No,Yes,Yes,No,Yes,Yes,Month-to-month,Yes,Credit card (automatic),104.5,5921.35,Yes,Yes,0.2918328031407976,0.7081671968592024,Create and Promote mid to long term contracts,Promote Tech Services,Enhance and Promote Entertainment Services,Customize communication for customers with no dependents.
3730,3730,2897-DOVND,Male,No,No,No,2,Yes,No,Fiber optic,No,No,No,No,No,No,Month-to-month,Yes,Electronic check,69.8,146.65,No,Yes,0.3476205700030315,0.6523794299969685,Create and Promote mid to long term contracts,Promote Tech Services,No action needed,Customize communication for customers with no dependents.
3734,3734,3489-HHPFY,Female,No,Yes,No,2,Yes,Yes,Fiber optic,No,No,No,No,Yes,No,Month-to-month,Yes,Electronic check,84.05,134.05,No,Yes,0.3510345811032213,0.6489654188967787,Create and Promote mid to long term contracts,Promote Tech Services,Enhance and Promote Entertainment Services,Customize communication for customers with no dependents.
3736,3736,8601-QACRS,Female,No,No,No,5,Yes,Yes,DSL,No,No,No,No,No,No,Month-to-month,Yes,Mailed check,50.6,249.95,Yes,Yes,0.3200640763979936,0.6799359236020064,Create and Promote mid to long term contracts,Promote Tech Services,No action needed,Customize communication for customers with no dependents.
3739,3739,0508-OOLTO,Female,No,Yes,Yes,2,Yes,No,Fiber optic,No,No,No,No,No,No,Month-to-month,Yes,Electronic check,71.65,135.75,No,Yes,0.4461970654192081,0.5538029345807919,Create and Promote mid to long term contracts,Promote Tech Services,No action needed,No action needed
3742,3742,2391-SOORI,Male,No,No,Yes,4,Yes,No,DSL,Yes,No,No,No,No,No,Month-to-month,No,Electronic check,49.35,219.65,Yes,Yes,0.4197815056321469,0.5802184943678531,Create and Promote mid to long term contracts,Promote Tech Services,No action needed,No action needed
3744,3744,2645-QTLMB,Male,No,No,No,7,Yes,No,Fiber optic,No,Yes,No,No,Yes,Yes,Month-to-month,Yes,Electronic check,94.25,669.0,Yes,Yes,0.1582275753971692,0.8417724246028307,Create and Promote mid to long term contracts,Promote Tech Services,Enhance and Promote Entertainment Services,Customize communication for customers with no dependents.
3745,3745,4806-HIPDW,Female,No,Yes,No,1,Yes,No,Fiber optic,No,No,No,No,No,No,Month-to-month,Yes,Electronic check,68.95,68.95,Yes,Yes,0.0604141850460502,0.9395858149539498,Create and Promote mid to long term contracts,Promote Tech Services,No action needed,Customize communication for customers with no dependents.
3748,3748,4424-TKOPW,Male,Yes,No,No,2,Yes,Yes,Fiber optic,No,No,No,No,Yes,Yes,Month-to-month,Yes,Electronic check,93.85,196.75,Yes,Yes,0.0985723764211519,0.901427623578848,Create and Promote mid to long term contracts,Promote Tech Services,Enhance and Promote Entertainment Services,Engage with senior citizens to better understand their needs and concerns.
3753,3753,7096-UCLNH,Male,No,No,No,1,Yes,No,No,No internet service,No internet service,No internet service,No internet service,No internet service,No internet service,Month-to-month,No,Mailed check,20.05,20.05,No,Yes,0.4804073970432299,0.5195926029567701,Create and Promote mid to long term contracts,No action needed,No action needed,Customize communication for customers with no dependents.
3754,3754,8443-ZRDBZ,Male,No,No,No,4,Yes,Yes,Fiber optic,No,No,No,No,No,No,Month-to-month,Yes,Electronic check,76.05,318.9,Yes,Yes,0.1284633024951028,0.8715366975048972,Create and Promote mid to long term contracts,Promote Tech Services,No action needed,Customize communication for customers with no dependents.
3755,3755,9136-ALYBR,Male,No,No,No,1,No,No phone service,DSL,No,No,No,No,No,No,Month-to-month,Yes,Mailed check,24.45,24.45,Yes,Yes,0.34293961808474,0.65706038191526,Create and Promote mid to long term contracts,Promote Tech Services,No action needed,Customize communication for customers with no dependents.
3758,3758,7479-NITWS,Male,No,No,No,7,Yes,Yes,Fiber optic,No,No,Yes,No,Yes,No,Month-to-month,Yes,Credit card (automatic),89.35,631.85,Yes,Yes,0.2229100913264201,0.7770899086735799,Create and Promote mid to long term contracts,Promote Tech Services,Enhance and Promote Entertainment Services,Customize communication for customers with no dependents.
3762,3762,2959-MJHIC,Male,No,Yes,No,4,Yes,No,Fiber optic,No,No,No,No,Yes,No,Month-to-month,Yes,Electronic check,80.35,307.4,Yes,Yes,0.1708641552627945,0.8291358447372055,Create and Promote mid to long term contracts,Promote Tech Services,Enhance and Promote Entertainment Services,Customize communication for customers with no dependents.
3765,3765,4201-JMNGR,Female,Yes,No,No,1,Yes,No,DSL,Yes,No,Yes,No,No,No,Month-to-month,Yes,Electronic check,55.8,55.8,Yes,Yes,0.2086276458128263,0.7913723541871737,Create and Promote mid to long term contracts,Promote Tech Services,No action needed,Engage with senior citizens to better understand their needs and concerns.
3770,3770,5960-WPXQM,Male,No,No,No,1,Yes,No,Fiber optic,No,No,No,No,Yes,No,Month-to-month,Yes,Electronic check,79.05,79.05,Yes,Yes,0.0517111946173305,0.9482888053826696,Create and Promote mid to long term contracts,Promote Tech Services,Enhance and Promote Entertainment Services,Customize communication for customers with no dependents.
3771,3771,0684-AOSIH,Male,No,Yes,No,1,Yes,No,Fiber optic,Yes,No,No,No,Yes,Yes,Month-to-month,Yes,Electronic check,95.0,95.0,Yes,Yes,0.121885118217055,0.878114881782945,Create and Promote mid to long term contracts,Promote Tech Services,Enhance and Promote Entertainment Services,Customize communication for customers with no dependents.
3772,3772,8260-NGFNY,Female,No,No,No,1,No,No phone service,DSL,No,No,No,No,No,No,Month-to-month,No,Mailed check,25.2,25.2,Yes,Yes,0.216616118753285,0.783383881246715,Create and Promote mid to long term contracts,Promote Tech Services,No action needed,Customize communication for customers with no dependents.
3774,3774,1866-RZZQS,Male,Yes,No,No,41,Yes,Yes,Fiber optic,No,No,Yes,No,Yes,Yes,Month-to-month,Yes,Electronic check,98.4,4187.75,Yes,Yes,0.2223841845128698,0.7776158154871302,Create and Promote mid to long term contracts,Promote Tech Services,Enhance and Promote Entertainment Services,Engage with senior citizens to better understand their needs and concerns.
3777,3777,9631-XEYKE,Male,No,No,No,3,Yes,Yes,DSL,No,No,No,No,No,No,Month-to-month,No,Bank transfer (automatic),50.4,137.25,No,Yes,0.3983269515355701,0.6016730484644299,Create and Promote mid to long term contracts,Promote Tech Services,No action needed,Customize communication for customers with no dependents.
3781,3781,8800-JOOCF,Female,No,No,Yes,12,Yes,Yes,Fiber optic,No,No,No,No,Yes,No,Month-to-month,Yes,Electronic check,84.05,966.55,No,Yes,0.4984688498569647,0.5015311501430353,Create and Promote mid to long term contracts,Promote Tech Services,Enhance and Promote Entertainment Services,No action needed
3782,3782,1469-LBJQJ,Female,No,Yes,No,66,Yes,Yes,Fiber optic,No,Yes,Yes,No,Yes,Yes,Month-to-month,Yes,Electronic check,105.2,6936.85,No,Yes,0.498134015680577,0.501865984319423,Create and Promote mid to long term contracts,Promote Tech Services,Enhance and Promote Entertainment Services,Customize communication for customers with no dependents.
3783,3783,4958-XCBDQ,Male,Yes,No,No,35,Yes,Yes,Fiber optic,No,No,Yes,No,Yes,Yes,Month-to-month,Yes,Electronic check,101.4,3496.3,Yes,Yes,0.2495092585959131,0.7504907414040869,Create and Promote mid to long term contracts,Promote Tech Services,Enhance and Promote Entertainment Services,Engage with senior citizens to better understand their needs and concerns.
3784,3784,8337-UPOAQ,Male,Yes,Yes,No,10,Yes,Yes,Fiber optic,No,No,Yes,No,No,Yes,Month-to-month,Yes,Electronic check,89.8,914.3,Yes,Yes,0.1567957411113733,0.8432042588886267,Create and Promote mid to long term contracts,Promote Tech Services,Enhance and Promote Entertainment Services,Engage with senior citizens to better understand their needs and concerns.
3790,3790,3453-RTHJQ,Male,No,No,No,6,Yes,No,Fiber optic,No,No,No,No,No,No,Month-to-month,Yes,Electronic check,69.1,435.0,No,Yes,0.3978179883617718,0.6021820116382282,Create and Promote mid to long term contracts,Promote Tech Services,No action needed,Customize communication for customers with no dependents.
3791,3791,6712-OAWRH,Female,Yes,No,No,26,Yes,No,Fiber optic,No,No,No,No,Yes,Yes,Month-to-month,Yes,Electronic check,91.25,2351.8,Yes,Yes,0.2730725628870348,0.7269274371129651,Create and Promote mid to long term contracts,Promote Tech Services,Enhance and Promote Entertainment Services,Engage with senior citizens to better understand their needs and concerns.
3794,3794,1508-DFXCU,Male,No,No,No,12,Yes,No,Fiber optic,No,No,No,No,Yes,No,Month-to-month,Yes,Electronic check,81.45,912.0,No,Yes,0.2611235526556876,0.7388764473443123,Create and Promote mid to long term contracts,Promote Tech Services,Enhance and Promote Entertainment Services,Customize communication for customers with no dependents.
3795,3795,8614-VGMMV,Female,No,No,No,15,Yes,Yes,DSL,No,No,No,No,No,No,Month-to-month,Yes,Electronic check,49.1,679.55,Yes,Yes,0.4137469726827001,0.5862530273172999,Create and Promote mid to long term contracts,Promote Tech Services,No action needed,Customize communication for customers with no dependents.
3800,3800,5914-DVBWJ,Female,Yes,No,No,18,Yes,Yes,Fiber optic,No,Yes,No,Yes,No,No,Month-to-month,Yes,Electronic check,85.45,1505.85,Yes,Yes,0.2593304901558299,0.7406695098441701,Create and Promote mid to long term contracts,Promote Tech Services,No action needed,Engage with senior citizens to better understand their needs and concerns.
3801,3801,7698-YFGEZ,Male,No,No,No,1,Yes,No,No,No internet service,No internet service,No internet service,No internet service,No internet service,No internet service,Month-to-month,No,Mailed check,20.0,20.0,No,Yes,0.4550524579329432,0.5449475420670568,Create and Promote mid to long term contracts,No action needed,No action needed,Customize communication for customers with no dependents.
3803,3803,9773-PEQBZ,Male,No,No,No,10,Yes,Yes,Fiber optic,No,Yes,No,No,No,No,Month-to-month,No,Electronic check,79.85,797.25,No,Yes,0.411940714937093,0.588059285062907,Create and Promote mid to long term contracts,Promote Tech Services,No action needed,Customize communication for customers with no dependents.
3804,3804,8644-XLFBW,Male,Yes,No,No,1,Yes,No,Fiber optic,No,No,No,No,No,No,Month-to-month,Yes,Electronic check,71.65,71.65,Yes,Yes,0.0952100677233517,0.9047899322766484,Create and Promote mid to long term contracts,Promote Tech Services,No action needed,Engage with senior citizens to better understand their needs and concerns.
3806,3806,8625-AZYZY,Male,No,Yes,No,24,Yes,Yes,Fiber optic,No,Yes,Yes,No,Yes,Yes,Month-to-month,Yes,Electronic check,104.65,2542.45,Yes,Yes,0.190162014465662,0.809837985534338,Create and Promote mid to long term contracts,Promote Tech Services,Enhance and Promote Entertainment Services,Customize communication for customers with no dependents.
3814,3814,9306-CPCBC,Female,No,No,No,3,Yes,Yes,Fiber optic,No,No,No,No,No,No,Month-to-month,Yes,Electronic check,74.25,210.3,Yes,Yes,0.1220037346112038,0.8779962653887962,Create and Promote mid to long term contracts,Promote Tech Services,No action needed,Customize communication for customers with no dependents.
3820,3820,1833-VGRUM,Female,Yes,No,No,1,Yes,Yes,Fiber optic,No,No,No,No,No,No,Month-to-month,Yes,Electronic check,74.2,74.2,Yes,Yes,0.0565885982871496,0.9434114017128504,Create and Promote mid to long term contracts,Promote Tech Services,No action needed,Engage with senior citizens to better understand their needs and concerns.
3828,3828,8374-XGEJJ,Male,Yes,Yes,No,43,Yes,Yes,Fiber optic,No,Yes,No,No,Yes,Yes,Month-to-month,Yes,Electronic check,101.0,4388.4,Yes,Yes,0.1762591233502084,0.8237408766497916,Create and Promote mid to long term contracts,Promote Tech Services,Enhance and Promote Entertainment Services,Engage with senior citizens to better understand their needs and concerns.
3829,3829,2656-TABEH,Male,No,Yes,No,4,Yes,Yes,Fiber optic,No,Yes,No,No,Yes,Yes,Month-to-month,Yes,Electronic check,100.2,420.2,Yes,Yes,0.0773165238517435,0.9226834761482564,Create and Promote mid to long term contracts,Promote Tech Services,Enhance and Promote Entertainment Services,Customize communication for customers with no dependents.
3836,3836,3932-CMDTD,Female,No,No,No,4,Yes,No,Fiber optic,No,Yes,Yes,Yes,Yes,Yes,One year,Yes,Electronic check,105.65,443.9,Yes,Yes,0.2231611884880047,0.7768388115119953,Create and Promote mid to long term contracts,Promote Tech Services,Enhance and Promote Entertainment Services,Customize communication for customers with no dependents.
3837,3837,7714-YXSMB,Female,No,No,No,26,Yes,Yes,Fiber optic,No,No,Yes,No,Yes,Yes,Month-to-month,Yes,Bank transfer (automatic),100.5,2599.95,No,Yes,0.4480751882912536,0.5519248117087464,Create and Promote mid to long term contracts,Promote Tech Services,Enhance and Promote Entertainment Services,Customize communication for customers with no dependents.
3840,3840,4039-HEUNW,Male,Yes,Yes,No,36,Yes,Yes,Fiber optic,No,Yes,No,No,Yes,Yes,Month-to-month,Yes,Electronic check,96.5,3436.1,Yes,Yes,0.3733606575618082,0.6266393424381917,Create and Promote mid to long term contracts,Promote Tech Services,Enhance and Promote Entertainment Services,Engage with senior citizens to better understand their needs and concerns.
3841,3841,1194-HVAIF,Female,No,Yes,No,27,Yes,Yes,Fiber optic,No,No,No,No,Yes,Yes,Month-to-month,No,Credit card (automatic),95.0,2462.55,No,Yes,0.413152856151351,0.586847143848649,Create and Promote mid to long term contracts,Promote Tech Services,Enhance and Promote Entertainment Services,Customize communication for customers with no dependents.
3842,3842,0812-WUPTB,Male,Yes,Yes,No,1,Yes,No,Fiber optic,No,No,No,No,No,No,Month-to-month,No,Mailed check,70.85,70.85,Yes,Yes,0.1562989925375884,0.8437010074624116,Create and Promote mid to long term contracts,Promote Tech Services,No action needed,Engage with senior citizens to better understand their needs and concerns.
3844,3844,0004-TLHLJ,Male,No,No,No,4,Yes,No,Fiber optic,No,No,Yes,No,No,No,Month-to-month,Yes,Electronic check,73.9,280.85,Yes,Yes,0.2362655627916772,0.7637344372083228,Create and Promote mid to long term contracts,Promote Tech Services,No action needed,Customize communication for customers with no dependents.
3863,3863,4817-VYYWS,Female,No,No,No,30,Yes,Yes,Fiber optic,No,Yes,No,No,Yes,Yes,Month-to-month,Yes,Electronic check,100.2,2983.8,Yes,Yes,0.1660485347888609,0.833951465211139,Create and Promote mid to long term contracts,Promote Tech Services,Enhance and Promote Entertainment Services,Customize communication for customers with no dependents.
3867,3867,1396-QWFBJ,Female,No,Yes,Yes,21,Yes,No,Fiber optic,No,Yes,No,No,No,No,Month-to-month,Yes,Bank transfer (automatic),74.05,1565.7,Yes,Yes,0.3827209430220757,0.6172790569779243,Create and Promote mid to long term contracts,Promote Tech Services,No action needed,No action needed
3870,3870,5299-SJCZT,Male,No,No,No,3,Yes,Yes,Fiber optic,No,No,Yes,No,Yes,Yes,Month-to-month,Yes,Bank transfer (automatic),101.55,298.35,Yes,Yes,0.0628844166826382,0.9371155833173618,Create and Promote mid to long term contracts,Promote Tech Services,Enhance and Promote Entertainment Services,Customize communication for customers with no dependents.
3873,3873,4570-QHXHL,Female,No,No,No,9,Yes,No,DSL,No,No,No,No,No,No,Month-to-month,Yes,Electronic check,43.75,405.7,No,Yes,0.3688170728823421,0.6311829271176579,Create and Promote mid to long term contracts,Promote Tech Services,No action needed,Customize communication for customers with no dependents.
3874,3874,2403-BCASL,Male,Yes,Yes,Yes,41,Yes,Yes,Fiber optic,No,Yes,Yes,Yes,Yes,Yes,One year,Yes,Electronic check,111.95,4534.9,Yes,Yes,0.4829898927792567,0.5170101072207433,Create and Promote mid to long term contracts,Promote Tech Services,Enhance and Promote Entertainment Services,Engage with senior citizens to better understand their needs and concerns.
3875,3875,7392-YYPYJ,Male,No,No,No,22,Yes,Yes,Fiber optic,No,Yes,No,No,Yes,Yes,Month-to-month,Yes,Electronic check,100.65,2415.95,No,Yes,0.3293033876974256,0.6706966123025744,Create and Promote mid to long term contracts,Promote Tech Services,Enhance and Promote Entertainment Services,Customize communication for customers with no dependents.
3878,3878,7359-PTSXY,Male,No,No,No,1,Yes,No,DSL,No,No,No,No,No,No,Month-to-month,No,Electronic check,45.75,45.75,Yes,Yes,0.1070752028430988,0.8929247971569012,Create and Promote mid to long term contracts,Promote Tech Services,No action needed,Customize communication for customers with no dependents.
3884,3884,4090-KPJIP,Female,No,No,No,3,Yes,Yes,Fiber optic,No,No,No,No,No,No,Month-to-month,Yes,Electronic check,74.95,212.4,No,Yes,0.1775341394352289,0.8224658605647711,Create and Promote mid to long term contracts,Promote Tech Services,No action needed,Customize communication for customers with no dependents.
3886,3886,4503-BDXBD,Male,No,No,No,11,Yes,No,Fiber optic,No,Yes,No,No,No,No,Month-to-month,No,Electronic check,74.95,815.5,Yes,Yes,0.3852644620624745,0.6147355379375254,Create and Promote mid to long term contracts,Promote Tech Services,No action needed,Customize communication for customers with no dependents.
3887,3887,6086-ESGRL,Female,No,No,No,1,Yes,No,Fiber optic,No,No,No,No,No,Yes,Month-to-month,No,Credit card (automatic),80.15,80.15,Yes,Yes,0.0319991666862412,0.9680008333137587,Create and Promote mid to long term contracts,Promote Tech Services,Enhance and Promote Entertainment Services,Customize communication for customers with no dependents.
3889,3889,3886-CERTZ,Female,No,Yes,No,72,Yes,Yes,Fiber optic,No,Yes,Yes,Yes,Yes,Yes,One year,Yes,Electronic check,109.25,8109.8,Yes,Yes,0.4567529308692024,0.5432470691307976,Create and Promote mid to long term contracts,Promote Tech Services,Enhance and Promote Entertainment Services,Customize communication for customers with no dependents.
3901,3901,5999-LCXAO,Female,No,No,No,1,No,No phone service,DSL,Yes,No,No,No,No,No,Month-to-month,No,Mailed check,29.9,29.9,No,Yes,0.4955507877876091,0.5044492122123909,Create and Promote mid to long term contracts,Promote Tech Services,No action needed,Customize communication for customers with no dependents.
3904,3904,5759-RCVCB,Female,No,No,No,3,No,No phone service,DSL,No,No,No,No,Yes,No,Month-to-month,No,Credit card (automatic),35.2,108.95,Yes,Yes,0.1488576660473267,0.8511423339526732,Create and Promote mid to long term contracts,Promote Tech Services,Enhance and Promote Entertainment Services,Customize communication for customers with no dependents.
3905,3905,6372-RFVNS,Female,No,Yes,No,1,Yes,No,Fiber optic,No,No,No,No,Yes,No,Month-to-month,No,Electronic check,78.8,78.8,Yes,Yes,0.0545845163104693,0.9454154836895308,Create and Promote mid to long term contracts,Promote Tech Services,Enhance and Promote Entertainment Services,Customize communication for customers with no dependents.
3909,3909,8938-UMKPI,Female,No,No,No,47,Yes,Yes,Fiber optic,No,Yes,Yes,No,Yes,Yes,Month-to-month,Yes,Electronic check,106.4,5127.95,Yes,Yes,0.2805052553711969,0.719494744628803,Create and Promote mid to long term contracts,Promote Tech Services,Enhance and Promote Entertainment Services,Customize communication for customers with no dependents.
3910,3910,0991-BRRFB,Male,No,No,No,18,Yes,No,DSL,Yes,No,No,No,No,No,Month-to-month,No,Electronic check,49.4,874.8,Yes,Yes,0.4966225130051737,0.5033774869948263,Create and Promote mid to long term contracts,Promote Tech Services,No action needed,Customize communication for customers with no dependents.
3916,3916,3871-IKPYH,Male,Yes,No,No,1,Yes,No,Fiber optic,No,No,No,No,No,No,Month-to-month,No,Electronic check,69.1,69.1,Yes,Yes,0.0931571616552658,0.906842838344734,Create and Promote mid to long term contracts,Promote Tech Services,No action needed,Engage with senior citizens to better understand their needs and concerns.
3917,3917,6319-IEJWJ,Male,No,Yes,Yes,20,Yes,No,Fiber optic,No,No,No,No,Yes,Yes,Month-to-month,Yes,Electronic check,90.2,1776.55,Yes,Yes,0.3059452190841298,0.6940547809158701,Create and Promote mid to long term contracts,Promote Tech Services,Enhance and Promote Entertainment Services,No action needed
3918,3918,9025-AOMKI,Female,No,No,No,6,Yes,Yes,Fiber optic,No,No,No,No,Yes,Yes,Month-to-month,Yes,Bank transfer (automatic),93.55,536.4,Yes,Yes,0.0640746925053129,0.935925307494687,Create and Promote mid to long term contracts,Promote Tech Services,Enhance and Promote Entertainment Services,Customize communication for customers with no dependents.
3922,3922,5275-SQEIZ,Male,No,No,No,1,Yes,No,Fiber optic,No,No,No,No,No,Yes,Month-to-month,Yes,Mailed check,80.85,80.85,Yes,Yes,0.1450322901426212,0.8549677098573788,Create and Promote mid to long term contracts,Promote Tech Services,Enhance and Promote Entertainment Services,Customize communication for customers with no dependents.
3923,3923,7716-YTYHG,Female,No,Yes,Yes,48,Yes,Yes,Fiber optic,No,No,No,No,No,Yes,One year,Yes,Mailed check,82.05,4029.95,Yes,Yes,0.4863011937575638,0.5136988062424361,Create and Promote mid to long term contracts,Promote Tech Services,Enhance and Promote Entertainment Services,No action needed
3927,3927,4647-MUZON,Female,No,Yes,No,18,Yes,No,Fiber optic,No,No,Yes,No,Yes,Yes,Month-to-month,Yes,Credit card (automatic),95.95,1745.5,No,Yes,0.4410742441871216,0.5589257558128784,Create and Promote mid to long term contracts,Promote Tech Services,Enhance and Promote Entertainment Services,Customize communication for customers with no dependents.
3931,3931,1304-NECVQ,Female,Yes,No,No,2,Yes,Yes,Fiber optic,No,No,Yes,No,No,No,Month-to-month,Yes,Electronic check,78.55,149.55,Yes,Yes,0.0895053842618986,0.9104946157381012,Create and Promote mid to long term contracts,Promote Tech Services,No action needed,Engage with senior citizens to better understand their needs and concerns.
3938,3938,8945-GRKHX,Female,No,No,Yes,1,Yes,No,Fiber optic,No,No,No,No,No,Yes,Month-to-month,No,Electronic check,78.65,78.65,Yes,Yes,0.050476174758535,0.949523825241465,Create and Promote mid to long term contracts,Promote Tech Services,Enhance and Promote Entertainment Services,No action needed
3941,3941,6959-UWKHF,Male,No,No,No,1,Yes,No,DSL,No,No,No,No,No,No,Month-to-month,Yes,Electronic check,42.9,42.9,Yes,Yes,0.2528887340540438,0.7471112659459562,Create and Promote mid to long term contracts,Promote Tech Services,No action needed,Customize communication for customers with no dependents.
3944,3944,3815-SLMEF,Female,No,No,No,3,No,No phone service,DSL,Yes,No,No,Yes,No,No,Month-to-month,No,Mailed check,34.25,139.35,Yes,Yes,0.4371807539797896,0.5628192460202104,Create and Promote mid to long term contracts,Promote Tech Services,No action needed,Customize communication for customers with no dependents.
3945,3945,5154-VEKBL,Female,No,No,No,9,No,No phone service,DSL,Yes,No,Yes,Yes,Yes,Yes,Month-to-month,No,Mailed check,58.5,539.85,Yes,Yes,0.3681874732544394,0.6318125267455605,Create and Promote mid to long term contracts,Promote Tech Services,Enhance and Promote Entertainment Services,Customize communication for customers with no dependents.
3949,3949,5655-JSMZM,Male,Yes,No,No,49,Yes,Yes,Fiber optic,No,No,No,No,Yes,Yes,Month-to-month,Yes,Electronic check,96.2,4718.25,Yes,Yes,0.11989734507638,0.8801026549236199,Create and Promote mid to long term contracts,Promote Tech Services,Enhance and Promote Entertainment Services,Engage with senior citizens to better understand their needs and concerns.
3952,3952,4505-EXZHB,Female,Yes,No,No,6,Yes,No,Fiber optic,No,No,Yes,No,No,No,Month-to-month,No,Electronic check,74.4,434.1,Yes,Yes,0.3362619742831413,0.6637380257168587,Create and Promote mid to long term contracts,Promote Tech Services,No action needed,Engage with senior citizens to better understand their needs and concerns.
3955,3955,4587-VVTOX,Female,No,Yes,No,6,Yes,Yes,Fiber optic,No,Yes,Yes,No,Yes,Yes,Month-to-month,Yes,Electronic check,105.3,545.2,Yes,Yes,0.1215879745619725,0.8784120254380274,Create and Promote mid to long term contracts,Promote Tech Services,Enhance and Promote Entertainment Services,Customize communication for customers with no dependents.
3957,3957,4652-NNHNY,Male,No,Yes,No,16,Yes,Yes,Fiber optic,No,No,No,No,No,No,Month-to-month,Yes,Bank transfer (automatic),73.85,1284.2,Yes,Yes,0.2979492602782045,0.7020507397217954,Create and Promote mid to long term contracts,Promote Tech Services,No action needed,Customize communication for customers with no dependents.
3961,3961,8972-HJWNV,Female,Yes,Yes,No,7,Yes,Yes,Fiber optic,No,No,No,No,No,Yes,Month-to-month,Yes,Electronic check,84.55,646.85,Yes,Yes,0.1347859150919561,0.8652140849080439,Create and Promote mid to long term contracts,Promote Tech Services,Enhance and Promote Entertainment Services,Engage with senior citizens to better understand their needs and concerns.
3968,3968,2920-RNCEZ,Male,No,Yes,Yes,1,Yes,No,Fiber optic,No,No,No,No,No,No,Month-to-month,Yes,Credit card (automatic),69.95,69.95,No,Yes,0.3350588221225715,0.6649411778774285,Create and Promote mid to long term contracts,Promote Tech Services,No action needed,No action needed
3974,3974,2860-RANUS,Female,Yes,No,No,20,Yes,Yes,Fiber optic,No,No,No,No,No,Yes,Month-to-month,Yes,Credit card (automatic),85.8,1727.5,Yes,Yes,0.1867899067299561,0.8132100932700439,Create and Promote mid to long term contracts,Promote Tech Services,Enhance and Promote Entertainment Services,Engage with senior citizens to better understand their needs and concerns.
3975,3975,5261-QSHQM,Female,No,No,No,4,No,No phone service,DSL,No,No,No,No,No,No,Month-to-month,Yes,Electronic check,24.45,86.6,Yes,Yes,0.0856438462407179,0.914356153759282,Create and Promote mid to long term contracts,Promote Tech Services,No action needed,Customize communication for customers with no dependents.
3979,3979,8868-WOZGU,Male,No,No,No,28,Yes,Yes,Fiber optic,No,Yes,Yes,No,Yes,Yes,Month-to-month,Yes,Electronic check,105.7,2979.5,Yes,Yes,0.1770700518013447,0.8229299481986553,Create and Promote mid to long term contracts,Promote Tech Services,Enhance and Promote Entertainment Services,Customize communication for customers with no dependents.
3980,3980,1200-TUZHR,Female,Yes,No,No,8,Yes,Yes,Fiber optic,No,No,No,No,No,Yes,Month-to-month,No,Electronic check,85.2,695.75,No,Yes,0.265181886015761,0.734818113984239,Create and Promote mid to long term contracts,Promote Tech Services,Enhance and Promote Entertainment Services,Engage with senior citizens to better understand their needs and concerns.
3982,3982,1334-FJSVR,Male,No,No,No,1,No,No phone service,DSL,No,No,No,No,No,No,Month-to-month,Yes,Electronic check,24.25,24.25,Yes,Yes,0.1071164148130248,0.8928835851869752,Create and Promote mid to long term contracts,Promote Tech Services,No action needed,Customize communication for customers with no dependents.
3986,3986,7625-XCQRH,Female,No,No,No,11,Yes,Yes,Fiber optic,No,No,No,No,No,No,Month-to-month,Yes,Electronic check,76.5,837.95,Yes,Yes,0.1433789388466609,0.856621061153339,Create and Promote mid to long term contracts,Promote Tech Services,No action needed,Customize communication for customers with no dependents.
3989,3989,6986-IXNDM,Male,No,No,No,14,Yes,No,Fiber optic,No,No,No,No,Yes,Yes,Month-to-month,Yes,Electronic check,92.9,1337.45,No,Yes,0.2622433467485733,0.7377566532514267,Create and Promote mid to long term contracts,Promote Tech Services,Enhance and Promote Entertainment Services,Customize communication for customers with no dependents.
3990,3990,1731-TVIUK,Female,No,No,No,4,Yes,Yes,Fiber optic,No,Yes,No,Yes,No,Yes,Month-to-month,Yes,Electronic check,93.5,362.2,Yes,Yes,0.1340584616103483,0.8659415383896517,Create and Promote mid to long term contracts,Promote Tech Services,Enhance and Promote Entertainment Services,Customize communication for customers with no dependents.
3993,3993,0406-BPDVR,Female,Yes,Yes,No,54,Yes,Yes,Fiber optic,No,Yes,No,No,Yes,Yes,One year,Yes,Credit card (automatic),101.5,5373.1,Yes,Yes,0.3958640771533819,0.6041359228466181,Create and Promote mid to long term contracts,Promote Tech Services,Enhance and Promote Entertainment Services,Engage with senior citizens to better understand their needs and concerns.
3998,3998,5276-KQWHG,Female,Yes,No,No,2,Yes,No,Fiber optic,No,No,No,No,No,No,Month-to-month,Yes,Electronic check,69.6,131.65,Yes,Yes,0.1983527793474713,0.8016472206525287,Create and Promote mid to long term contracts,Promote Tech Services,No action needed,Engage with senior citizens to better understand their needs and concerns.
3999,3999,0420-HLGXF,Female,Yes,No,No,39,Yes,Yes,Fiber optic,No,No,Yes,No,Yes,Yes,Month-to-month,Yes,Electronic check,99.75,4036.0,No,Yes,0.4366648713268232,0.5633351286731768,Create and Promote mid to long term contracts,Promote Tech Services,Enhance and Promote Entertainment Services,Engage with senior citizens to better understand their needs and concerns.
4004,4004,2565-JSLRY,Male,No,No,No,1,Yes,Yes,No,No internet service,No internet service,No internet service,No internet service,No internet service,No internet service,Month-to-month,Yes,Mailed check,24.05,24.05,Yes,Yes,0.4986636698255351,0.5013363301744649,Create and Promote mid to long term contracts,No action needed,No action needed,Customize communication for customers with no dependents.
4009,4009,3727-JEZTU,Female,No,No,No,1,Yes,No,No,No internet service,No internet service,No internet service,No internet service,No internet service,No internet service,Month-to-month,No,Mailed check,20.4,20.4,No,Yes,0.4423076912167012,0.5576923087832988,Create and Promote mid to long term contracts,No action needed,No action needed,Customize communication for customers with no dependents.
4011,4011,6689-KXGBO,Female,No,No,No,1,Yes,No,DSL,No,Yes,No,No,No,No,Month-to-month,No,Electronic check,50.55,50.55,Yes,Yes,0.2220983922769002,0.7779016077230998,Create and Promote mid to long term contracts,Promote Tech Services,No action needed,Customize communication for customers with no dependents.
4015,4015,7754-IXRMC,Female,No,No,No,1,Yes,No,DSL,No,No,No,No,No,No,Month-to-month,No,Mailed check,45.35,45.35,No,Yes,0.2528809427771723,0.7471190572228277,Create and Promote mid to long term contracts,Promote Tech Services,No action needed,Customize communication for customers with no dependents.
4018,4018,6615-NGGZJ,Male,No,No,No,14,Yes,Yes,Fiber optic,No,Yes,No,No,Yes,Yes,Month-to-month,Yes,Electronic check,100.55,1415.55,Yes,Yes,0.1787488977786635,0.8212511022213365,Create and Promote mid to long term contracts,Promote Tech Services,Enhance and Promote Entertainment Services,Customize communication for customers with no dependents.
4020,4020,4255-DDUOU,Female,No,Yes,Yes,1,Yes,No,No,No internet service,No internet service,No internet service,No internet service,No internet service,No internet service,Month-to-month,Yes,Mailed check,20.5,20.5,Yes,Yes,0.3976470021686544,0.6023529978313455,Create and Promote mid to long term contracts,No action needed,No action needed,No action needed
4023,4023,1329-VHWNP,Female,No,No,No,7,No,No phone service,DSL,No,No,No,No,No,No,Month-to-month,No,Bank transfer (automatic),25.05,189.95,No,Yes,0.4040400952621822,0.5959599047378178,Create and Promote mid to long term contracts,Promote Tech Services,No action needed,Customize communication for customers with no dependents.
4024,4024,2984-MIIZL,Male,No,No,No,4,Yes,No,Fiber optic,No,No,Yes,No,No,No,Month-to-month,Yes,Bank transfer (automatic),74.8,321.9,Yes,Yes,0.1766498522770503,0.8233501477229497,Create and Promote mid to long term contracts,Promote Tech Services,No action needed,Customize communication for customers with no dependents.
4026,4026,5590-YRFJT,Female,No,Yes,No,20,No,No phone service,DSL,No,No,No,No,No,No,Month-to-month,Yes,Electronic check,24.45,482.8,Yes,Yes,0.3484589935618055,0.6515410064381945,Create and Promote mid to long term contracts,Promote Tech Services,No action needed,Customize communication for customers with no dependents.
4038,4038,8161-QYMTT,Male,No,No,No,7,Yes,Yes,Fiber optic,No,No,No,No,Yes,Yes,Month-to-month,Yes,Electronic check,94.1,701.3,No,Yes,0.1895887625448837,0.8104112374551162,Create and Promote mid to long term contracts,Promote Tech Services,Enhance and Promote Entertainment Services,Customize communication for customers with no dependents.
4044,4044,3677-TNKIO,Female,No,No,No,14,Yes,No,Fiber optic,No,No,No,No,No,No,Month-to-month,Yes,Credit card (automatic),71.0,914.0,Yes,Yes,0.1789177491458961,0.8210822508541039,Create and Promote mid to long term contracts,Promote Tech Services,No action needed,Customize communication for customers with no dependents.
4051,4051,9667-EQRXU,Female,Yes,No,No,30,No,No phone service,DSL,No,No,Yes,No,Yes,No,Month-to-month,Yes,Electronic check,40.3,1172.95,Yes,Yes,0.3826358280998332,0.6173641719001668,Create and Promote mid to long term contracts,Promote Tech Services,Enhance and Promote Entertainment Services,Engage with senior citizens to better understand their needs and concerns.
4055,4055,3329-WDIOK,Female,No,No,No,3,No,No phone service,DSL,No,Yes,No,No,Yes,Yes,Month-to-month,Yes,Electronic check,50.6,155.35,Yes,Yes,0.2223845286445854,0.7776154713554145,Create and Promote mid to long term contracts,Promote Tech Services,Enhance and Promote Entertainment Services,Customize communication for customers with no dependents.
4057,4057,2873-ZLIWT,Female,No,Yes,Yes,40,Yes,Yes,Fiber optic,No,No,Yes,Yes,No,No,Month-to-month,Yes,Electronic check,84.85,3303.05,Yes,Yes,0.4360636189874635,0.5639363810125365,Create and Promote mid to long term contracts,Promote Tech Services,No action needed,No action needed
4058,4058,3415-TAILE,Female,No,Yes,Yes,2,Yes,No,DSL,No,No,No,No,Yes,Yes,Month-to-month,No,Mailed check,65.7,134.35,Yes,Yes,0.3720971934422561,0.6279028065577439,Create and Promote mid to long term contracts,Promote Tech Services,Enhance and Promote Entertainment Services,No action needed
4061,4061,1915-IOFGU,Female,No,No,No,1,Yes,No,Fiber optic,No,No,No,No,No,No,Month-to-month,No,Electronic check,70.5,70.5,Yes,Yes,0.0540550830869865,0.9459449169130134,Create and Promote mid to long term contracts,Promote Tech Services,No action needed,Customize communication for customers with no dependents.
4062,4062,3045-XETSH,Female,No,No,No,10,Yes,Yes,Fiber optic,No,Yes,Yes,No,No,Yes,Month-to-month,Yes,Electronic check,94.85,953.45,Yes,Yes,0.1657183297739811,0.8342816702260188,Create and Promote mid to long term contracts,Promote Tech Services,Enhance and Promote Entertainment Services,Customize communication for customers with no dependents.
4064,4064,7239-HZZCX,Male,No,No,No,1,Yes,No,No,No internet service,No internet service,No internet service,No internet service,No internet service,No internet service,Month-to-month,No,Mailed check,19.75,19.75,Yes,Yes,0.3893914880710054,0.6106085119289946,Create and Promote mid to long term contracts,No action needed,No action needed,Customize communication for customers with no dependents.
4071,4071,2688-BHGOG,Male,Yes,No,No,9,Yes,No,Fiber optic,No,No,No,No,No,Yes,Month-to-month,Yes,Electronic check,79.55,718.55,No,Yes,0.3967063392779488,0.6032936607220512,Create and Promote mid to long term contracts,Promote Tech Services,Enhance and Promote Entertainment Services,Engage with senior citizens to better understand their needs and concerns.
4073,4073,0946-CLJTI,Male,Yes,Yes,No,58,Yes,Yes,Fiber optic,No,No,Yes,No,Yes,Yes,Month-to-month,Yes,Electronic check,98.7,5812.6,Yes,Yes,0.2582776972343695,0.7417223027656304,Create and Promote mid to long term contracts,Promote Tech Services,Enhance and Promote Entertainment Services,Engage with senior citizens to better understand their needs and concerns.
4080,4080,7665-TOALD,Female,No,No,No,1,Yes,No,Fiber optic,No,No,No,No,No,No,Month-to-month,Yes,Electronic check,69.6,69.6,Yes,Yes,0.0460920874821139,0.953907912517886,Create and Promote mid to long term contracts,Promote Tech Services,No action needed,Customize communication for customers with no dependents.
4082,4082,0324-BRPCJ,Female,Yes,Yes,No,68,Yes,Yes,Fiber optic,No,Yes,No,No,Yes,Yes,Month-to-month,Yes,Electronic check,100.2,6851.65,Yes,Yes,0.2944055267875537,0.7055944732124463,Create and Promote mid to long term contracts,Promote Tech Services,Enhance and Promote Entertainment Services,Engage with senior citizens to better understand their needs and concerns.
4083,4083,2777-PHDEI,Female,No,No,No,1,Yes,No,Fiber optic,No,No,No,No,Yes,No,Month-to-month,No,Electronic check,78.05,78.05,Yes,Yes,0.0369714448568678,0.963028555143132,Create and Promote mid to long term contracts,Promote Tech Services,Enhance and Promote Entertainment Services,Customize communication for customers with no dependents.
4087,4087,1196-AMORA,Male,No,No,No,7,Yes,Yes,Fiber optic,No,No,No,No,No,No,Month-to-month,No,Electronic check,73.6,520.0,Yes,Yes,0.2693244908769436,0.7306755091230563,Create and Promote mid to long term contracts,Promote Tech Services,No action needed,Customize communication for customers with no dependents.
4088,4088,4282-YMKNA,Female,No,No,No,9,Yes,Yes,Fiber optic,No,No,No,No,No,No,Month-to-month,Yes,Electronic check,74.75,706.6,Yes,Yes,0.237136231077631,0.762863768922369,Create and Promote mid to long term contracts,Promote Tech Services,No action needed,Customize communication for customers with no dependents.
4091,4091,0670-KDOMA,Female,No,No,No,1,Yes,No,No,No internet service,No internet service,No internet service,No internet service,No internet service,No internet service,Month-to-month,Yes,Mailed check,20.25,20.25,No,Yes,0.3916365710532613,0.6083634289467387,Create and Promote mid to long term contracts,No action needed,No action needed,Customize communication for customers with no dependents.
4092,4092,2476-YGEFM,Female,No,No,No,29,Yes,Yes,Fiber optic,No,No,No,No,No,No,Month-to-month,Yes,Credit card (automatic),76.0,2215.25,No,Yes,0.3731181083640452,0.6268818916359548,Create and Promote mid to long term contracts,Promote Tech Services,No action needed,Customize communication for customers with no dependents.
4097,4097,5356-RHIPP,Male,No,No,No,1,Yes,No,No,No internet service,No internet service,No internet service,No internet service,No internet service,No internet service,Month-to-month,Yes,Mailed check,20.2,20.2,Yes,Yes,0.328958296743415,0.671041703256585,Create and Promote mid to long term contracts,No action needed,No action needed,Customize communication for customers with no dependents.
4105,4105,9189-JWSHV,Female,Yes,Yes,No,24,Yes,Yes,Fiber optic,No,No,No,No,Yes,Yes,Month-to-month,Yes,Electronic check,93.55,2264.05,Yes,Yes,0.3261228939337189,0.673877106066281,Create and Promote mid to long term contracts,Promote Tech Services,Enhance and Promote Entertainment Services,Engage with senior citizens to better understand their needs and concerns.
4108,4108,0746-JTRFU,Male,No,No,No,2,No,No phone service,DSL,No,No,No,No,No,No,Month-to-month,Yes,Electronic check,25.05,56.35,Yes,Yes,0.1390589504610534,0.8609410495389466,Create and Promote mid to long term contracts,Promote Tech Services,No action needed,Customize communication for customers with no dependents.
4120,4120,0576-WNXXC,Male,Yes,Yes,No,27,Yes,Yes,Fiber optic,No,Yes,Yes,No,No,Yes,Month-to-month,Yes,Electronic check,95.55,2510.2,Yes,Yes,0.3043389758945322,0.6956610241054678,Create and Promote mid to long term contracts,Promote Tech Services,Enhance and Promote Entertainment Services,Engage with senior citizens to better understand their needs and concerns.
4127,4127,4628-CTTLA,Male,No,No,No,57,No,No phone service,DSL,No,Yes,No,No,Yes,No,Month-to-month,Yes,Electronic check,39.3,2111.45,Yes,Yes,0.4053400930237535,0.5946599069762465,Create and Promote mid to long term contracts,Promote Tech Services,Enhance and Promote Entertainment Services,Customize communication for customers with no dependents.
4130,4130,2876-VBBBL,Female,No,No,No,1,Yes,No,No,No internet service,No internet service,No internet service,No internet service,No internet service,No internet service,Month-to-month,Yes,Mailed check,20.25,20.25,Yes,Yes,0.3916365710532613,0.6083634289467387,Create and Promote mid to long term contracts,No action needed,No action needed,Customize communication for customers with no dependents.
4131,4131,6834-NXDCA,Female,No,No,No,13,No,No phone service,DSL,No,No,No,No,No,No,Month-to-month,Yes,Electronic check,23.9,300.8,Yes,Yes,0.1756892047101576,0.8243107952898424,Create and Promote mid to long term contracts,Promote Tech Services,No action needed,Customize communication for customers with no dependents.
4133,4133,3005-TYFRD,Female,No,Yes,No,55,Yes,Yes,Fiber optic,No,Yes,Yes,No,Yes,Yes,Month-to-month,Yes,Credit card (automatic),103.65,5676.65,No,Yes,0.4724251569666344,0.5275748430333655,Create and Promote mid to long term contracts,Promote Tech Services,Enhance and Promote Entertainment Services,Customize communication for customers with no dependents.
4137,4137,5597-GLBUC,Female,No,No,No,1,Yes,No,Fiber optic,No,No,Yes,No,Yes,No,Month-to-month,Yes,Electronic check,85.45,85.45,Yes,Yes,0.0512389650093318,0.948761034990668,Create and Promote mid to long term contracts,Promote Tech Services,Enhance and Promote Entertainment Services,Customize communication for customers with no dependents.
4138,4138,7278-CKDNC,Male,Yes,No,No,24,Yes,Yes,Fiber optic,No,Yes,No,No,No,No,Month-to-month,Yes,Electronic check,80.5,2088.45,No,Yes,0.3872375591446921,0.6127624408553078,Create and Promote mid to long term contracts,Promote Tech Services,No action needed,Engage with senior citizens to better understand their needs and concerns.
4139,4139,2748-MYRVK,Female,No,No,No,63,Yes,Yes,Fiber optic,No,Yes,No,No,Yes,Yes,One year,No,Bank transfer (automatic),99.9,6137.0,Yes,Yes,0.4111178939298121,0.5888821060701879,Create and Promote mid to long term contracts,Promote Tech Services,Enhance and Promote Entertainment Services,Customize communication for customers with no dependents.
4142,4142,4822-YCXMX,Male,No,No,No,25,Yes,Yes,Fiber optic,No,No,No,No,No,Yes,Month-to-month,Yes,Electronic check,84.8,2043.45,Yes,Yes,0.2637290552396609,0.736270944760339,Create and Promote mid to long term contracts,Promote Tech Services,Enhance and Promote Entertainment Services,Customize communication for customers with no dependents.
4145,4145,9821-POOTN,Male,No,Yes,No,35,Yes,Yes,Fiber optic,No,No,No,No,No,No,Month-to-month,Yes,Electronic check,75.2,2576.2,Yes,Yes,0.3134649619851142,0.6865350380148858,Create and Promote mid to long term contracts,Promote Tech Services,No action needed,Customize communication for customers with no dependents.
4149,4149,0187-QSXOE,Male,Yes,Yes,No,7,Yes,No,Fiber optic,No,No,No,No,Yes,Yes,Month-to-month,Yes,Electronic check,89.0,605.45,No,Yes,0.3986402788040031,0.6013597211959969,Create and Promote mid to long term contracts,Promote Tech Services,Enhance and Promote Entertainment Services,Engage with senior citizens to better understand their needs and concerns.
4153,4153,4229-CZMLL,Male,No,No,No,6,Yes,Yes,Fiber optic,No,No,No,No,No,No,Month-to-month,Yes,Electronic check,74.9,469.8,Yes,Yes,0.1890732125503884,0.8109267874496116,Create and Promote mid to long term contracts,Promote Tech Services,No action needed,Customize communication for customers with no dependents.
4155,4155,2465-BLLEU,Male,No,No,No,1,Yes,No,No,No internet service,No internet service,No internet service,No internet service,No internet service,No internet service,Month-to-month,Yes,Mailed check,19.75,19.75,No,Yes,0.3736154347944622,0.6263845652055378,Create and Promote mid to long term contracts,No action needed,No action needed,Customize communication for customers with no dependents.
4156,4156,1685-VAYJF,Male,No,No,No,11,Yes,No,DSL,No,No,No,No,No,No,Month-to-month,No,Credit card (automatic),45.2,492.0,No,Yes,0.4950393940139074,0.5049606059860926,Create and Promote mid to long term contracts,Promote Tech Services,No action needed,Customize communication for customers with no dependents.
4168,4168,3663-MITLP,Female,No,No,No,15,Yes,No,Fiber optic,No,Yes,Yes,No,Yes,Yes,Month-to-month,Yes,Electronic check,101.25,1457.25,Yes,Yes,0.2088779682656056,0.7911220317343943,Create and Promote mid to long term contracts,Promote Tech Services,Enhance and Promote Entertainment Services,Customize communication for customers with no dependents.
4171,4171,1905-OEILC,Female,No,No,No,1,Yes,No,No,No internet service,No internet service,No internet service,No internet service,No internet service,No internet service,Month-to-month,No,Mailed check,19.5,19.5,No,Yes,0.4211824012319256,0.5788175987680744,Create and Promote mid to long term contracts,No action needed,No action needed,Customize communication for customers with no dependents.
4172,4172,7858-GTZSP,Female,No,No,No,12,Yes,Yes,Fiber optic,No,No,No,No,No,Yes,Month-to-month,Yes,Electronic check,86.55,1066.9,No,Yes,0.1669286920431552,0.8330713079568448,Create and Promote mid to long term contracts,Promote Tech Services,Enhance and Promote Entertainment Services,Customize communication for customers with no dependents.
4173,4173,3285-UCQVC,Female,No,No,No,37,No,No phone service,DSL,No,No,No,Yes,No,No,Month-to-month,No,Credit card (automatic),28.6,973.55,Yes,Yes,0.4137739512377874,0.5862260487622126,Create and Promote mid to long term contracts,Promote Tech Services,No action needed,Customize communication for customers with no dependents.
4179,4179,5482-PLVPE,Female,Yes,No,No,2,No,No phone service,DSL,No,No,No,No,No,No,Month-to-month,No,Electronic check,24.35,41.85,Yes,Yes,0.0797677723700978,0.9202322276299022,Create and Promote mid to long term contracts,Promote Tech Services,No action needed,Engage with senior citizens to better understand their needs and concerns.
4181,4181,4902-OHLSK,Female,Yes,No,No,29,Yes,Yes,Fiber optic,No,No,No,Yes,Yes,Yes,Month-to-month,No,Electronic check,98.65,2862.75,Yes,Yes,0.285472817991888,0.7145271820081119,Create and Promote mid to long term contracts,Promote Tech Services,Enhance and Promote Entertainment Services,Engage with senior citizens to better understand their needs and concerns.
4183,4183,0495-ZBNGW,Male,Yes,Yes,No,5,Yes,Yes,Fiber optic,No,No,Yes,No,No,No,Month-to-month,Yes,Bank transfer (automatic),79.9,343.95,Yes,Yes,0.1335824699841008,0.8664175300158992,Create and Promote mid to long term contracts,Promote Tech Services,No action needed,Engage with senior citizens to better understand their needs and concerns.
4184,4184,8620-RJPZN,Female,No,No,No,1,Yes,No,No,No internet service,No internet service,No internet service,No internet service,No internet service,No internet service,Month-to-month,No,Electronic check,20.7,20.7,No,Yes,0.330822226054332,0.669177773945668,Create and Promote mid to long term contracts,No action needed,No action needed,Customize communication for customers with no dependents.
4187,4187,2357-COQEK,Female,Yes,No,No,28,Yes,Yes,Fiber optic,No,No,Yes,Yes,Yes,Yes,Month-to-month,Yes,Electronic check,103.3,2890.65,Yes,Yes,0.2936988615695443,0.7063011384304557,Create and Promote mid to long term contracts,Promote Tech Services,Enhance and Promote Entertainment Services,Engage with senior citizens to better understand their needs and concerns.
4189,4189,3737-GCSPV,Female,No,Yes,No,11,Yes,Yes,Fiber optic,Yes,No,No,Yes,Yes,No,Month-to-month,Yes,Credit card (automatic),96.2,1222.05,Yes,Yes,0.187805451150307,0.812194548849693,Create and Promote mid to long term contracts,Promote Tech Services,Enhance and Promote Entertainment Services,Customize communication for customers with no dependents.
4196,4196,5934-RMPOV,Female,No,No,Yes,22,Yes,Yes,Fiber optic,No,No,No,No,No,Yes,Month-to-month,Yes,Electronic check,84.75,1816.75,No,Yes,0.4584498247887987,0.5415501752112013,Create and Promote mid to long term contracts,Promote Tech Services,Enhance and Promote Entertainment Services,No action needed
4203,4203,4395-PZMSN,Male,Yes,No,No,5,Yes,No,Fiber optic,No,Yes,No,No,No,Yes,Month-to-month,Yes,Electronic check,85.55,408.5,No,Yes,0.4187632076075804,0.5812367923924195,Create and Promote mid to long term contracts,Promote Tech Services,Enhance and Promote Entertainment Services,Engage with senior citizens to better understand their needs and concerns.
4210,4210,2034-CGRHZ,Male,Yes,No,No,24,Yes,Yes,Fiber optic,No,Yes,Yes,No,Yes,Yes,Month-to-month,Yes,Credit card (automatic),102.95,2496.7,Yes,Yes,0.1872292278460959,0.812770772153904,Create and Promote mid to long term contracts,Promote Tech Services,Enhance and Promote Entertainment Services,Engage with senior citizens to better understand their needs and concerns.
4211,4211,5797-APWZC,Female,No,No,No,1,Yes,No,Fiber optic,No,No,No,No,Yes,Yes,Month-to-month,No,Electronic check,90.6,90.6,Yes,Yes,0.0300773132809508,0.9699226867190492,Create and Promote mid to long term contracts,Promote Tech Services,Enhance and Promote Entertainment Services,Customize communication for customers with no dependents.
4212,4212,3683-QKIUE,Female,No,No,No,6,Yes,No,DSL,No,No,No,Yes,No,No,Month-to-month,Yes,Bank transfer (automatic),50.8,288.05,Yes,Yes,0.3411523575557657,0.6588476424442343,Create and Promote mid to long term contracts,Promote Tech Services,No action needed,Customize communication for customers with no dependents.
4213,4213,4228-ZGYUW,Male,No,No,No,4,Yes,Yes,Fiber optic,No,Yes,No,No,No,Yes,Month-to-month,Yes,Electronic check,90.05,368.1,Yes,Yes,0.1159179937051801,0.8840820062948198,Create and Promote mid to long term contracts,Promote Tech Services,Enhance and Promote Entertainment Services,Customize communication for customers with no dependents.
4216,4216,8107-KNCIM,Male,Yes,Yes,No,14,Yes,Yes,Fiber optic,No,No,No,No,No,No,Month-to-month,Yes,Electronic check,75.1,1013.35,No,Yes,0.3987292545144381,0.6012707454855619,Create and Promote mid to long term contracts,Promote Tech Services,No action needed,Engage with senior citizens to better understand their needs and concerns.
4225,4225,3519-ZKXGG,Female,No,Yes,No,3,Yes,Yes,Fiber optic,No,No,No,No,No,No,Month-to-month,Yes,Electronic check,75.85,256.6,Yes,Yes,0.1201722023325916,0.8798277976674084,Create and Promote mid to long term contracts,Promote Tech Services,No action needed,Customize communication for customers with no dependents.
4227,4227,6416-TVAIH,Male,No,Yes,Yes,1,Yes,No,Fiber optic,No,No,No,No,No,No,Month-to-month,Yes,Electronic check,68.5,68.5,Yes,Yes,0.0720551121073586,0.9279448878926414,Create and Promote mid to long term contracts,Promote Tech Services,No action needed,No action needed
4229,4229,5108-ADXWO,Male,No,No,No,11,Yes,No,Fiber optic,Yes,No,No,No,No,No,Month-to-month,Yes,Electronic check,73.5,791.75,Yes,Yes,0.4129937814002782,0.5870062185997218,Create and Promote mid to long term contracts,Promote Tech Services,No action needed,Customize communication for customers with no dependents.
4231,4231,3066-RRJIO,Female,No,No,No,1,Yes,No,Fiber optic,No,No,No,No,No,No,Month-to-month,Yes,Mailed check,69.95,69.95,Yes,Yes,0.1160838686756889,0.883916131324311,Create and Promote mid to long term contracts,Promote Tech Services,No action needed,Customize communication for customers with no dependents.
4236,4236,6715-OFDBP,Male,No,No,No,5,Yes,No,DSL,No,No,Yes,No,Yes,Yes,Month-to-month,Yes,Electronic check,70.05,346.4,Yes,Yes,0.2078136075581207,0.7921863924418793,Create and Promote mid to long term contracts,Promote Tech Services,Enhance and Promote Entertainment Services,Customize communication for customers with no dependents.
4239,4239,1567-DSCIC,Male,No,No,No,8,Yes,Yes,Fiber optic,No,Yes,Yes,No,Yes,No,Month-to-month,Yes,Electronic check,94.0,773.65,Yes,Yes,0.1916982018747459,0.808301798125254,Create and Promote mid to long term contracts,Promote Tech Services,Enhance and Promote Entertainment Services,Customize communication for customers with no dependents.
4241,4241,6124-ACRHJ,Female,No,No,No,1,Yes,No,No,No internet service,No internet service,No internet service,No internet service,No internet service,No internet service,Month-to-month,No,Mailed check,19.75,19.75,No,Yes,0.3998830824513155,0.6001169175486845,Create and Promote mid to long term contracts,No action needed,No action needed,Customize communication for customers with no dependents.
4253,4253,2683-BPJSO,Male,No,Yes,No,29,Yes,Yes,Fiber optic,Yes,Yes,No,No,No,No,Month-to-month,Yes,Electronic check,84.45,2467.1,Yes,Yes,0.484928125493555,0.515071874506445,Create and Promote mid to long term contracts,Promote Tech Services,No action needed,Customize communication for customers with no dependents.
4254,4254,2157-MXBJS,Male,No,Yes,No,13,Yes,Yes,DSL,No,No,Yes,No,Yes,Yes,One year,Yes,Mailed check,75.3,989.45,Yes,Yes,0.4179972571696836,0.5820027428303164,Create and Promote mid to long term contracts,Promote Tech Services,Enhance and Promote Entertainment Services,Customize communication for customers with no dependents.
4257,4257,9360-AHGNL,Female,Yes,Yes,No,43,Yes,Yes,Fiber optic,Yes,No,Yes,Yes,Yes,Yes,One year,Yes,Mailed check,109.55,4830.25,Yes,Yes,0.4750978039018477,0.5249021960981523,Create and Promote mid to long term contracts,Promote Tech Services,Enhance and Promote Entertainment Services,Engage with senior citizens to better understand their needs and concerns.
4258,4258,1087-UDSIH,Female,No,No,No,3,Yes,No,No,No internet service,No internet service,No internet service,No internet service,No internet service,No internet service,Month-to-month,Yes,Mailed check,19.6,59.75,Yes,Yes,0.4921512625817642,0.5078487374182358,Create and Promote mid to long term contracts,No action needed,No action needed,Customize communication for customers with no dependents.
4261,4261,5485-WUYWF,Male,Yes,No,No,2,Yes,No,DSL,Yes,No,Yes,No,Yes,No,Month-to-month,No,Bank transfer (automatic),66.4,94.55,Yes,Yes,0.3337003330592724,0.6662996669407276,Create and Promote mid to long term contracts,Promote Tech Services,Enhance and Promote Entertainment Services,Engage with senior citizens to better understand their needs and concerns.
4264,4264,2632-UCGVD,Male,Yes,Yes,No,66,Yes,Yes,Fiber optic,No,No,No,Yes,Yes,Yes,Month-to-month,Yes,Credit card (automatic),100.05,6871.9,Yes,Yes,0.2710077695487104,0.7289922304512896,Create and Promote mid to long term contracts,Promote Tech Services,Enhance and Promote Entertainment Services,Engage with senior citizens to better understand their needs and concerns.
4265,4265,5445-PZWGX,Male,No,No,No,62,Yes,Yes,Fiber optic,Yes,Yes,No,Yes,No,Yes,One year,No,Electronic check,102.0,6529.25,Yes,Yes,0.4835404873089007,0.5164595126910992,Create and Promote mid to long term contracts,Promote Tech Services,Enhance and Promote Entertainment Services,Customize communication for customers with no dependents.
4268,4268,9170-CCKOU,Male,No,Yes,No,17,Yes,Yes,Fiber optic,Yes,Yes,Yes,No,No,No,Month-to-month,No,Credit card (automatic),90.2,1454.15,Yes,Yes,0.4477403919893437,0.5522596080106563,Create and Promote mid to long term contracts,Promote Tech Services,No action needed,Customize communication for customers with no dependents.
4272,4272,3814-MLAXC,Female,No,No,No,31,Yes,Yes,Fiber optic,No,No,No,Yes,No,No,Month-to-month,Yes,Credit card (automatic),79.85,2404.15,Yes,Yes,0.3600332333899223,0.6399667666100777,Create and Promote mid to long term contracts,Promote Tech Services,No action needed,Customize communication for customers with no dependents.
4275,4275,1226-UDFZR,Female,No,No,No,2,Yes,No,DSL,No,Yes,No,No,No,No,Month-to-month,Yes,Mailed check,49.6,114.7,Yes,Yes,0.3638887205594198,0.6361112794405802,Create and Promote mid to long term contracts,Promote Tech Services,No action needed,Customize communication for customers with no dependents.
4283,4283,8189-XRIKE,Female,Yes,No,No,32,Yes,No,Fiber optic,No,No,No,No,Yes,Yes,Month-to-month,No,Electronic check,90.95,2897.95,No,Yes,0.4241620684981446,0.5758379315018554,Create and Promote mid to long term contracts,Promote Tech Services,Enhance and Promote Entertainment Services,Engage with senior citizens to better understand their needs and concerns.
4286,4286,6425-YQLLO,Female,Yes,Yes,No,66,Yes,Yes,Fiber optic,No,No,Yes,Yes,Yes,Yes,One year,Yes,Credit card (automatic),105.95,6975.25,Yes,Yes,0.4125225498007003,0.5874774501992996,Create and Promote mid to long term contracts,Promote Tech Services,Enhance and Promote Entertainment Services,Engage with senior citizens to better understand their needs and concerns.
4287,4287,5442-UTCVD,Male,No,No,Yes,3,Yes,Yes,Fiber optic,No,No,Yes,No,No,Yes,Month-to-month,No,Electronic check,91.85,257.05,Yes,Yes,0.1771908866710732,0.8228091133289268,Create and Promote mid to long term contracts,Promote Tech Services,Enhance and Promote Entertainment Services,No action needed
4289,4289,7734-DBOAI,Female,No,Yes,Yes,1,No,No phone service,DSL,No,No,No,Yes,Yes,No,Month-to-month,No,Electronic check,40.1,40.1,Yes,Yes,0.1714404525886623,0.8285595474113376,Create and Promote mid to long term contracts,Promote Tech Services,Enhance and Promote Entertainment Services,No action needed
4291,4291,2091-RFFBA,Female,Yes,No,No,31,Yes,Yes,Fiber optic,No,No,No,No,No,No,Month-to-month,Yes,Electronic check,73.9,2217.15,Yes,Yes,0.3217080763365632,0.6782919236634368,Create and Promote mid to long term contracts,Promote Tech Services,No action needed,Engage with senior citizens to better understand their needs and concerns.
4292,4292,2114-MGINA,Female,No,No,No,14,Yes,No,Fiber optic,No,No,No,No,Yes,Yes,Month-to-month,Yes,Mailed check,89.8,1129.1,Yes,Yes,0.161609461181735,0.838390538818265,Create and Promote mid to long term contracts,Promote Tech Services,Enhance and Promote Entertainment Services,Customize communication for customers with no dependents.
4295,4295,4489-SNOJF,Female,No,Yes,Yes,35,Yes,Yes,DSL,Yes,No,Yes,Yes,Yes,No,Month-to-month,No,Electronic check,72.25,2568.55,Yes,Yes,0.4974596258215049,0.5025403741784951,Create and Promote mid to long term contracts,Promote Tech Services,Enhance and Promote Entertainment Services,No action needed
4306,4306,6899-PPEEA,Female,Yes,No,No,37,Yes,Yes,Fiber optic,No,No,No,No,Yes,Yes,Month-to-month,Yes,Electronic check,96.55,3580.3,Yes,Yes,0.1047065994089058,0.8952934005910942,Create and Promote mid to long term contracts,Promote Tech Services,Enhance and Promote Entertainment Services,Engage with senior citizens to better understand their needs and concerns.
4310,4310,2187-LZGPL,Female,No,No,No,7,No,No phone service,DSL,No,Yes,No,No,No,Yes,Month-to-month,Yes,Credit card (automatic),40.1,293.3,Yes,Yes,0.154835607739096,0.845164392260904,Create and Promote mid to long term contracts,Promote Tech Services,Enhance and Promote Entertainment Services,Customize communication for customers with no dependents.
4313,4313,4597-NUCQV,Male,Yes,No,No,24,Yes,Yes,Fiber optic,No,Yes,No,No,Yes,Yes,Month-to-month,Yes,Electronic check,101.25,2440.15,Yes,Yes,0.1718735549152823,0.8281264450847177,Create and Promote mid to long term contracts,Promote Tech Services,Enhance and Promote Entertainment Services,Engage with senior citizens to better understand their needs and concerns.
4314,4314,9019-QVLZD,Female,No,No,No,1,Yes,No,Fiber optic,No,No,No,No,Yes,No,Month-to-month,No,Electronic check,79.55,79.55,Yes,Yes,0.0396249466295207,0.9603750533704792,Create and Promote mid to long term contracts,Promote Tech Services,Enhance and Promote Entertainment Services,Customize communication for customers with no dependents.
4320,4320,5599-HVLTW,Female,Yes,No,No,14,Yes,Yes,Fiber optic,No,No,Yes,No,No,No,Month-to-month,Yes,Bank transfer (automatic),80.35,1058.1,No,Yes,0.3704306868271236,0.6295693131728763,Create and Promote mid to long term contracts,Promote Tech Services,No action needed,Engage with senior citizens to better understand their needs and concerns.
4321,4321,7394-LWLYN,Female,No,No,No,2,Yes,No,Fiber optic,No,No,No,No,No,No,Month-to-month,Yes,Electronic check,70.15,123.8,No,Yes,0.2541584014589273,0.7458415985410727,Create and Promote mid to long term contracts,Promote Tech Services,No action needed,Customize communication for customers with no dependents.
4322,4322,3707-LRWZD,Female,No,No,No,32,Yes,Yes,Fiber optic,No,No,No,No,Yes,No,One year,No,Electronic check,84.05,2781.85,Yes,Yes,0.4343719610878234,0.5656280389121766,Create and Promote mid to long term contracts,Promote Tech Services,Enhance and Promote Entertainment Services,Customize communication for customers with no dependents.
4325,4325,1455-ESIQH,Male,No,No,No,1,Yes,No,Fiber optic,No,No,No,No,Yes,Yes,Month-to-month,Yes,Electronic check,89.1,89.1,Yes,Yes,0.0818917683509505,0.9181082316490494,Create and Promote mid to long term contracts,Promote Tech Services,Enhance and Promote Entertainment Services,Customize communication for customers with no dependents.
4326,4326,0958-YHXGP,Female,No,No,No,7,Yes,No,Fiber optic,No,No,No,No,No,No,Month-to-month,Yes,Mailed check,69.9,497.3,No,Yes,0.4826118600919165,0.5173881399080835,Create and Promote mid to long term contracts,Promote Tech Services,No action needed,Customize communication for customers with no dependents.
4328,4328,2979-SXESE,Female,No,Yes,Yes,17,Yes,Yes,Fiber optic,Yes,No,Yes,No,Yes,No,Month-to-month,No,Electronic check,94.4,1607.2,Yes,Yes,0.2239331149871024,0.7760668850128976,Create and Promote mid to long term contracts,Promote Tech Services,Enhance and Promote Entertainment Services,No action needed
4329,4329,4013-TLDHQ,Male,No,No,No,19,Yes,No,Fiber optic,No,Yes,Yes,No,No,No,Month-to-month,Yes,Electronic check,78.25,1490.95,Yes,Yes,0.2961894583737473,0.7038105416262527,Create and Promote mid to long term contracts,Promote Tech Services,No action needed,Customize communication for customers with no dependents.
4334,4334,9208-OLGAQ,Female,Yes,No,No,18,Yes,No,Fiber optic,No,No,Yes,No,No,Yes,Month-to-month,Yes,Electronic check,84.95,1443.65,No,Yes,0.4850868490548369,0.5149131509451631,Create and Promote mid to long term contracts,Promote Tech Services,Enhance and Promote Entertainment Services,Engage with senior citizens to better understand their needs and concerns.
4340,4340,3754-DXMRT,Male,Yes,No,No,2,Yes,No,DSL,No,No,No,No,No,No,Month-to-month,Yes,Electronic check,44.15,92.65,Yes,Yes,0.2544543945193451,0.7455456054806548,Create and Promote mid to long term contracts,Promote Tech Services,No action needed,Engage with senior citizens to better understand their needs and concerns.
4342,4342,7130-VTEWQ,Female,Yes,No,No,8,Yes,Yes,Fiber optic,No,No,No,No,No,No,Month-to-month,Yes,Electronic check,75.75,606.25,Yes,Yes,0.2154947690440865,0.7845052309559135,Create and Promote mid to long term contracts,Promote Tech Services,No action needed,Engage with senior citizens to better understand their needs and concerns.
4347,4347,6121-VZNQB,Female,No,No,No,1,Yes,No,No,No internet service,No internet service,No internet service,No internet service,No internet service,No internet service,Month-to-month,Yes,Mailed check,19.1,19.1,Yes,Yes,0.44727110548526,0.5527288945147399,Create and Promote mid to long term contracts,No action needed,No action needed,Customize communication for customers with no dependents.
4348,4348,7903-CMPEY,Male,Yes,Yes,No,1,Yes,Yes,Fiber optic,Yes,No,No,No,No,No,Month-to-month,Yes,Electronic check,80.3,80.3,Yes,Yes,0.1333488983442022,0.8666511016557977,Create and Promote mid to long term contracts,Promote Tech Services,No action needed,Engage with senior citizens to better understand their needs and concerns.
4352,4352,6996-KNSML,Female,No,No,No,1,Yes,No,Fiber optic,No,No,Yes,No,No,No,Month-to-month,Yes,Electronic check,74.9,74.9,Yes,Yes,0.084578665652892,0.915421334347108,Create and Promote mid to long term contracts,Promote Tech Services,No action needed,Customize communication for customers with no dependents.
4358,4358,9133-AYJZG,Female,No,No,No,23,Yes,Yes,Fiber optic,No,Yes,No,No,Yes,Yes,Month-to-month,Yes,Credit card (automatic),98.7,2249.1,No,Yes,0.3055646372485306,0.6944353627514693,Create and Promote mid to long term contracts,Promote Tech Services,Enhance and Promote Entertainment Services,Customize communication for customers with no dependents.
4367,4367,1704-NRWYE,Female,Yes,No,No,9,Yes,No,Fiber optic,No,No,No,No,Yes,No,Month-to-month,Yes,Electronic check,80.85,751.65,Yes,Yes,0.1913278723886736,0.8086721276113263,Create and Promote mid to long term contracts,Promote Tech Services,Enhance and Promote Entertainment Services,Engage with senior citizens to better understand their needs and concerns.
4368,4368,2592-SEIFQ,Male,No,No,No,3,No,No phone service,DSL,No,No,No,No,No,No,Month-to-month,No,Electronic check,24.75,66.95,Yes,Yes,0.1777890598245826,0.8222109401754174,Create and Promote mid to long term contracts,Promote Tech Services,No action needed,Customize communication for customers with no dependents.
4380,4380,7481-ATQQS,Female,Yes,No,No,49,Yes,Yes,Fiber optic,No,No,Yes,No,No,Yes,Month-to-month,Yes,Credit card (automatic),90.85,4515.85,Yes,Yes,0.3174138911156136,0.6825861088843864,Create and Promote mid to long term contracts,Promote Tech Services,Enhance and Promote Entertainment Services,Engage with senior citizens to better understand their needs and concerns.
4383,4383,8642-GVWRF,Female,No,Yes,No,2,Yes,No,Fiber optic,No,Yes,Yes,No,No,No,Month-to-month,No,Bank transfer (automatic),79.7,165.0,Yes,Yes,0.1570712514368208,0.8429287485631791,Create and Promote mid to long term contracts,Promote Tech Services,No action needed,Customize communication for customers with no dependents.
4392,4392,2057-ZBLPD,Female,No,Yes,No,21,Yes,Yes,Fiber optic,No,No,No,No,No,Yes,Month-to-month,Yes,Electronic check,86.5,1808.7,Yes,Yes,0.2828935386797314,0.7171064613202686,Create and Promote mid to long term contracts,Promote Tech Services,Enhance and Promote Entertainment Services,Customize communication for customers with no dependents.
4394,4394,5502-RLUYV,Female,No,Yes,Yes,69,Yes,Yes,Fiber optic,No,Yes,Yes,No,Yes,Yes,Month-to-month,Yes,Electronic check,103.95,7446.9,Yes,Yes,0.1903573919913173,0.8096426080086827,Create and Promote mid to long term contracts,Promote Tech Services,Enhance and Promote Entertainment Services,No action needed
4395,4395,0023-HGHWL,Male,Yes,No,No,1,No,No phone service,DSL,No,No,No,No,No,No,Month-to-month,Yes,Electronic check,25.1,25.1,Yes,Yes,0.051023848417827,0.948976151582173,Create and Promote mid to long term contracts,Promote Tech Services,No action needed,Engage with senior citizens to better understand their needs and concerns.
4401,4401,9039-RBEEE,Male,No,No,No,39,No,No phone service,DSL,Yes,Yes,No,Yes,Yes,No,Month-to-month,Yes,Credit card (automatic),48.95,1880.85,Yes,Yes,0.4859373455286191,0.5140626544713809,Create and Promote mid to long term contracts,Promote Tech Services,Enhance and Promote Entertainment Services,Customize communication for customers with no dependents.
4404,4404,8417-FMLZI,Male,No,Yes,Yes,6,Yes,No,Fiber optic,No,Yes,No,No,No,Yes,Month-to-month,Yes,Credit card (automatic),83.55,477.55,Yes,Yes,0.2458918744296503,0.7541081255703497,Create and Promote mid to long term contracts,Promote Tech Services,Enhance and Promote Entertainment Services,No action needed
4412,4412,1792-UXAFY,Female,Yes,No,No,17,Yes,No,Fiber optic,No,Yes,Yes,No,Yes,No,Month-to-month,Yes,Electronic check,89.15,1496.9,Yes,Yes,0.3210590167390041,0.6789409832609958,Create and Promote mid to long term contracts,Promote Tech Services,Enhance and Promote Entertainment Services,Engage with senior citizens to better understand their needs and concerns.
4416,4416,0515-YPMCW,Male,No,No,Yes,1,Yes,No,Fiber optic,No,No,No,No,No,No,Month-to-month,Yes,Mailed check,70.45,70.45,Yes,Yes,0.1161671781414622,0.8838328218585377,Create and Promote mid to long term contracts,Promote Tech Services,No action needed,No action needed
4423,4423,4729-XKASR,Male,No,No,Yes,1,No,No phone service,DSL,No,No,No,No,No,No,Month-to-month,No,Electronic check,24.75,24.75,Yes,Yes,0.1811108840821413,0.8188891159178586,Create and Promote mid to long term contracts,Promote Tech Services,No action needed,No action needed
4427,4427,5449-FIBXJ,Male,No,Yes,Yes,19,Yes,Yes,Fiber optic,No,No,Yes,Yes,Yes,Yes,Month-to-month,No,Electronic check,103.3,2012.7,Yes,Yes,0.286855584415686,0.713144415584314,Create and Promote mid to long term contracts,Promote Tech Services,Enhance and Promote Entertainment Services,No action needed
4432,4432,4749-OJKQU,Female,No,No,No,4,Yes,Yes,Fiber optic,No,No,No,No,No,No,Month-to-month,Yes,Electronic check,75.65,302.35,No,Yes,0.170078285153052,0.829921714846948,Create and Promote mid to long term contracts,Promote Tech Services,No action needed,Customize communication for customers with no dependents.
4441,4441,9837-BMCLM,Male,No,No,No,3,Yes,No,Fiber optic,No,No,No,No,Yes,No,Month-to-month,Yes,Electronic check,78.5,242.05,Yes,Yes,0.1241006020105873,0.8758993979894126,Create and Promote mid to long term contracts,Promote Tech Services,Enhance and Promote Entertainment Services,Customize communication for customers with no dependents.
4442,4442,2672-OJQZP,Female,No,No,No,1,Yes,No,DSL,No,No,No,No,No,No,Month-to-month,No,Mailed check,44.75,44.75,No,Yes,0.308789231913214,0.6912107680867859,Create and Promote mid to long term contracts,Promote Tech Services,No action needed,Customize communication for customers with no dependents.
4443,4443,0137-UDEUO,Female,No,No,No,3,Yes,No,No,No internet service,No internet service,No internet service,No internet service,No internet service,No internet service,Month-to-month,No,Mailed check,19.85,63.75,Yes,Yes,0.4957281101713979,0.504271889828602,Create and Promote mid to long term contracts,No action needed,No action needed,Customize communication for customers with no dependents.
4445,4445,6161-UUUTA,Male,Yes,No,No,3,Yes,No,Fiber optic,No,No,No,No,Yes,No,Month-to-month,Yes,Electronic check,79.9,260.9,Yes,Yes,0.1781506257438159,0.8218493742561841,Create and Promote mid to long term contracts,Promote Tech Services,Enhance and Promote Entertainment Services,Engage with senior citizens to better understand their needs and concerns.
4447,4447,6543-XRMYR,Female,Yes,No,No,30,Yes,Yes,Fiber optic,No,Yes,No,No,Yes,Yes,Month-to-month,Yes,Electronic check,99.7,2967.35,Yes,Yes,0.199650805658648,0.800349194341352,Create and Promote mid to long term contracts,Promote Tech Services,Enhance and Promote Entertainment Services,Engage with senior citizens to better understand their needs and concerns.
4450,4450,1608-GMEWB,Male,Yes,No,No,45,Yes,Yes,Fiber optic,No,No,No,No,Yes,Yes,Month-to-month,Yes,Bank transfer (automatic),93.9,4200.25,No,Yes,0.4802063521238011,0.5197936478761989,Create and Promote mid to long term contracts,Promote Tech Services,Enhance and Promote Entertainment Services,Engage with senior citizens to better understand their needs and concerns.
4452,4452,1455-UGQVH,Male,No,Yes,No,10,Yes,Yes,Fiber optic,No,No,Yes,No,Yes,Yes,Month-to-month,Yes,Electronic check,98.5,1037.75,Yes,Yes,0.0852349220630415,0.9147650779369584,Create and Promote mid to long term contracts,Promote Tech Services,Enhance and Promote Entertainment Services,Customize communication for customers with no dependents.
4454,4454,8280-MQRQN,Female,No,No,No,1,Yes,No,DSL,No,No,Yes,No,No,No,Month-to-month,Yes,Mailed check,50.45,50.45,Yes,Yes,0.0742108185333926,0.9257891814666074,Create and Promote mid to long term contracts,Promote Tech Services,No action needed,Customize communication for customers with no dependents.
4458,4458,3178-FESZO,Female,No,No,No,1,Yes,Yes,Fiber optic,No,Yes,No,No,Yes,Yes,Month-to-month,Yes,Credit card (automatic),100.25,100.25,Yes,Yes,0.0612975355487165,0.9387024644512836,Create and Promote mid to long term contracts,Promote Tech Services,Enhance and Promote Entertainment Services,Customize communication for customers with no dependents.
4461,4461,6087-MVHJH,Female,No,No,No,16,Yes,Yes,Fiber optic,No,No,Yes,No,No,Yes,Month-to-month,Yes,Electronic check,88.45,1422.1,Yes,Yes,0.1906344572450758,0.8093655427549241,Create and Promote mid to long term contracts,Promote Tech Services,Enhance and Promote Entertainment Services,Customize communication for customers with no dependents.
4462,4462,4603-JANFB,Male,No,No,No,1,Yes,No,Fiber optic,No,No,No,No,No,No,Month-to-month,Yes,Electronic check,69.85,69.85,Yes,Yes,0.0700390238317609,0.929960976168239,Create and Promote mid to long term contracts,Promote Tech Services,No action needed,Customize communication for customers with no dependents.
4465,4465,4806-KEXQR,Male,No,No,No,4,Yes,No,Fiber optic,No,No,No,No,No,Yes,Month-to-month,Yes,Electronic check,79.9,324.3,Yes,Yes,0.1486133294374744,0.8513866705625256,Create and Promote mid to long term contracts,Promote Tech Services,Enhance and Promote Entertainment Services,Customize communication for customers with no dependents.
4470,4470,2479-BRAMR,Male,Yes,Yes,No,41,Yes,Yes,Fiber optic,Yes,No,Yes,No,No,No,Month-to-month,Yes,Bank transfer (automatic),83.75,3273.55,Yes,Yes,0.4506549466443833,0.5493450533556167,Create and Promote mid to long term contracts,Promote Tech Services,No action needed,Engage with senior citizens to better understand their needs and concerns.
4472,4472,2665-NPTGL,Female,Yes,Yes,No,26,Yes,Yes,Fiber optic,No,No,Yes,No,Yes,Yes,Month-to-month,Yes,Bank transfer (automatic),98.1,2510.7,No,Yes,0.4400265036775242,0.5599734963224757,Create and Promote mid to long term contracts,Promote Tech Services,Enhance and Promote Entertainment Services,Engage with senior citizens to better understand their needs and concerns.
4474,4474,4693-VWVBO,Female,No,No,No,3,Yes,No,No,No internet service,No internet service,No internet service,No internet service,No internet service,No internet service,Month-to-month,No,Electronic check,19.55,61.05,No,Yes,0.4976133068485513,0.5023866931514487,Create and Promote mid to long term contracts,No action needed,No action needed,Customize communication for customers with no dependents.
4475,4475,7434-SHXLS,Female,No,No,No,1,Yes,No,No,No internet service,No internet service,No internet service,No internet service,No internet service,No internet service,Month-to-month,No,Mailed check,20.9,20.9,Yes,Yes,0.3374011218707479,0.6625988781292521,Create and Promote mid to long term contracts,No action needed,No action needed,Customize communication for customers with no dependents.
4477,4477,0988-JRWWP,Female,No,No,No,3,Yes,No,DSL,No,No,No,No,Yes,No,Month-to-month,Yes,Electronic check,54.2,140.4,No,Yes,0.3437260392236221,0.6562739607763779,Create and Promote mid to long term contracts,Promote Tech Services,Enhance and Promote Entertainment Services,Customize communication for customers with no dependents.
4479,4479,7908-QCBCA,Female,No,Yes,No,1,Yes,No,Fiber optic,No,No,No,No,No,No,Month-to-month,Yes,Mailed check,69.4,69.4,Yes,Yes,0.1012770094577761,0.8987229905422238,Create and Promote mid to long term contracts,Promote Tech Services,No action needed,Customize communication for customers with no dependents.
4481,4481,6711-FLDFB,Female,No,No,No,7,Yes,Yes,Fiber optic,No,No,No,No,No,No,Month-to-month,Yes,Electronic check,74.9,541.15,Yes,Yes,0.176527681339767,0.823472318660233,Create and Promote mid to long term contracts,Promote Tech Services,No action needed,Customize communication for customers with no dependents.
4483,4483,7465-ZZRVX,Male,No,No,No,1,Yes,No,Fiber optic,No,No,No,No,No,No,Month-to-month,Yes,Electronic check,70.35,70.35,No,Yes,0.1338788575888395,0.8661211424111604,Create and Promote mid to long term contracts,Promote Tech Services,No action needed,Customize communication for customers with no dependents.
4487,4487,3714-JTVOV,Female,Yes,Yes,No,42,Yes,No,Fiber optic,Yes,No,No,No,No,No,Month-to-month,Yes,Credit card (automatic),74.15,3229.4,Yes,Yes,0.3021513049951733,0.6978486950048267,Create and Promote mid to long term contracts,Promote Tech Services,No action needed,Engage with senior citizens to better understand their needs and concerns.
4494,4494,4702-IOQDC,Female,No,No,No,1,Yes,No,Fiber optic,No,No,No,No,No,No,Month-to-month,Yes,Electronic check,70.1,70.1,Yes,Yes,0.0779490156774929,0.9220509843225072,Create and Promote mid to long term contracts,Promote Tech Services,No action needed,Customize communication for customers with no dependents.
4501,4501,1264-BYWMS,Male,No,No,No,55,Yes,Yes,Fiber optic,No,No,No,No,Yes,Yes,Month-to-month,Yes,Electronic check,96.8,5283.95,Yes,Yes,0.1430171996620904,0.8569828003379095,Create and Promote mid to long term contracts,Promote Tech Services,Enhance and Promote Entertainment Services,Customize communication for customers with no dependents.
4502,4502,9658-WYUFB,Female,No,No,No,17,Yes,Yes,Fiber optic,Yes,Yes,No,No,Yes,No,Month-to-month,Yes,Electronic check,94.4,1617.5,Yes,Yes,0.2201507315095576,0.7798492684904423,Create and Promote mid to long term contracts,Promote Tech Services,Enhance and Promote Entertainment Services,Customize communication for customers with no dependents.
4508,4508,2013-SGDXK,Female,No,No,No,1,Yes,No,Fiber optic,No,Yes,No,No,Yes,No,Month-to-month,No,Electronic check,84.3,84.3,Yes,Yes,0.1151314408208596,0.8848685591791403,Create and Promote mid to long term contracts,Promote Tech Services,Enhance and Promote Entertainment Services,Customize communication for customers with no dependents.
4513,4513,3956-MGXOG,Female,No,No,No,28,Yes,No,Fiber optic,No,No,No,No,No,Yes,Month-to-month,Yes,Electronic check,80.6,2244.95,No,Yes,0.344022947039896,0.655977052960104,Create and Promote mid to long term contracts,Promote Tech Services,Enhance and Promote Entertainment Services,Customize communication for customers with no dependents.
4514,4514,9274-UARKJ,Female,No,No,No,15,Yes,No,Fiber optic,No,Yes,No,No,Yes,No,Month-to-month,Yes,Bank transfer (automatic),83.2,1130.0,No,Yes,0.463164283399134,0.5368357166008659,Create and Promote mid to long term contracts,Promote Tech Services,Enhance and Promote Entertainment Services,Customize communication for customers with no dependents.
4516,4516,2012-NWRPA,Female,Yes,Yes,No,11,Yes,Yes,Fiber optic,No,No,Yes,No,Yes,Yes,Month-to-month,Yes,Electronic check,99.55,1131.2,Yes,Yes,0.0720253418011517,0.9279746581988484,Create and Promote mid to long term contracts,Promote Tech Services,Enhance and Promote Entertainment Services,Engage with senior citizens to better understand their needs and concerns.
4517,4517,8808-ELEHO,Male,Yes,No,No,8,Yes,Yes,Fiber optic,No,No,Yes,No,No,No,Month-to-month,Yes,Electronic check,81.25,585.95,Yes,Yes,0.2339218077826227,0.7660781922173773,Create and Promote mid to long term contracts,Promote Tech Services,No action needed,Engage with senior citizens to better understand their needs and concerns.
4523,4523,3934-HXCFZ,Male,No,Yes,No,23,Yes,Yes,Fiber optic,Yes,Yes,Yes,No,Yes,No,Month-to-month,Yes,Electronic check,99.25,2186.4,Yes,Yes,0.3194929431390994,0.6805070568609006,Create and Promote mid to long term contracts,Promote Tech Services,Enhance and Promote Entertainment Services,Customize communication for customers with no dependents.
4526,4526,7666-WKRON,Female,No,No,No,39,Yes,No,Fiber optic,No,No,Yes,Yes,No,No,Two year,Yes,Electronic check,80.45,3201.55,Yes,Yes,0.4729675505946621,0.5270324494053379,No action needed,Promote Tech Services,No action needed,Customize communication for customers with no dependents.
4530,4530,4910-AQFFX,Male,No,Yes,Yes,9,Yes,Yes,Fiber optic,No,No,Yes,No,No,No,Month-to-month,Yes,Bank transfer (automatic),79.35,661.25,Yes,Yes,0.301132401101897,0.698867598898103,Create and Promote mid to long term contracts,Promote Tech Services,No action needed,No action needed
4531,4531,2154-KVJFF,Female,No,No,No,15,Yes,Yes,Fiber optic,No,Yes,No,No,No,No,Month-to-month,Yes,Electronic check,79.75,1111.85,Yes,Yes,0.2091981890636453,0.7908018109363547,Create and Promote mid to long term contracts,Promote Tech Services,No action needed,Customize communication for customers with no dependents.
4534,4534,9647-ERGBE,Female,No,Yes,Yes,30,Yes,Yes,Fiber optic,No,No,Yes,No,Yes,Yes,Month-to-month,Yes,Electronic check,100.05,3046.15,Yes,Yes,0.2138495557270857,0.7861504442729143,Create and Promote mid to long term contracts,Promote Tech Services,Enhance and Promote Entertainment Services,No action needed
4535,4535,3428-XZMAZ,Male,No,No,No,1,Yes,No,Fiber optic,No,No,No,No,No,No,Month-to-month,Yes,Electronic check,69.35,69.35,Yes,Yes,0.055192160914866,0.944807839085134,Create and Promote mid to long term contracts,Promote Tech Services,No action needed,Customize communication for customers with no dependents.
4537,4537,0378-TOVMS,Female,No,No,No,3,Yes,No,Fiber optic,No,No,No,Yes,No,Yes,Month-to-month,No,Electronic check,85.8,272.2,Yes,Yes,0.1361070889416686,0.8638929110583313,Create and Promote mid to long term contracts,Promote Tech Services,Enhance and Promote Entertainment Services,Customize communication for customers with no dependents.
4540,4540,9058-CBREO,Female,Yes,No,No,1,Yes,Yes,DSL,No,No,No,No,No,No,Month-to-month,No,Mailed check,50.55,50.55,Yes,Yes,0.1636019936276039,0.836398006372396,Create and Promote mid to long term contracts,Promote Tech Services,No action needed,Engage with senior citizens to better understand their needs and concerns.
4543,4543,0318-QUUOB,Male,No,Yes,No,1,Yes,No,Fiber optic,No,No,No,No,Yes,No,Month-to-month,Yes,Electronic check,80.55,80.55,Yes,Yes,0.1154625363868898,0.8845374636131101,Create and Promote mid to long term contracts,Promote Tech Services,Enhance and Promote Entertainment Services,Customize communication for customers with no dependents.
4544,4544,6145-NNPNO,Female,No,No,No,1,Yes,No,DSL,No,No,No,No,No,No,Month-to-month,No,Bank transfer (automatic),44.15,44.15,No,Yes,0.3361656269256988,0.6638343730743012,Create and Promote mid to long term contracts,Promote Tech Services,No action needed,Customize communication for customers with no dependents.
4545,4545,5520-FVEWJ,Female,No,Yes,Yes,12,Yes,Yes,Fiber optic,No,Yes,Yes,No,No,No,Month-to-month,Yes,Electronic check,84.5,916.9,Yes,Yes,0.2783961734568182,0.7216038265431818,Create and Promote mid to long term contracts,Promote Tech Services,No action needed,No action needed
4547,4547,5572-ZDXHY,Female,No,No,No,22,Yes,No,Fiber optic,No,Yes,No,No,No,Yes,Month-to-month,Yes,Mailed check,84.3,1855.65,Yes,Yes,0.390126632292853,0.609873367707147,Create and Promote mid to long term contracts,Promote Tech Services,Enhance and Promote Entertainment Services,Customize communication for customers with no dependents.
4555,4555,3750-CKVKH,Male,No,No,No,2,Yes,No,Fiber optic,No,No,No,No,No,No,Month-to-month,Yes,Electronic check,67.75,116.65,Yes,Yes,0.1956313181212325,0.8043686818787674,Create and Promote mid to long term contracts,Promote Tech Services,No action needed,Customize communication for customers with no dependents.
4557,4557,8063-GBATB,Female,Yes,No,No,27,Yes,Yes,Fiber optic,No,No,No,No,No,Yes,Month-to-month,Yes,Electronic check,85.25,2287.25,Yes,Yes,0.2185759617618223,0.7814240382381776,Create and Promote mid to long term contracts,Promote Tech Services,Enhance and Promote Entertainment Services,Engage with senior citizens to better understand their needs and concerns.
4562,4562,4547-KQRTM,Female,No,No,No,10,Yes,Yes,Fiber optic,No,Yes,No,No,No,No,Month-to-month,Yes,Bank transfer (automatic),80.05,830.7,Yes,Yes,0.1926096093922743,0.8073903906077257,Create and Promote mid to long term contracts,Promote Tech Services,No action needed,Customize communication for customers with no dependents.
4563,4563,4877-EVATK,Male,No,No,No,1,Yes,No,No,No internet service,No internet service,No internet service,No internet service,No internet service,No internet service,Month-to-month,No,Mailed check,20.0,20.0,Yes,Yes,0.4550524579329432,0.5449475420670568,Create and Promote mid to long term contracts,No action needed,No action needed,Customize communication for customers with no dependents.
4568,4568,7639-SUPCW,Female,No,No,No,22,Yes,No,DSL,Yes,No,No,No,No,No,Month-to-month,Yes,Credit card (automatic),48.8,1054.6,Yes,Yes,0.4526669658966887,0.5473330341033112,Create and Promote mid to long term contracts,Promote Tech Services,No action needed,Customize communication for customers with no dependents.
4571,4571,6377-WHAOX,Female,No,Yes,No,60,Yes,Yes,Fiber optic,No,Yes,Yes,No,Yes,Yes,Month-to-month,Yes,Electronic check,106.15,6411.25,No,Yes,0.4925087587829238,0.5074912412170762,Create and Promote mid to long term contracts,Promote Tech Services,Enhance and Promote Entertainment Services,Customize communication for customers with no dependents.
4578,4578,5650-YLIBA,Male,No,No,No,31,Yes,Yes,Fiber optic,No,Yes,No,No,No,No,Month-to-month,Yes,Electronic check,81.15,2640.55,No,Yes,0.3860282777905466,0.6139717222094534,Create and Promote mid to long term contracts,Promote Tech Services,No action needed,Customize communication for customers with no dependents.
4584,4584,1069-XAIEM,Female,Yes,No,No,1,Yes,Yes,Fiber optic,No,No,No,No,No,Yes,Month-to-month,Yes,Electronic check,85.05,85.05,Yes,Yes,0.0444083642291258,0.955591635770874,Create and Promote mid to long term contracts,Promote Tech Services,Enhance and Promote Entertainment Services,Engage with senior citizens to better understand their needs and concerns.
4593,4593,4658-HCOHW,Female,No,Yes,Yes,21,Yes,No,Fiber optic,No,Yes,Yes,Yes,Yes,Yes,Month-to-month,Yes,Electronic check,102.8,2110.15,Yes,Yes,0.39455304425886,0.6054469557411399,Create and Promote mid to long term contracts,Promote Tech Services,Enhance and Promote Entertainment Services,No action needed
4596,4596,3440-JPSCL,Female,No,No,No,6,Yes,No,Fiber optic,No,No,Yes,Yes,Yes,Yes,Month-to-month,Yes,Mailed check,99.95,547.65,Yes,Yes,0.2129295153539072,0.7870704846460927,Create and Promote mid to long term contracts,Promote Tech Services,Enhance and Promote Entertainment Services,Customize communication for customers with no dependents.
4609,4609,2889-FPWRM,Male,No,Yes,No,72,Yes,Yes,Fiber optic,Yes,Yes,Yes,Yes,Yes,Yes,One year,Yes,Bank transfer (automatic),117.8,8684.8,Yes,Yes,0.280094167819983,0.719905832180017,Create and Promote mid to long term contracts,No action needed,Enhance and Promote Entertainment Services,Customize communication for customers with no dependents.
4612,4612,6987-XQSJT,Female,Yes,No,No,54,Yes,Yes,Fiber optic,No,Yes,No,No,No,No,Month-to-month,Yes,Electronic check,79.5,4370.25,Yes,Yes,0.3924092151117568,0.6075907848882431,Create and Promote mid to long term contracts,Promote Tech Services,No action needed,Engage with senior citizens to better understand their needs and concerns.
4617,4617,6350-XFYGW,Male,Yes,No,No,4,Yes,No,Fiber optic,No,No,Yes,No,Yes,Yes,Month-to-month,Yes,Electronic check,94.75,422.4,No,Yes,0.4426297259373541,0.5573702740626458,Create and Promote mid to long term contracts,Promote Tech Services,Enhance and Promote Entertainment Services,Engage with senior citizens to better understand their needs and concerns.
4618,4618,4290-BSXUX,Male,No,Yes,No,3,Yes,Yes,Fiber optic,No,No,No,Yes,No,No,Month-to-month,Yes,Bank transfer (automatic),79.65,251.75,Yes,Yes,0.1541468752070691,0.8458531247929308,Create and Promote mid to long term contracts,Promote Tech Services,No action needed,Customize communication for customers with no dependents.
4623,4623,0325-XBFAC,Male,No,No,No,8,Yes,No,Fiber optic,No,No,Yes,No,Yes,Yes,Month-to-month,Yes,Electronic check,94.7,740.3,Yes,Yes,0.1832800995887603,0.8167199004112397,Create and Promote mid to long term contracts,Promote Tech Services,Enhance and Promote Entertainment Services,Customize communication for customers with no dependents.
4630,4630,2462-XIIJB,Male,No,No,No,5,Yes,Yes,Fiber optic,No,No,Yes,No,Yes,No,Month-to-month,Yes,Electronic check,92.5,452.7,Yes,Yes,0.0958071989391164,0.9041928010608836,Create and Promote mid to long term contracts,Promote Tech Services,Enhance and Promote Entertainment Services,Customize communication for customers with no dependents.
4637,4637,7817-BOQPW,Female,No,No,No,2,Yes,Yes,Fiber optic,No,No,No,No,No,No,Month-to-month,Yes,Electronic check,75.55,166.3,Yes,Yes,0.1061573213852536,0.8938426786147463,Create and Promote mid to long term contracts,Promote Tech Services,No action needed,Customize communication for customers with no dependents.
4638,4638,7402-EYFXX,Male,Yes,No,No,26,Yes,Yes,Fiber optic,No,No,No,No,Yes,Yes,Month-to-month,Yes,Electronic check,93.6,2404.1,No,Yes,0.3345479755139459,0.6654520244860541,Create and Promote mid to long term contracts,Promote Tech Services,Enhance and Promote Entertainment Services,Engage with senior citizens to better understand their needs and concerns.
4639,4639,1853-UDXBW,Male,No,Yes,Yes,1,Yes,No,Fiber optic,No,No,No,No,No,No,Month-to-month,Yes,Electronic check,70.0,70.0,Yes,Yes,0.0954663036831809,0.904533696316819,Create and Promote mid to long term contracts,Promote Tech Services,No action needed,No action needed
4640,4640,9895-VFOXH,Female,No,No,No,1,No,No phone service,DSL,No,No,No,No,No,No,Month-to-month,No,Mailed check,24.4,24.4,No,Yes,0.4120629934574716,0.5879370065425283,Create and Promote mid to long term contracts,Promote Tech Services,No action needed,Customize communication for customers with no dependents.
4644,4644,5219-YIPTK,Female,No,Yes,No,33,Yes,Yes,Fiber optic,No,Yes,Yes,No,Yes,Yes,Month-to-month,Yes,Electronic check,104.4,3409.6,Yes,Yes,0.2801331265578904,0.7198668734421095,Create and Promote mid to long term contracts,Promote Tech Services,Enhance and Promote Entertainment Services,Customize communication for customers with no dependents.
4645,4645,5032-MIYKT,Female,No,No,No,1,Yes,No,Fiber optic,No,No,No,No,No,No,Month-to-month,Yes,Mailed check,70.7,70.7,No,Yes,0.2381706491860625,0.7618293508139374,Create and Promote mid to long term contracts,Promote Tech Services,No action needed,Customize communication for customers with no dependents.
4647,4647,9717-QEBGU,Male,No,No,No,2,Yes,No,Fiber optic,No,No,No,No,No,No,Month-to-month,Yes,Electronic check,70.3,144.0,No,Yes,0.3292206551991817,0.6707793448008182,Create and Promote mid to long term contracts,Promote Tech Services,No action needed,Customize communication for customers with no dependents.
4650,4650,3540-RZJYU,Female,No,No,No,15,Yes,No,Fiber optic,Yes,No,No,No,Yes,No,Month-to-month,No,Electronic check,86.2,1270.2,Yes,Yes,0.2514813386731734,0.7485186613268265,Create and Promote mid to long term contracts,Promote Tech Services,Enhance and Promote Entertainment Services,Customize communication for customers with no dependents.
4652,4652,2091-MJTFX,Female,No,Yes,Yes,30,No,No phone service,DSL,No,No,No,Yes,Yes,Yes,Month-to-month,No,Credit card (automatic),51.2,1561.5,Yes,Yes,0.4294001896515972,0.5705998103484028,Create and Promote mid to long term contracts,Promote Tech Services,Enhance and Promote Entertainment Services,No action needed
4659,4659,0883-EIBTI,Female,No,No,No,2,Yes,No,No,No internet service,No internet service,No internet service,No internet service,No internet service,No internet service,Month-to-month,No,Mailed check,19.5,31.55,Yes,Yes,0.4001428392849001,0.5998571607150999,Create and Promote mid to long term contracts,No action needed,No action needed,Customize communication for customers with no dependents.
4662,4662,0722-TROQR,Female,Yes,No,No,4,Yes,Yes,Fiber optic,No,No,No,No,No,No,Month-to-month,Yes,Electronic check,74.9,321.75,Yes,Yes,0.1589194991737611,0.8410805008262389,Create and Promote mid to long term contracts,Promote Tech Services,No action needed,Engage with senior citizens to better understand their needs and concerns.
4663,4663,7571-YXDAD,Female,No,No,No,2,Yes,Yes,Fiber optic,No,No,No,No,No,No,Month-to-month,No,Credit card (automatic),74.9,147.15,Yes,Yes,0.0714368554981249,0.928563144501875,Create and Promote mid to long term contracts,Promote Tech Services,No action needed,Customize communication for customers with no dependents.
4670,4670,3393-FMZPV,Female,No,No,No,25,Yes,Yes,Fiber optic,No,Yes,No,No,Yes,Yes,Month-to-month,Yes,Electronic check,100.25,2387.75,Yes,Yes,0.1640953539224332,0.8359046460775668,Create and Promote mid to long term contracts,Promote Tech Services,Enhance and Promote Entertainment Services,Customize communication for customers with no dependents.
4672,4672,6402-ZFPPI,Female,Yes,No,No,25,Yes,Yes,Fiber optic,Yes,Yes,No,No,Yes,Yes,Month-to-month,Yes,Mailed check,102.8,2660.2,Yes,Yes,0.1689253381525204,0.8310746618474796,Create and Promote mid to long term contracts,Promote Tech Services,Enhance and Promote Entertainment Services,Engage with senior citizens to better understand their needs and concerns.
4674,4674,7486-KSRVI,Male,No,No,No,43,Yes,Yes,Fiber optic,No,No,No,Yes,Yes,Yes,One year,Yes,Electronic check,100.0,4211.55,Yes,Yes,0.4435238936618727,0.5564761063381273,Create and Promote mid to long term contracts,Promote Tech Services,Enhance and Promote Entertainment Services,Customize communication for customers with no dependents.
4676,4676,8443-WVPSS,Male,No,Yes,No,10,Yes,No,Fiber optic,No,Yes,No,Yes,Yes,Yes,Month-to-month,Yes,Electronic check,99.85,990.9,Yes,Yes,0.3308348404891671,0.6691651595108329,Create and Promote mid to long term contracts,Promote Tech Services,Enhance and Promote Entertainment Services,Customize communication for customers with no dependents.
4677,4677,3006-XIMLN,Female,No,No,Yes,2,Yes,Yes,Fiber optic,No,No,No,No,Yes,Yes,Month-to-month,Yes,Bank transfer (automatic),94.2,193.8,Yes,Yes,0.0907776988300976,0.9092223011699024,Create and Promote mid to long term contracts,Promote Tech Services,Enhance and Promote Entertainment Services,No action needed
4680,4680,9965-YOKZB,Male,Yes,No,No,9,Yes,Yes,Fiber optic,No,No,No,No,No,Yes,Month-to-month,Yes,Electronic check,83.85,790.15,Yes,Yes,0.1637268335526165,0.8362731664473835,Create and Promote mid to long term contracts,Promote Tech Services,Enhance and Promote Entertainment Services,Engage with senior citizens to better understand their needs and concerns.
4681,4681,0504-HHAPI,Female,Yes,No,No,27,Yes,Yes,Fiber optic,No,No,Yes,No,No,Yes,Month-to-month,No,Credit card (automatic),88.3,2467.75,Yes,Yes,0.3065592610030009,0.6934407389969991,Create and Promote mid to long term contracts,Promote Tech Services,Enhance and Promote Entertainment Services,Engage with senior citizens to better understand their needs and concerns.
4682,4682,9360-OMDZZ,Male,No,No,No,24,Yes,Yes,Fiber optic,No,No,No,No,Yes,Yes,Month-to-month,Yes,Electronic check,94.1,2322.85,No,Yes,0.3068908598476826,0.6931091401523174,Create and Promote mid to long term contracts,Promote Tech Services,Enhance and Promote Entertainment Services,Customize communication for customers with no dependents.
4683,4683,6305-YLBMM,Male,No,No,No,69,Yes,No,Fiber optic,No,Yes,Yes,Yes,Yes,Yes,One year,Yes,Bank transfer (automatic),104.05,7262.0,Yes,Yes,0.2835355047437784,0.7164644952562216,Create and Promote mid to long term contracts,Promote Tech Services,Enhance and Promote Entertainment Services,Customize communication for customers with no dependents.
4686,4686,3647-GMGDH,Male,No,Yes,No,22,Yes,No,Fiber optic,No,No,Yes,No,Yes,Yes,Month-to-month,Yes,Credit card (automatic),94.7,1914.9,Yes,Yes,0.3325836667257065,0.6674163332742935,Create and Promote mid to long term contracts,Promote Tech Services,Enhance and Promote Entertainment Services,Customize communication for customers with no dependents.
4690,4690,3791-LGQCY,Female,Yes,Yes,No,56,Yes,Yes,Fiber optic,No,No,Yes,No,Yes,Yes,Month-to-month,Yes,Bank transfer (automatic),100.65,5688.05,Yes,Yes,0.3342553150289734,0.6657446849710266,Create and Promote mid to long term contracts,Promote Tech Services,Enhance and Promote Entertainment Services,Engage with senior citizens to better understand their needs and concerns.
4699,4699,5365-LLFYV,Female,No,No,No,2,Yes,No,DSL,No,No,No,No,No,No,Month-to-month,Yes,Mailed check,45.85,105.6,No,Yes,0.4462019647198489,0.553798035280151,Create and Promote mid to long term contracts,Promote Tech Services,No action needed,Customize communication for customers with no dependents.
4700,4700,5956-YHHRX,Male,Yes,No,No,21,Yes,Yes,Fiber optic,No,Yes,Yes,No,Yes,Yes,Month-to-month,Yes,Electronic check,104.35,2271.85,No,Yes,0.3857124637008879,0.614287536299112,Create and Promote mid to long term contracts,Promote Tech Services,Enhance and Promote Entertainment Services,Engage with senior citizens to better understand their needs and concerns.
4702,4702,2956-GGUCQ,Male,Yes,Yes,No,24,Yes,Yes,Fiber optic,Yes,No,No,No,No,No,Month-to-month,Yes,Electronic check,78.85,1772.25,Yes,Yes,0.3544288066449663,0.6455711933550337,Create and Promote mid to long term contracts,Promote Tech Services,No action needed,Engage with senior citizens to better understand their needs and concerns.
4705,4705,6595-COKXZ,Female,No,No,No,1,Yes,No,DSL,No,No,No,No,No,No,Month-to-month,Yes,Mailed check,44.45,44.45,Yes,Yes,0.3002185071810055,0.6997814928189945,Create and Promote mid to long term contracts,Promote Tech Services,No action needed,Customize communication for customers with no dependents.
4718,4718,0362-ZBZWJ,Male,No,No,No,36,Yes,Yes,Fiber optic,No,No,No,No,No,Yes,Month-to-month,Yes,Electronic check,84.9,3067.2,Yes,Yes,0.213905269776767,0.786094730223233,Create and Promote mid to long term contracts,Promote Tech Services,Enhance and Promote Entertainment Services,Customize communication for customers with no dependents.
4720,4720,4211-MMAZN,Male,No,No,No,1,Yes,No,No,No internet service,No internet service,No internet service,No internet service,No internet service,No internet service,Month-to-month,No,Mailed check,20.25,20.25,Yes,Yes,0.4865142507047788,0.5134857492952212,Create and Promote mid to long term contracts,No action needed,No action needed,Customize communication for customers with no dependents.
4722,4722,4274-OWWYO,Male,No,No,No,1,Yes,No,Fiber optic,No,Yes,No,No,No,No,Month-to-month,Yes,Electronic check,74.35,74.35,Yes,Yes,0.1049122913769443,0.8950877086230556,Create and Promote mid to long term contracts,Promote Tech Services,No action needed,Customize communication for customers with no dependents.
4724,4724,1541-ETJZO,Male,No,No,No,1,Yes,Yes,DSL,No,No,Yes,Yes,No,No,Month-to-month,No,Mailed check,62.05,62.05,Yes,Yes,0.2881376603432196,0.7118623396567804,Create and Promote mid to long term contracts,Promote Tech Services,No action needed,Customize communication for customers with no dependents.
4737,4737,2369-UAPKZ,Male,No,No,No,5,Yes,Yes,Fiber optic,No,Yes,Yes,No,Yes,Yes,Month-to-month,No,Mailed check,104.1,541.9,Yes,Yes,0.2677859644666349,0.7322140355333651,Create and Promote mid to long term contracts,Promote Tech Services,Enhance and Promote Entertainment Services,Customize communication for customers with no dependents.
4739,4739,2778-OCLGR,Male,Yes,Yes,No,24,No,No phone service,DSL,Yes,No,No,No,No,Yes,Month-to-month,No,Bank transfer (automatic),39.1,971.3,Yes,Yes,0.2511890227349102,0.7488109772650898,Create and Promote mid to long term contracts,Promote Tech Services,Enhance and Promote Entertainment Services,Engage with senior citizens to better understand their needs and concerns.
4744,4744,6116-RFVHN,Female,No,Yes,No,34,Yes,Yes,Fiber optic,No,No,Yes,No,Yes,Yes,Month-to-month,Yes,Electronic check,100.45,3414.65,No,Yes,0.4701719921755315,0.5298280078244685,Create and Promote mid to long term contracts,Promote Tech Services,Enhance and Promote Entertainment Services,Customize communication for customers with no dependents.
4745,4745,0637-KVDLV,Male,No,No,No,2,Yes,Yes,Fiber optic,No,No,No,No,No,No,Month-to-month,Yes,Electronic check,76.5,162.45,Yes,Yes,0.0978270543757596,0.9021729456242404,Create and Promote mid to long term contracts,Promote Tech Services,No action needed,Customize communication for customers with no dependents.
4748,4748,6633-MPWBS,Male,No,No,No,5,Yes,No,DSL,No,No,No,Yes,No,No,Month-to-month,Yes,Electronic check,49.2,216.9,Yes,Yes,0.4088258174972663,0.5911741825027337,Create and Promote mid to long term contracts,Promote Tech Services,No action needed,Customize communication for customers with no dependents.
4752,4752,5729-KLZAR,Female,No,Yes,Yes,4,Yes,No,Fiber optic,No,No,No,No,No,Yes,Month-to-month,No,Electronic check,80.85,302.75,Yes,Yes,0.1697346106792326,0.8302653893207673,Create and Promote mid to long term contracts,Promote Tech Services,Enhance and Promote Entertainment Services,No action needed
4756,4756,1582-RAFML,Male,No,No,No,1,Yes,Yes,DSL,No,Yes,No,Yes,No,No,Month-to-month,No,Mailed check,60.1,60.1,Yes,Yes,0.3490813995056248,0.6509186004943752,Create and Promote mid to long term contracts,Promote Tech Services,No action needed,Customize communication for customers with no dependents.
4758,4758,8740-CRYFY,Male,No,No,No,1,Yes,No,Fiber optic,No,No,No,No,Yes,No,Month-to-month,Yes,Electronic check,78.95,78.95,Yes,Yes,0.0532856636548754,0.9467143363451246,Create and Promote mid to long term contracts,Promote Tech Services,Enhance and Promote Entertainment Services,Customize communication for customers with no dependents.
4763,4763,2962-XPMCQ,Male,No,No,No,2,Yes,No,DSL,No,No,No,No,No,No,Month-to-month,Yes,Electronic check,45.15,98.5,Yes,Yes,0.1741993593399112,0.8258006406600887,Create and Promote mid to long term contracts,Promote Tech Services,No action needed,Customize communication for customers with no dependents.
4770,4770,1678-FYZOW,Female,No,No,No,3,Yes,No,Fiber optic,No,No,No,No,Yes,No,Month-to-month,Yes,Electronic check,79.4,244.65,Yes,Yes,0.0872092598325259,0.912790740167474,Create and Promote mid to long term contracts,Promote Tech Services,Enhance and Promote Entertainment Services,Customize communication for customers with no dependents.
4772,4772,8627-EHGIP,Male,No,No,No,44,No,No phone service,DSL,No,Yes,Yes,No,Yes,Yes,One year,Yes,Mailed check,53.95,2375.4,Yes,Yes,0.486052446831021,0.513947553168979,Create and Promote mid to long term contracts,Promote Tech Services,Enhance and Promote Entertainment Services,Customize communication for customers with no dependents.
4774,4774,5480-TBGPH,Female,No,Yes,No,24,Yes,No,Fiber optic,No,Yes,Yes,No,Yes,Yes,Month-to-month,Yes,Credit card (automatic),99.3,2431.35,Yes,Yes,0.2545213351780783,0.7454786648219217,Create and Promote mid to long term contracts,Promote Tech Services,Enhance and Promote Entertainment Services,Customize communication for customers with no dependents.
4775,4775,0018-NYROU,Female,No,Yes,No,5,Yes,No,Fiber optic,No,No,No,No,No,No,Month-to-month,Yes,Electronic check,68.95,351.5,No,Yes,0.3226879423890567,0.6773120576109433,Create and Promote mid to long term contracts,Promote Tech Services,No action needed,Customize communication for customers with no dependents.
4778,4778,0480-BIXDE,Female,No,Yes,No,19,Yes,No,Fiber optic,No,No,Yes,No,Yes,Yes,Month-to-month,Yes,Electronic check,96.8,1743.05,No,Yes,0.3790326280102527,0.6209673719897473,Create and Promote mid to long term contracts,Promote Tech Services,Enhance and Promote Entertainment Services,Customize communication for customers with no dependents.
4783,4783,1622-HSHSF,Female,No,No,No,1,Yes,No,No,No internet service,No internet service,No internet service,No internet service,No internet service,No internet service,Month-to-month,Yes,Mailed check,19.55,19.55,No,Yes,0.420416704823801,0.579583295176199,Create and Promote mid to long term contracts,No action needed,No action needed,Customize communication for customers with no dependents.
4784,4784,8854-CCVSQ,Male,No,No,No,18,Yes,Yes,Fiber optic,No,Yes,No,No,No,No,Month-to-month,Yes,Electronic check,80.65,1451.9,Yes,Yes,0.2804256811054326,0.7195743188945674,Create and Promote mid to long term contracts,Promote Tech Services,No action needed,Customize communication for customers with no dependents.
4788,4788,0511-JTEOY,Female,No,No,No,1,Yes,No,Fiber optic,No,No,No,No,No,No,Month-to-month,No,Mailed check,71.1,71.1,Yes,Yes,0.1299699992997504,0.8700300007002496,Create and Promote mid to long term contracts,Promote Tech Services,No action needed,Customize communication for customers with no dependents.
4789,4789,5216-WASFJ,Female,Yes,Yes,No,31,Yes,Yes,Fiber optic,No,No,No,No,No,Yes,Month-to-month,Yes,Electronic check,84.85,2633.4,No,Yes,0.3263056293373862,0.6736943706626137,Create and Promote mid to long term contracts,Promote Tech Services,Enhance and Promote Entertainment Services,Engage with senior citizens to better understand their needs and concerns.
4791,4791,7067-KSAZT,Female,Yes,Yes,No,65,Yes,Yes,Fiber optic,No,Yes,Yes,No,Yes,Yes,One year,Yes,Electronic check,106.25,6979.8,Yes,Yes,0.4534595659263388,0.5465404340736612,Create and Promote mid to long term contracts,Promote Tech Services,Enhance and Promote Entertainment Services,Engage with senior citizens to better understand their needs and concerns.
4799,4799,9300-AGZNL,Male,Yes,No,No,1,Yes,Yes,Fiber optic,No,No,No,No,Yes,Yes,Month-to-month,Yes,Electronic check,94.0,94.0,Yes,Yes,0.0443933610887909,0.955606638911209,Create and Promote mid to long term contracts,Promote Tech Services,Enhance and Promote Entertainment Services,Engage with senior citizens to better understand their needs and concerns.
4809,4809,1112-CUNAO,Female,Yes,No,No,15,Yes,Yes,Fiber optic,No,Yes,No,No,No,Yes,Month-to-month,No,Electronic check,89.85,1424.95,Yes,Yes,0.2468644615370834,0.7531355384629166,Create and Promote mid to long term contracts,Promote Tech Services,Enhance and Promote Entertainment Services,Engage with senior citizens to better understand their needs and concerns.
4810,4810,5175-AOBHI,Female,No,No,No,4,Yes,No,DSL,No,No,No,No,No,No,Month-to-month,Yes,Mailed check,46.0,193.6,Yes,Yes,0.2480909195335687,0.7519090804664312,Create and Promote mid to long term contracts,Promote Tech Services,No action needed,Customize communication for customers with no dependents.
4811,4811,5174-RNGBH,Female,No,No,No,9,Yes,No,DSL,No,Yes,No,Yes,Yes,No,Month-to-month,No,Mailed check,66.25,620.55,Yes,Yes,0.4807719117536321,0.5192280882463679,Create and Promote mid to long term contracts,Promote Tech Services,Enhance and Promote Entertainment Services,Customize communication for customers with no dependents.
4813,4813,7270-BDIOA,Female,No,No,No,22,Yes,Yes,Fiber optic,No,No,No,Yes,Yes,No,Month-to-month,Yes,Electronic check,90.0,1993.8,Yes,Yes,0.1841594240348223,0.8158405759651777,Create and Promote mid to long term contracts,Promote Tech Services,Enhance and Promote Entertainment Services,Customize communication for customers with no dependents.
4816,4816,6654-QGBZZ,Female,No,No,No,1,Yes,No,No,No internet service,No internet service,No internet service,No internet service,No internet service,No internet service,Month-to-month,No,Mailed check,19.9,19.9,No,Yes,0.4188192063924474,0.5811807936075526,Create and Promote mid to long term contracts,No action needed,No action needed,Customize communication for customers with no dependents.
4822,4822,9732-KPKBW,Male,No,No,No,1,Yes,No,DSL,Yes,No,No,Yes,No,No,Month-to-month,Yes,Electronic check,53.95,53.95,Yes,Yes,0.4338823269221473,0.5661176730778527,Create and Promote mid to long term contracts,Promote Tech Services,No action needed,Customize communication for customers with no dependents.
4824,4824,0921-OHLVP,Male,No,No,No,22,Yes,Yes,Fiber optic,No,No,No,No,No,Yes,Month-to-month,No,Electronic check,83.05,1799.3,No,Yes,0.3420406336084127,0.6579593663915873,Create and Promote mid to long term contracts,Promote Tech Services,Enhance and Promote Entertainment Services,Customize communication for customers with no dependents.
4825,4825,3389-YGYAI,Female,Yes,No,No,8,Yes,Yes,Fiber optic,No,Yes,Yes,No,Yes,Yes,Month-to-month,Yes,Electronic check,105.5,829.55,Yes,Yes,0.0818385816506394,0.9181614183493606,Create and Promote mid to long term contracts,Promote Tech Services,Enhance and Promote Entertainment Services,Engage with senior citizens to better understand their needs and concerns.
4826,4826,9560-ARGQJ,Female,No,No,Yes,16,Yes,No,Fiber optic,No,No,No,No,Yes,No,Month-to-month,Yes,Electronic check,81.0,1312.15,Yes,Yes,0.2127020113412818,0.7872979886587181,Create and Promote mid to long term contracts,Promote Tech Services,Enhance and Promote Entertainment Services,No action needed
4828,4828,1600-DILPE,Female,No,No,No,12,Yes,No,DSL,No,No,No,No,No,No,Month-to-month,Yes,Bank transfer (automatic),45.0,524.35,No,Yes,0.4672595912098176,0.5327404087901824,Create and Promote mid to long term contracts,Promote Tech Services,No action needed,Customize communication for customers with no dependents.
4836,4836,5134-IKDAY,Female,No,Yes,Yes,1,Yes,No,Fiber optic,No,No,No,No,No,No,Month-to-month,Yes,Electronic check,69.8,69.8,Yes,Yes,0.0795180352715743,0.9204819647284256,Create and Promote mid to long term contracts,Promote Tech Services,No action needed,No action needed
4838,4838,3070-DVEYC,Male,Yes,No,No,7,Yes,Yes,Fiber optic,No,No,No,No,No,No,Month-to-month,No,Mailed check,73.75,545.15,Yes,Yes,0.239745589680785,0.7602544103192149,Create and Promote mid to long term contracts,Promote Tech Services,No action needed,Engage with senior citizens to better understand their needs and concerns.
4840,4840,9058-MJLZC,Female,No,No,No,24,Yes,No,Fiber optic,Yes,No,No,No,Yes,Yes,Month-to-month,Yes,Electronic check,94.6,2283.15,No,Yes,0.4145556703514146,0.5854443296485854,Create and Promote mid to long term contracts,Promote Tech Services,Enhance and Promote Entertainment Services,Customize communication for customers with no dependents.
4846,4846,8696-JKZNU,Female,Yes,No,No,37,Yes,Yes,Fiber optic,No,No,No,No,No,No,Month-to-month,Yes,Electronic check,76.25,2841.55,Yes,Yes,0.2175850563110699,0.78241494368893,Create and Promote mid to long term contracts,Promote Tech Services,No action needed,Engage with senior citizens to better understand their needs and concerns.
4847,4847,5380-AFSSK,Female,No,No,No,5,Yes,Yes,Fiber optic,No,No,No,No,Yes,Yes,Month-to-month,Yes,Mailed check,93.9,486.85,Yes,Yes,0.1212484336180802,0.8787515663819198,Create and Promote mid to long term contracts,Promote Tech Services,Enhance and Promote Entertainment Services,Customize communication for customers with no dependents.
4850,4850,2055-PDADH,Female,Yes,No,No,3,Yes,No,Fiber optic,No,No,No,No,No,No,Month-to-month,Yes,Electronic check,70.4,204.7,Yes,Yes,0.2174099949710963,0.7825900050289036,Create and Promote mid to long term contracts,Promote Tech Services,No action needed,Engage with senior citizens to better understand their needs and concerns.
4855,4855,8714-EUHJO,Female,No,Yes,Yes,31,Yes,Yes,Fiber optic,No,Yes,No,No,No,Yes,Month-to-month,Yes,Electronic check,91.15,2995.45,Yes,Yes,0.3982798930931652,0.6017201069068348,Create and Promote mid to long term contracts,Promote Tech Services,Enhance and Promote Entertainment Services,No action needed
4861,4861,3721-CNEYS,Female,No,No,No,2,Yes,No,Fiber optic,No,No,No,No,No,No,Month-to-month,Yes,Electronic check,70.95,137.95,Yes,Yes,0.1009737217722815,0.8990262782277184,Create and Promote mid to long term contracts,Promote Tech Services,No action needed,Customize communication for customers with no dependents.
4865,4865,3688-FTHLT,Female,No,No,No,16,Yes,Yes,DSL,No,No,No,No,No,Yes,Month-to-month,Yes,Bank transfer (automatic),63.05,1067.05,No,Yes,0.4292312575086564,0.5707687424913436,Create and Promote mid to long term contracts,Promote Tech Services,Enhance and Promote Entertainment Services,Customize communication for customers with no dependents.
4866,4866,0899-LIIBW,Male,No,Yes,No,34,Yes,Yes,Fiber optic,No,No,Yes,No,Yes,Yes,Month-to-month,No,Electronic check,100.85,3527.3,No,Yes,0.4888831820486181,0.5111168179513819,Create and Promote mid to long term contracts,Promote Tech Services,Enhance and Promote Entertainment Services,Customize communication for customers with no dependents.
4867,4867,2568-OIADY,Female,No,Yes,No,37,Yes,Yes,Fiber optic,No,No,Yes,No,Yes,Yes,Month-to-month,Yes,Electronic check,99.5,3762.0,Yes,Yes,0.2318861079603654,0.7681138920396345,Create and Promote mid to long term contracts,Promote Tech Services,Enhance and Promote Entertainment Services,Customize communication for customers with no dependents.
4873,4873,1193-RTSLK,Female,No,No,No,38,Yes,No,Fiber optic,Yes,Yes,Yes,No,No,No,Month-to-month,Yes,Credit card (automatic),83.9,3233.6,Yes,Yes,0.3758564845287284,0.6241435154712716,Create and Promote mid to long term contracts,Promote Tech Services,No action needed,Customize communication for customers with no dependents.
4874,4874,2302-ANTDP,Female,Yes,Yes,No,48,Yes,Yes,Fiber optic,Yes,Yes,Yes,Yes,Yes,Yes,Month-to-month,No,Electronic check,117.45,5438.9,Yes,Yes,0.4343795252029869,0.565620474797013,Create and Promote mid to long term contracts,No action needed,Enhance and Promote Entertainment Services,Engage with senior citizens to better understand their needs and concerns.
4875,4875,5923-GXUOC,Male,No,No,No,10,Yes,No,Fiber optic,Yes,Yes,Yes,No,Yes,Yes,Month-to-month,Yes,Electronic check,104.4,1081.45,Yes,Yes,0.1955199143322118,0.8044800856677882,Create and Promote mid to long term contracts,Promote Tech Services,Enhance and Promote Entertainment Services,Customize communication for customers with no dependents.
4882,4882,5233-GEEAX,Male,Yes,No,No,8,No,No phone service,DSL,No,No,Yes,No,No,No,Month-to-month,Yes,Electronic check,29.4,221.9,Yes,Yes,0.1418452811960424,0.8581547188039576,Create and Promote mid to long term contracts,Promote Tech Services,No action needed,Engage with senior citizens to better understand their needs and concerns.
4891,4891,8875-AKBYH,Male,Yes,No,No,20,Yes,Yes,Fiber optic,No,No,No,No,Yes,No,Month-to-month,Yes,Electronic check,84.35,1745.2,No,Yes,0.4241273514914335,0.5758726485085665,Create and Promote mid to long term contracts,Promote Tech Services,Enhance and Promote Entertainment Services,Engage with senior citizens to better understand their needs and concerns.
4892,4892,4432-ADRLB,Male,No,No,No,2,Yes,No,DSL,No,No,No,No,No,No,Month-to-month,No,Mailed check,44.65,74.9,Yes,Yes,0.372533653887413,0.627466346112587,Create and Promote mid to long term contracts,Promote Tech Services,No action needed,Customize communication for customers with no dependents.
4897,4897,8993-PHFWD,Female,No,No,No,3,No,No phone service,DSL,No,No,No,No,No,No,Month-to-month,No,Electronic check,25.25,58.9,Yes,Yes,0.1288106953074201,0.8711893046925798,Create and Promote mid to long term contracts,Promote Tech Services,No action needed,Customize communication for customers with no dependents.
4898,4898,1565-RHDJD,Female,No,No,Yes,4,Yes,Yes,Fiber optic,No,Yes,Yes,No,No,No,Month-to-month,No,Bank transfer (automatic),84.05,333.55,Yes,Yes,0.1405339062680807,0.8594660937319193,Create and Promote mid to long term contracts,Promote Tech Services,No action needed,No action needed
4899,4899,7137-RYLPP,Male,Yes,Yes,No,37,Yes,Yes,Fiber optic,No,No,No,No,Yes,No,Month-to-month,Yes,Electronic check,85.7,3171.15,Yes,Yes,0.3648188333861258,0.6351811666138741,Create and Promote mid to long term contracts,Promote Tech Services,Enhance and Promote Entertainment Services,Engage with senior citizens to better understand their needs and concerns.
4900,4900,3765-JXVKY,Female,No,No,No,1,Yes,No,Fiber optic,No,Yes,No,No,No,No,Month-to-month,Yes,Electronic check,74.7,74.7,Yes,Yes,0.0732403367416194,0.9267596632583806,Create and Promote mid to long term contracts,Promote Tech Services,No action needed,Customize communication for customers with no dependents.
4902,4902,7330-WZLNC,Female,No,No,No,5,Yes,Yes,Fiber optic,No,Yes,No,No,Yes,No,Month-to-month,Yes,Electronic check,90.8,455.5,Yes,Yes,0.1175619947478235,0.8824380052521764,Create and Promote mid to long term contracts,Promote Tech Services,Enhance and Promote Entertainment Services,Customize communication for customers with no dependents.
4907,4907,3957-LXOLK,Female,Yes,No,No,28,Yes,Yes,Fiber optic,No,Yes,Yes,No,Yes,Yes,Month-to-month,Yes,Electronic check,106.15,3152.5,Yes,Yes,0.1809796744027242,0.8190203255972758,Create and Promote mid to long term contracts,Promote Tech Services,Enhance and Promote Entertainment Services,Engage with senior citizens to better understand their needs and concerns.
4911,4911,5281-BUZGT,Male,Yes,No,No,36,Yes,Yes,Fiber optic,Yes,No,No,No,Yes,No,Month-to-month,Yes,Electronic check,90.85,3186.7,Yes,Yes,0.4578901720001789,0.5421098279998211,Create and Promote mid to long term contracts,Promote Tech Services,Enhance and Promote Entertainment Services,Engage with senior citizens to better understand their needs and concerns.
4915,4915,3420-YJLQT,Female,No,No,No,2,Yes,Yes,Fiber optic,No,Yes,No,No,No,No,Month-to-month,No,Electronic check,79.55,151.75,No,Yes,0.36401031344546,0.63598968655454,Create and Promote mid to long term contracts,Promote Tech Services,No action needed,Customize communication for customers with no dependents.
4923,4923,5378-IKEEG,Female,No,No,No,1,No,No phone service,DSL,No,No,No,No,Yes,No,Month-to-month,Yes,Electronic check,35.75,35.75,Yes,Yes,0.0383089494422905,0.9616910505577094,Create and Promote mid to long term contracts,Promote Tech Services,Enhance and Promote Entertainment Services,Customize communication for customers with no dependents.
4927,4927,2718-GAXQD,Female,Yes,Yes,Yes,4,Yes,No,DSL,No,No,No,No,No,No,Month-to-month,No,Electronic check,46.0,181.6,Yes,Yes,0.2942542596490577,0.7057457403509423,Create and Promote mid to long term contracts,Promote Tech Services,No action needed,Engage with senior citizens to better understand their needs and concerns.
4929,4929,8180-AKMJV,Female,No,No,No,1,Yes,No,DSL,No,No,No,No,No,No,Month-to-month,Yes,Credit card (automatic),44.55,44.55,No,Yes,0.3554876146496876,0.6445123853503124,Create and Promote mid to long term contracts,Promote Tech Services,No action needed,Customize communication for customers with no dependents.
4937,4937,6413-XKKPU,Male,No,Yes,Yes,17,Yes,No,Fiber optic,Yes,No,Yes,No,Yes,No,Month-to-month,Yes,Electronic check,89.4,1539.45,Yes,Yes,0.4056076698539718,0.5943923301460282,Create and Promote mid to long term contracts,Promote Tech Services,Enhance and Promote Entertainment Services,No action needed
4939,4939,3703-KBKZP,Male,Yes,No,No,16,Yes,Yes,Fiber optic,No,No,No,No,No,No,Month-to-month,Yes,Bank transfer (automatic),74.45,1261.35,No,Yes,0.4560059823882655,0.5439940176117345,Create and Promote mid to long term contracts,Promote Tech Services,No action needed,Engage with senior citizens to better understand their needs and concerns.
4941,4941,2626-URJFX,Male,No,Yes,Yes,4,Yes,Yes,DSL,No,No,No,No,No,No,Month-to-month,Yes,Electronic check,50.9,225.6,Yes,Yes,0.3058515317002813,0.6941484682997187,Create and Promote mid to long term contracts,Promote Tech Services,No action needed,No action needed
4945,4945,2612-RRIDN,Male,No,No,No,4,Yes,No,Fiber optic,No,No,No,No,Yes,No,Month-to-month,Yes,Electronic check,81.0,340.85,Yes,Yes,0.1369565206570865,0.8630434793429135,Create and Promote mid to long term contracts,Promote Tech Services,Enhance and Promote Entertainment Services,Customize communication for customers with no dependents.
4946,4946,4735-ASGMA,Male,No,No,No,26,Yes,Yes,Fiber optic,No,No,Yes,No,Yes,Yes,Month-to-month,Yes,Electronic check,98.35,2515.3,Yes,Yes,0.1587308384759322,0.8412691615240677,Create and Promote mid to long term contracts,Promote Tech Services,Enhance and Promote Entertainment Services,Customize communication for customers with no dependents.
4947,4947,3446-QDSZF,Female,No,No,No,4,Yes,No,DSL,No,No,No,No,Yes,No,Month-to-month,No,Credit card (automatic),55.5,227.35,No,Yes,0.343072899605072,0.656927100394928,Create and Promote mid to long term contracts,Promote Tech Services,Enhance and Promote Entertainment Services,Customize communication for customers with no dependents.
4948,4948,3669-LVWZB,Male,No,No,No,5,No,No phone service,DSL,No,Yes,No,No,Yes,Yes,Month-to-month,Yes,Mailed check,51.0,305.95,Yes,Yes,0.2345314256524302,0.7654685743475698,Create and Promote mid to long term contracts,Promote Tech Services,Enhance and Promote Entertainment Services,Customize communication for customers with no dependents.
4949,4949,6892-EZDTG,Female,No,Yes,No,4,Yes,Yes,Fiber optic,No,Yes,No,No,Yes,No,Month-to-month,Yes,Electronic check,91.65,365.4,Yes,Yes,0.1164362671010146,0.8835637328989854,Create and Promote mid to long term contracts,Promote Tech Services,Enhance and Promote Entertainment Services,Customize communication for customers with no dependents.
4950,4950,5117-IFGPS,Male,Yes,Yes,No,29,Yes,Yes,Fiber optic,No,No,No,No,No,Yes,Month-to-month,Yes,Electronic check,84.3,2357.75,No,Yes,0.3746951941847413,0.6253048058152587,Create and Promote mid to long term contracts,Promote Tech Services,Enhance and Promote Entertainment Services,Engage with senior citizens to better understand their needs and concerns.
4953,4953,9725-SCPZG,Male,No,No,Yes,1,Yes,No,Fiber optic,No,No,No,No,Yes,Yes,Month-to-month,Yes,Electronic check,90.85,90.85,Yes,Yes,0.1796985662036353,0.8203014337963647,Create and Promote mid to long term contracts,Promote Tech Services,Enhance and Promote Entertainment Services,No action needed
4954,4954,5884-GCYMI,Male,No,No,No,1,Yes,No,Fiber optic,No,No,No,No,No,No,Month-to-month,No,Mailed check,69.4,69.4,Yes,Yes,0.10279627687565,0.8972037231243499,Create and Promote mid to long term contracts,Promote Tech Services,No action needed,Customize communication for customers with no dependents.
4955,4955,3217-FZDMN,Female,Yes,No,No,8,Yes,No,Fiber optic,No,No,Yes,No,Yes,Yes,Month-to-month,Yes,Credit card (automatic),94.45,742.95,Yes,Yes,0.1407971921797086,0.8592028078202913,Create and Promote mid to long term contracts,Promote Tech Services,Enhance and Promote Entertainment Services,Engage with senior citizens to better understand their needs and concerns.
4958,4958,7853-GVUDZ,Female,No,Yes,Yes,1,Yes,No,No,No internet service,No internet service,No internet service,No internet service,No internet service,No internet service,Month-to-month,Yes,Credit card (automatic),20.15,20.15,Yes,Yes,0.3733211125474542,0.6266788874525457,Create and Promote mid to long term contracts,No action needed,No action needed,No action needed
4959,4959,7480-QNVZJ,Male,Yes,No,No,50,Yes,Yes,Fiber optic,No,No,No,No,Yes,Yes,Month-to-month,Yes,Electronic check,95.7,4816.7,Yes,Yes,0.1630902285494125,0.8369097714505874,Create and Promote mid to long term contracts,Promote Tech Services,Enhance and Promote Entertainment Services,Engage with senior citizens to better understand their needs and concerns.
4963,4963,3943-KDREE,Female,No,No,No,26,Yes,Yes,Fiber optic,No,No,No,No,No,No,Month-to-month,Yes,Bank transfer (automatic),74.95,1834.95,Yes,Yes,0.2812744581772466,0.7187255418227534,Create and Promote mid to long term contracts,Promote Tech Services,No action needed,Customize communication for customers with no dependents.
4964,4964,9239-ZBZZV,Female,No,No,No,6,No,No phone service,DSL,No,No,Yes,No,Yes,Yes,Month-to-month,Yes,Electronic check,47.95,305.1,Yes,Yes,0.1902810732944876,0.8097189267055124,Create and Promote mid to long term contracts,Promote Tech Services,Enhance and Promote Entertainment Services,Customize communication for customers with no dependents.
4966,4966,4398-HSCJH,Female,No,No,No,3,Yes,Yes,DSL,No,No,No,Yes,Yes,No,Month-to-month,Yes,Electronic check,63.6,155.65,Yes,Yes,0.4213376492270856,0.5786623507729144,Create and Promote mid to long term contracts,Promote Tech Services,Enhance and Promote Entertainment Services,Customize communication for customers with no dependents.
4973,4973,4430-UZIPO,Male,No,No,No,3,No,No phone service,DSL,No,Yes,No,Yes,No,No,Month-to-month,Yes,Mailed check,36.85,108.7,Yes,Yes,0.3294084250555893,0.6705915749444107,Create and Promote mid to long term contracts,Promote Tech Services,No action needed,Customize communication for customers with no dependents.
4977,4977,4855-SNKMY,Female,No,No,No,1,Yes,No,DSL,No,No,No,No,No,No,Month-to-month,Yes,Electronic check,44.1,44.1,Yes,Yes,0.2222408379279723,0.7777591620720277,Create and Promote mid to long term contracts,Promote Tech Services,No action needed,Customize communication for customers with no dependents.
4980,4980,8008-HAWED,Male,No,No,No,14,No,No phone service,DSL,No,No,Yes,No,Yes,Yes,Month-to-month,Yes,Electronic check,50.75,712.75,Yes,Yes,0.2710622391282554,0.7289377608717446,Create and Promote mid to long term contracts,Promote Tech Services,Enhance and Promote Entertainment Services,Customize communication for customers with no dependents.
4982,4982,1862-SKORY,Female,Yes,Yes,No,40,No,No phone service,DSL,No,Yes,No,No,Yes,No,Month-to-month,Yes,Electronic check,39.3,1637.4,Yes,Yes,0.4349493718355072,0.5650506281644928,Create and Promote mid to long term contracts,Promote Tech Services,Enhance and Promote Entertainment Services,Engage with senior citizens to better understand their needs and concerns.
4990,4990,1502-XFCVR,Female,No,No,No,58,Yes,No,Fiber optic,Yes,Yes,Yes,No,Yes,Yes,One year,Yes,Electronic check,106.45,6145.85,Yes,Yes,0.4223206784769803,0.5776793215230197,Create and Promote mid to long term contracts,Promote Tech Services,Enhance and Promote Entertainment Services,Customize communication for customers with no dependents.
4993,4993,9692-TUSXH,Female,No,No,No,18,Yes,No,Fiber optic,Yes,No,No,No,Yes,Yes,Month-to-month,Yes,Electronic check,96.05,1740.7,Yes,Yes,0.1795548640402409,0.8204451359597591,Create and Promote mid to long term contracts,Promote Tech Services,Enhance and Promote Entertainment Services,Customize communication for customers with no dependents.
4994,4994,7912-SYRQT,Female,No,No,No,7,Yes,Yes,Fiber optic,No,No,No,No,No,No,Month-to-month,Yes,Bank transfer (automatic),75.1,552.95,Yes,Yes,0.1400851089515526,0.8599148910484473,Create and Promote mid to long term contracts,Promote Tech Services,No action needed,Customize communication for customers with no dependents.
4996,4996,4816-JBHOV,Male,Yes,No,No,2,Yes,No,DSL,No,No,No,No,No,No,Month-to-month,Yes,Electronic check,44.7,93.7,Yes,Yes,0.2170996566533103,0.7829003433466897,Create and Promote mid to long term contracts,Promote Tech Services,No action needed,Engage with senior citizens to better understand their needs and concerns.
5002,5002,1867-BDVFH,Male,No,Yes,Yes,11,Yes,Yes,Fiber optic,No,No,No,No,No,No,Month-to-month,Yes,Electronic check,74.35,834.2,Yes,Yes,0.2910149654430095,0.7089850345569905,Create and Promote mid to long term contracts,Promote Tech Services,No action needed,No action needed
5004,5004,2359-QWQUL,Female,No,Yes,No,39,Yes,No,Fiber optic,Yes,No,Yes,Yes,Yes,Yes,One year,Yes,Credit card (automatic),104.7,4134.85,Yes,Yes,0.4984555738749836,0.5015444261250164,Create and Promote mid to long term contracts,Promote Tech Services,Enhance and Promote Entertainment Services,Customize communication for customers with no dependents.
5015,5015,4140-WJAWW,Female,No,No,No,5,Yes,No,No,No internet service,No internet service,No internet service,No internet service,No internet service,No internet service,Month-to-month,No,Credit card (automatic),19.85,108.05,Yes,Yes,0.4523532317450326,0.5476467682549674,Create and Promote mid to long term contracts,No action needed,No action needed,Customize communication for customers with no dependents.
5018,5018,3320-VEOYC,Male,Yes,No,No,14,Yes,Yes,Fiber optic,No,No,No,No,Yes,Yes,Month-to-month,Yes,Electronic check,95.6,1273.3,No,Yes,0.2518339711930834,0.7481660288069166,Create and Promote mid to long term contracts,Promote Tech Services,Enhance and Promote Entertainment Services,Engage with senior citizens to better understand their needs and concerns.
5022,5022,6653-CBBOM,Female,No,No,No,1,Yes,No,Fiber optic,No,No,No,No,No,No,Month-to-month,Yes,Electronic check,70.3,70.3,Yes,Yes,0.0817937800962267,0.9182062199037732,Create and Promote mid to long term contracts,Promote Tech Services,No action needed,Customize communication for customers with no dependents.
5026,5026,3247-ZVOUO,Male,Yes,Yes,No,10,Yes,Yes,Fiber optic,No,No,No,No,No,Yes,Month-to-month,No,Electronic check,85.55,851.75,Yes,Yes,0.1457414254328944,0.8542585745671055,Create and Promote mid to long term contracts,Promote Tech Services,Enhance and Promote Entertainment Services,Engage with senior citizens to better understand their needs and concerns.
5029,5029,6101-IMRMM,Male,No,No,Yes,6,Yes,No,Fiber optic,No,No,Yes,No,Yes,Yes,Month-to-month,No,Mailed check,94.5,575.45,Yes,Yes,0.1985867683130223,0.8014132316869776,Create and Promote mid to long term contracts,Promote Tech Services,Enhance and Promote Entertainment Services,No action needed
5031,5031,5429-LWCMV,Female,No,No,No,12,Yes,Yes,Fiber optic,No,Yes,No,No,No,Yes,Month-to-month,Yes,Electronic check,89.15,1057.55,No,Yes,0.2997517312353503,0.7002482687646496,Create and Promote mid to long term contracts,Promote Tech Services,Enhance and Promote Entertainment Services,Customize communication for customers with no dependents.
5032,5032,7298-IZWLY,Female,No,No,No,1,Yes,No,No,No internet service,No internet service,No internet service,No internet service,No internet service,No internet service,Month-to-month,Yes,Mailed check,19.4,19.4,No,Yes,0.413986303622455,0.586013696377545,Create and Promote mid to long term contracts,No action needed,No action needed,Customize communication for customers with no dependents.
5034,5034,3955-JBZZM,Male,No,No,No,20,Yes,No,Fiber optic,No,No,No,No,Yes,No,Month-to-month,No,Electronic check,78.8,1641.3,No,Yes,0.409617148880966,0.590382851119034,Create and Promote mid to long term contracts,Promote Tech Services,Enhance and Promote Entertainment Services,Customize communication for customers with no dependents.
5035,5035,1268-ASBGA,Female,Yes,Yes,No,16,Yes,Yes,Fiber optic,No,No,No,No,No,Yes,Month-to-month,Yes,Credit card (automatic),85.35,1375.15,Yes,Yes,0.1525348952644717,0.8474651047355283,Create and Promote mid to long term contracts,Promote Tech Services,Enhance and Promote Entertainment Services,Engage with senior citizens to better understand their needs and concerns.
5036,5036,8943-URTMR,Female,No,No,No,2,Yes,No,Fiber optic,No,No,No,No,Yes,No,Month-to-month,Yes,Mailed check,79.65,152.7,Yes,Yes,0.2057734491023964,0.7942265508976035,Create and Promote mid to long term contracts,Promote Tech Services,Enhance and Promote Entertainment Services,Customize communication for customers with no dependents.
5038,5038,4713-LZDRV,Female,Yes,No,No,2,Yes,No,Fiber optic,No,No,No,No,No,Yes,Month-to-month,Yes,Electronic check,79.6,195.05,Yes,Yes,0.116679227310129,0.883320772689871,Create and Promote mid to long term contracts,Promote Tech Services,Enhance and Promote Entertainment Services,Engage with senior citizens to better understand their needs and concerns.
5042,5042,4325-NFSKC,Male,Yes,No,No,19,Yes,Yes,Fiber optic,Yes,No,No,No,Yes,No,Month-to-month,Yes,Electronic check,90.6,1660.0,Yes,Yes,0.3681222588807542,0.6318777411192458,Create and Promote mid to long term contracts,Promote Tech Services,Enhance and Promote Entertainment Services,Engage with senior citizens to better understand their needs and concerns.
5045,5045,7252-NTGSS,Female,No,No,No,1,Yes,No,DSL,No,No,No,No,No,No,Month-to-month,No,Mailed check,45.15,45.15,No,Yes,0.2703866909357129,0.7296133090642871,Create and Promote mid to long term contracts,Promote Tech Services,No action needed,Customize communication for customers with no dependents.
5048,5048,2955-PSXOE,Female,No,No,No,1,Yes,No,No,No internet service,No internet service,No internet service,No internet service,No internet service,No internet service,Month-to-month,Yes,Bank transfer (automatic),20.2,20.2,Yes,Yes,0.4066940458619899,0.5933059541380101,Create and Promote mid to long term contracts,No action needed,No action needed,Customize communication for customers with no dependents.
5049,5049,7762-URZQH,Male,No,Yes,No,66,Yes,Yes,Fiber optic,Yes,No,Yes,No,Yes,Yes,Two year,Yes,Credit card (automatic),106.05,6981.35,Yes,Yes,0.4137973489635363,0.5862026510364636,No action needed,Promote Tech Services,Enhance and Promote Entertainment Services,Customize communication for customers with no dependents.
5056,5056,7354-OIJLX,Male,No,No,No,9,Yes,Yes,Fiber optic,No,No,No,No,No,No,Month-to-month,Yes,Electronic check,75.85,724.65,No,Yes,0.3807733919769862,0.6192266080230138,Create and Promote mid to long term contracts,Promote Tech Services,No action needed,Customize communication for customers with no dependents.
5058,5058,6907-NZZIJ,Female,No,No,No,36,Yes,Yes,Fiber optic,No,Yes,No,No,Yes,Yes,Month-to-month,Yes,Electronic check,99.15,3615.6,Yes,Yes,0.1753528427276648,0.8246471572723352,Create and Promote mid to long term contracts,Promote Tech Services,Enhance and Promote Entertainment Services,Customize communication for customers with no dependents.
5061,5061,2911-UREFD,Female,No,Yes,No,39,No,No phone service,DSL,Yes,No,Yes,No,Yes,Yes,Month-to-month,No,Electronic check,55.9,2184.35,Yes,Yes,0.2346686198437665,0.7653313801562335,Create and Promote mid to long term contracts,Promote Tech Services,Enhance and Promote Entertainment Services,Customize communication for customers with no dependents.
5062,5062,3744-ZRRDZ,Male,No,No,No,21,Yes,Yes,Fiber optic,No,Yes,No,No,No,No,Month-to-month,Yes,Electronic check,82.35,1852.85,Yes,Yes,0.2220321762592002,0.7779678237407998,Create and Promote mid to long term contracts,Promote Tech Services,No action needed,Customize communication for customers with no dependents.
5063,5063,5673-TIYIB,Male,No,No,No,2,No,No phone service,DSL,No,Yes,Yes,Yes,No,No,Month-to-month,Yes,Credit card (automatic),40.4,77.15,Yes,Yes,0.1593631730080095,0.8406368269919905,Create and Promote mid to long term contracts,Promote Tech Services,No action needed,Customize communication for customers with no dependents.
5068,5068,1602-IJQQE,Female,No,No,No,4,Yes,Yes,Fiber optic,No,No,No,No,No,No,Month-to-month,No,Electronic check,75.35,338.1,Yes,Yes,0.1111832545446606,0.8888167454553394,Create and Promote mid to long term contracts,Promote Tech Services,No action needed,Customize communication for customers with no dependents.
5069,5069,4628-WQCQQ,Male,No,No,Yes,35,Yes,No,Fiber optic,No,No,Yes,No,Yes,No,One year,Yes,Electronic check,85.15,3030.6,Yes,Yes,0.4520431139201374,0.5479568860798626,Create and Promote mid to long term contracts,Promote Tech Services,Enhance and Promote Entertainment Services,No action needed
5070,5070,1746-TGTWV,Male,No,Yes,No,1,Yes,No,Fiber optic,No,No,Yes,No,No,No,Month-to-month,No,Credit card (automatic),75.35,75.35,No,Yes,0.4896425250623391,0.5103574749376609,Create and Promote mid to long term contracts,Promote Tech Services,No action needed,Customize communication for customers with no dependents.
5071,5071,5995-SNNEW,Male,Yes,Yes,No,23,Yes,Yes,Fiber optic,No,Yes,Yes,No,Yes,Yes,Month-to-month,Yes,Electronic check,104.45,2184.85,No,Yes,0.4913597632904312,0.5086402367095688,Create and Promote mid to long term contracts,Promote Tech Services,Enhance and Promote Entertainment Services,Engage with senior citizens to better understand their needs and concerns.
5075,5075,1644-IRKSF,Female,No,Yes,Yes,33,Yes,No,Fiber optic,No,No,Yes,No,Yes,Yes,One year,Yes,Electronic check,93.8,3124.5,Yes,Yes,0.3679794091892321,0.6320205908107679,Create and Promote mid to long term contracts,Promote Tech Services,Enhance and Promote Entertainment Services,No action needed
5089,5089,6502-HCJTI,Male,Yes,Yes,No,7,Yes,Yes,Fiber optic,Yes,Yes,No,No,No,Yes,Month-to-month,Yes,Credit card (automatic),94.7,673.1,Yes,Yes,0.328419639423016,0.671580360576984,Create and Promote mid to long term contracts,Promote Tech Services,Enhance and Promote Entertainment Services,Engage with senior citizens to better understand their needs and concerns.
5090,5090,2606-RMDHZ,Male,No,No,No,6,No,No phone service,DSL,No,Yes,No,No,No,No,Month-to-month,Yes,Credit card (automatic),30.5,208.7,Yes,Yes,0.2260499961627367,0.7739500038372633,Create and Promote mid to long term contracts,Promote Tech Services,No action needed,Customize communication for customers with no dependents.
5097,5097,8258-GSTJK,Male,Yes,No,No,3,Yes,Yes,Fiber optic,No,No,No,No,No,No,Month-to-month,Yes,Electronic check,77.0,237.75,Yes,Yes,0.0873986177147265,0.9126013822852734,Create and Promote mid to long term contracts,Promote Tech Services,No action needed,Engage with senior citizens to better understand their needs and concerns.
5099,5099,9940-RHLFB,Female,No,No,No,1,Yes,No,Fiber optic,No,No,Yes,No,No,No,Month-to-month,No,Electronic check,75.3,75.3,Yes,Yes,0.1089073442384634,0.8910926557615365,Create and Promote mid to long term contracts,Promote Tech Services,No action needed,Customize communication for customers with no dependents.
5109,5109,8541-QVFKM,Female,No,No,No,8,Yes,Yes,Fiber optic,No,No,No,No,No,No,Month-to-month,Yes,Electronic check,73.5,632.2,No,Yes,0.3344162053362588,0.6655837946637412,Create and Promote mid to long term contracts,Promote Tech Services,No action needed,Customize communication for customers with no dependents.
5110,5110,6686-YPGHK,Male,Yes,No,No,47,Yes,No,Fiber optic,Yes,No,No,No,No,Yes,Month-to-month,No,Mailed check,85.5,4042.3,Yes,Yes,0.3574827095387317,0.6425172904612683,Create and Promote mid to long term contracts,Promote Tech Services,Enhance and Promote Entertainment Services,Engage with senior citizens to better understand their needs and concerns.
5115,5115,4759-TRPLW,Male,No,No,No,1,Yes,No,Fiber optic,No,No,No,No,No,No,Month-to-month,No,Electronic check,70.4,70.4,Yes,Yes,0.0757725483092575,0.9242274516907424,Create and Promote mid to long term contracts,Promote Tech Services,No action needed,Customize communication for customers with no dependents.
5122,5122,8020-BWHYL,Female,Yes,No,No,15,Yes,No,Fiber optic,No,Yes,No,No,No,No,Month-to-month,Yes,Credit card (automatic),75.3,1147.45,Yes,Yes,0.2565502805231938,0.7434497194768062,Create and Promote mid to long term contracts,Promote Tech Services,No action needed,Engage with senior citizens to better understand their needs and concerns.
5124,5124,2982-VPSGI,Female,No,Yes,No,11,Yes,Yes,Fiber optic,No,No,No,No,Yes,Yes,Month-to-month,Yes,Electronic check,94.0,1078.9,Yes,Yes,0.1264055116846497,0.8735944883153502,Create and Promote mid to long term contracts,Promote Tech Services,Enhance and Promote Entertainment Services,Customize communication for customers with no dependents.
5126,5126,8199-ZLLSA,Male,No,No,No,67,Yes,Yes,Fiber optic,Yes,Yes,Yes,Yes,Yes,Yes,One year,Yes,Bank transfer (automatic),118.35,7804.15,Yes,Yes,0.2167724818625497,0.7832275181374503,Create and Promote mid to long term contracts,No action needed,Enhance and Promote Entertainment Services,Customize communication for customers with no dependents.
5129,5129,4625-EWPTF,Male,No,No,No,8,No,No phone service,DSL,Yes,No,No,No,No,No,Month-to-month,Yes,Electronic check,30.45,226.45,Yes,Yes,0.2775568861909212,0.7224431138090788,Create and Promote mid to long term contracts,Promote Tech Services,No action needed,Customize communication for customers with no dependents.
5130,5130,5980-NOPLP,Female,No,Yes,No,44,Yes,Yes,Fiber optic,No,No,No,No,Yes,Yes,Month-to-month,Yes,Electronic check,96.1,4364.1,Yes,Yes,0.1494101959512911,0.8505898040487089,Create and Promote mid to long term contracts,Promote Tech Services,Enhance and Promote Entertainment Services,Customize communication for customers with no dependents.
5132,5132,6892-XPFPU,Male,Yes,Yes,No,24,Yes,Yes,Fiber optic,No,Yes,Yes,No,Yes,Yes,Month-to-month,Yes,Electronic check,104.25,2433.9,Yes,Yes,0.2616235189341022,0.7383764810658978,Create and Promote mid to long term contracts,Promote Tech Services,Enhance and Promote Entertainment Services,Engage with senior citizens to better understand their needs and concerns.
5133,5133,8010-EZLOU,Male,Yes,No,No,15,Yes,Yes,Fiber optic,No,Yes,No,No,No,No,Month-to-month,Yes,Electronic check,80.2,1217.25,Yes,Yes,0.2654131487388467,0.7345868512611533,Create and Promote mid to long term contracts,Promote Tech Services,No action needed,Engage with senior citizens to better understand their needs and concerns.
5134,5134,1156-ZFYDO,Female,No,No,No,1,Yes,No,No,No internet service,No internet service,No internet service,No internet service,No internet service,No internet service,Month-to-month,No,Electronic check,19.75,19.75,No,Yes,0.3120106092536053,0.6879893907463946,Create and Promote mid to long term contracts,No action needed,No action needed,Customize communication for customers with no dependents.
5135,5135,3295-YVUSR,Male,Yes,No,No,2,Yes,Yes,Fiber optic,No,No,No,No,No,No,Month-to-month,Yes,Mailed check,72.6,154.3,No,Yes,0.4402713116737898,0.5597286883262101,Create and Promote mid to long term contracts,Promote Tech Services,No action needed,Engage with senior citizens to better understand their needs and concerns.
5139,5139,7577-SWIFR,Male,No,No,No,1,Yes,No,Fiber optic,No,No,No,No,Yes,Yes,Month-to-month,Yes,Electronic check,89.25,89.25,No,Yes,0.1619928469927475,0.8380071530072525,Create and Promote mid to long term contracts,Promote Tech Services,Enhance and Promote Entertainment Services,Customize communication for customers with no dependents.
5145,5145,3797-FKOGQ,Male,No,No,Yes,11,Yes,Yes,Fiber optic,No,No,No,No,No,Yes,Month-to-month,No,Electronic check,86.2,893.2,No,Yes,0.3980409351369114,0.6019590648630886,Create and Promote mid to long term contracts,Promote Tech Services,Enhance and Promote Entertainment Services,No action needed
5153,5153,9874-QLCLH,Female,No,Yes,Yes,17,Yes,Yes,Fiber optic,Yes,No,Yes,No,Yes,Yes,Month-to-month,Yes,Electronic check,104.2,1743.5,Yes,Yes,0.2315675268822947,0.7684324731177052,Create and Promote mid to long term contracts,Promote Tech Services,Enhance and Promote Entertainment Services,No action needed
5158,5158,5928-QLDHB,Male,No,No,No,9,Yes,Yes,Fiber optic,No,No,No,No,No,No,Month-to-month,Yes,Electronic check,76.25,684.85,No,Yes,0.4030688435774869,0.596931156422513,Create and Promote mid to long term contracts,Promote Tech Services,No action needed,Customize communication for customers with no dependents.
5159,5159,9840-EFJQB,Female,No,No,No,1,Yes,No,Fiber optic,No,Yes,No,No,No,No,Month-to-month,No,Electronic check,74.35,74.35,No,Yes,0.2501114585980336,0.7498885414019664,Create and Promote mid to long term contracts,Promote Tech Services,No action needed,Customize communication for customers with no dependents.
5164,5164,8062-YBDOE,Male,Yes,No,No,1,Yes,No,Fiber optic,No,No,No,No,No,No,Month-to-month,Yes,Electronic check,69.65,69.65,Yes,Yes,0.0709509207696719,0.929049079230328,Create and Promote mid to long term contracts,Promote Tech Services,No action needed,Engage with senior citizens to better understand their needs and concerns.
5167,5167,6000-APYLU,Male,No,No,No,9,Yes,No,Fiber optic,No,No,No,No,No,Yes,Month-to-month,Yes,Electronic check,80.8,713.1,Yes,Yes,0.1778742854104165,0.8221257145895835,Create and Promote mid to long term contracts,Promote Tech Services,Enhance and Promote Entertainment Services,Customize communication for customers with no dependents.
5169,5169,7721-DVEKZ,Female,No,No,No,1,Yes,No,No,No internet service,No internet service,No internet service,No internet service,No internet service,No internet service,Month-to-month,No,Mailed check,19.65,19.65,No,Yes,0.4095279862662284,0.5904720137337716,Create and Promote mid to long term contracts,No action needed,No action needed,Customize communication for customers with no dependents.
5173,5173,0947-IDHRQ,Female,No,No,No,7,Yes,No,Fiber optic,No,No,No,No,Yes,No,Month-to-month,Yes,Mailed check,80.3,526.7,Yes,Yes,0.2209746868113746,0.7790253131886253,Create and Promote mid to long term contracts,Promote Tech Services,Enhance and Promote Entertainment Services,Customize communication for customers with no dependents.
5176,5176,3672-YITQD,Male,Yes,Yes,No,36,Yes,Yes,Fiber optic,No,No,No,No,No,Yes,Month-to-month,Yes,Electronic check,84.1,3021.6,Yes,Yes,0.2632618496172041,0.7367381503827959,Create and Promote mid to long term contracts,Promote Tech Services,Enhance and Promote Entertainment Services,Engage with senior citizens to better understand their needs and concerns.
5178,5178,9048-JVYVF,Male,No,No,No,3,Yes,No,DSL,No,No,No,Yes,Yes,Yes,Month-to-month,Yes,Electronic check,69.35,191.35,Yes,Yes,0.4580420360037074,0.5419579639962926,Create and Promote mid to long term contracts,Promote Tech Services,Enhance and Promote Entertainment Services,Customize communication for customers with no dependents.
5182,5182,8988-ECPJR,Female,Yes,Yes,Yes,34,Yes,Yes,Fiber optic,No,Yes,No,No,No,No,Month-to-month,Yes,Mailed check,79.6,2718.3,Yes,Yes,0.4503742916696039,0.549625708330396,Create and Promote mid to long term contracts,Promote Tech Services,No action needed,Engage with senior citizens to better understand their needs and concerns.
5185,5185,3776-EKTKM,Female,Yes,No,No,1,No,No phone service,DSL,No,No,No,No,Yes,No,Month-to-month,Yes,Electronic check,36.45,36.45,Yes,Yes,0.0287733518433598,0.9712266481566402,Create and Promote mid to long term contracts,Promote Tech Services,Enhance and Promote Entertainment Services,Engage with senior citizens to better understand their needs and concerns.
5186,5186,2080-CAZNM,Female,Yes,No,No,41,Yes,Yes,Fiber optic,No,Yes,Yes,No,Yes,Yes,Month-to-month,Yes,Electronic check,104.4,4133.95,No,Yes,0.4569793186175128,0.5430206813824872,Create and Promote mid to long term contracts,Promote Tech Services,Enhance and Promote Entertainment Services,Engage with senior citizens to better understand their needs and concerns.
5193,5193,1902-XBTFB,Male,No,No,Yes,22,Yes,No,Fiber optic,No,Yes,Yes,No,Yes,No,Month-to-month,Yes,Electronic check,89.4,2001.5,Yes,Yes,0.3813504045015812,0.6186495954984188,Create and Promote mid to long term contracts,Promote Tech Services,Enhance and Promote Entertainment Services,No action needed
5197,5197,0643-OKLRP,Female,Yes,Yes,No,47,Yes,Yes,Fiber optic,Yes,No,No,No,No,No,Month-to-month,No,Electronic check,80.35,3825.85,Yes,Yes,0.3352572388909766,0.6647427611090234,Create and Promote mid to long term contracts,Promote Tech Services,No action needed,Engage with senior citizens to better understand their needs and concerns.
5206,5206,9381-NDKME,Female,Yes,Yes,No,24,No,No phone service,DSL,No,No,Yes,No,No,Yes,Month-to-month,Yes,Credit card (automatic),40.65,933.3,Yes,Yes,0.245807433840712,0.754192566159288,Create and Promote mid to long term contracts,Promote Tech Services,Enhance and Promote Entertainment Services,Engage with senior citizens to better understand their needs and concerns.
5210,5210,8382-SHQEH,Female,No,Yes,No,8,Yes,Yes,Fiber optic,No,No,No,No,No,Yes,Month-to-month,Yes,Electronic check,84.9,764.95,Yes,Yes,0.1142845764374496,0.8857154235625504,Create and Promote mid to long term contracts,Promote Tech Services,Enhance and Promote Entertainment Services,Customize communication for customers with no dependents.
5212,5212,7668-XCFYV,Female,Yes,Yes,No,17,Yes,Yes,Fiber optic,No,No,No,No,Yes,Yes,Month-to-month,Yes,Electronic check,92.55,1614.7,No,Yes,0.4591344050445696,0.5408655949554304,Create and Promote mid to long term contracts,Promote Tech Services,Enhance and Promote Entertainment Services,Engage with senior citizens to better understand their needs and concerns.
5213,5213,2983-ZANRP,Female,No,Yes,Yes,2,Yes,No,Fiber optic,No,Yes,No,No,No,No,Month-to-month,Yes,Bank transfer (automatic),73.55,145.4,Yes,Yes,0.2434931540109284,0.7565068459890716,Create and Promote mid to long term contracts,Promote Tech Services,No action needed,No action needed
5214,5214,7845-URHJN,Female,No,Yes,No,8,Yes,No,No,No internet service,No internet service,No internet service,No internet service,No internet service,No internet service,Month-to-month,No,Bank transfer (automatic),20.15,156.25,Yes,Yes,0.3604943900368725,0.6395056099631274,Create and Promote mid to long term contracts,No action needed,No action needed,Customize communication for customers with no dependents.
5226,5226,4060-LDNLU,Male,No,No,No,7,Yes,Yes,Fiber optic,No,No,No,No,Yes,Yes,Month-to-month,No,Electronic check,96.2,639.7,No,Yes,0.1569401593758627,0.8430598406241373,Create and Promote mid to long term contracts,Promote Tech Services,Enhance and Promote Entertainment Services,Customize communication for customers with no dependents.
5228,5228,8327-LZKAS,Female,Yes,Yes,No,43,Yes,Yes,Fiber optic,No,No,Yes,Yes,Yes,Yes,One year,Yes,Electronic check,107.55,4533.9,Yes,Yes,0.4296150362533627,0.5703849637466373,Create and Promote mid to long term contracts,Promote Tech Services,Enhance and Promote Entertainment Services,Engage with senior citizens to better understand their needs and concerns.
5230,5230,1075-BGWOH,Male,Yes,Yes,No,16,Yes,Yes,Fiber optic,No,No,Yes,No,Yes,Yes,Month-to-month,Yes,Electronic check,98.75,1587.55,Yes,Yes,0.2297228535303984,0.7702771464696015,Create and Promote mid to long term contracts,Promote Tech Services,Enhance and Promote Entertainment Services,Engage with senior citizens to better understand their needs and concerns.
5232,5232,0302-JOIVN,Female,No,Yes,No,8,Yes,No,Fiber optic,No,Yes,Yes,No,Yes,Yes,Month-to-month,No,Electronic check,101.15,842.9,Yes,Yes,0.143721778074586,0.8562782219254139,Create and Promote mid to long term contracts,Promote Tech Services,Enhance and Promote Entertainment Services,Customize communication for customers with no dependents.
5241,5241,5366-IJEQJ,Male,No,No,No,20,Yes,Yes,Fiber optic,No,No,Yes,No,Yes,No,Month-to-month,Yes,Electronic check,88.7,1761.45,Yes,Yes,0.2926347694398767,0.7073652305601232,Create and Promote mid to long term contracts,Promote Tech Services,Enhance and Promote Entertainment Services,Customize communication for customers with no dependents.
5243,5243,6233-HXJMX,Female,No,No,No,45,Yes,Yes,Fiber optic,No,No,Yes,No,No,Yes,Month-to-month,Yes,Credit card (automatic),89.3,4192.15,No,Yes,0.4106562811359413,0.5893437188640587,Create and Promote mid to long term contracts,Promote Tech Services,Enhance and Promote Entertainment Services,Customize communication for customers with no dependents.
5245,5245,1981-INRFU,Female,No,No,No,2,Yes,No,Fiber optic,No,No,No,No,Yes,No,Month-to-month,Yes,Electronic check,79.75,164.5,Yes,Yes,0.0896200140304269,0.910379985969573,Create and Promote mid to long term contracts,Promote Tech Services,Enhance and Promote Entertainment Services,Customize communication for customers with no dependents.
5246,5246,4971-PUYQO,Female,No,No,No,27,Yes,Yes,Fiber optic,No,No,No,No,Yes,Yes,Month-to-month,Yes,Mailed check,94.55,2724.6,Yes,Yes,0.2657691788011462,0.7342308211988537,Create and Promote mid to long term contracts,Promote Tech Services,Enhance and Promote Entertainment Services,Customize communication for customers with no dependents.
5249,5249,3338-CVVEH,Male,No,No,No,12,Yes,Yes,Fiber optic,No,No,No,No,Yes,Yes,Month-to-month,No,Electronic check,94.55,1173.55,No,Yes,0.2370271613711557,0.7629728386288442,Create and Promote mid to long term contracts,Promote Tech Services,Enhance and Promote Entertainment Services,Customize communication for customers with no dependents.
5250,5250,8485-GJCDN,Female,Yes,No,No,5,Yes,No,Fiber optic,No,No,No,No,No,No,Month-to-month,Yes,Mailed check,69.05,318.5,Yes,Yes,0.2786734938074988,0.7213265061925012,Create and Promote mid to long term contracts,Promote Tech Services,No action needed,Engage with senior citizens to better understand their needs and concerns.
5254,5254,8486-AYEQH,Female,No,No,No,31,Yes,Yes,Fiber optic,No,No,No,No,No,No,Month-to-month,Yes,Electronic check,76.05,2227.8,No,Yes,0.3500834388363979,0.6499165611636021,Create and Promote mid to long term contracts,Promote Tech Services,No action needed,Customize communication for customers with no dependents.
5256,5256,6029-WTIPC,Male,Yes,No,No,37,Yes,Yes,Fiber optic,No,No,Yes,No,Yes,Yes,Month-to-month,Yes,Electronic check,101.1,3744.05,Yes,Yes,0.2585530271357925,0.7414469728642075,Create and Promote mid to long term contracts,Promote Tech Services,Enhance and Promote Entertainment Services,Engage with senior citizens to better understand their needs and concerns.
5257,5257,8634-CILSZ,Male,No,No,No,69,Yes,Yes,Fiber optic,No,Yes,No,Yes,Yes,Yes,One year,Yes,Bank transfer (automatic),104.7,7220.35,Yes,Yes,0.4357159662485352,0.5642840337514647,Create and Promote mid to long term contracts,Promote Tech Services,Enhance and Promote Entertainment Services,Customize communication for customers with no dependents.
5271,5271,8780-IXSTS,Female,No,No,No,6,Yes,Yes,Fiber optic,No,Yes,No,No,Yes,No,Month-to-month,Yes,Electronic check,90.1,521.3,Yes,Yes,0.1674071892554356,0.8325928107445644,Create and Promote mid to long term contracts,Promote Tech Services,Enhance and Promote Entertainment Services,Customize communication for customers with no dependents.
5274,5274,9530-EHPOH,Male,No,No,No,11,Yes,Yes,DSL,No,No,Yes,No,No,No,Month-to-month,No,Electronic check,53.75,608.0,Yes,Yes,0.3828676266265376,0.6171323733734624,Create and Promote mid to long term contracts,Promote Tech Services,No action needed,Customize communication for customers with no dependents.
5276,5276,0345-HKJVM,Female,No,No,No,6,Yes,No,Fiber optic,No,No,No,No,Yes,Yes,Month-to-month,No,Electronic check,89.3,577.6,Yes,Yes,0.0910653837728637,0.9089346162271362,Create and Promote mid to long term contracts,Promote Tech Services,Enhance and Promote Entertainment Services,Customize communication for customers with no dependents.
5281,5281,3049-SOLAY,Female,No,Yes,No,3,Yes,Yes,Fiber optic,No,No,No,No,Yes,Yes,Month-to-month,Yes,Electronic check,95.2,292.85,Yes,Yes,0.1200080915521824,0.8799919084478176,Create and Promote mid to long term contracts,Promote Tech Services,Enhance and Promote Entertainment Services,Customize communication for customers with no dependents.
5283,5283,3317-HRTNN,Female,Yes,No,No,5,No,No phone service,DSL,No,No,No,No,Yes,Yes,Month-to-month,No,Electronic check,45.7,198.0,Yes,Yes,0.164182662608131,0.8358173373918689,Create and Promote mid to long term contracts,Promote Tech Services,Enhance and Promote Entertainment Services,Engage with senior citizens to better understand their needs and concerns.
5285,5285,3235-ETOOB,Male,No,Yes,No,8,Yes,No,Fiber optic,Yes,No,No,No,No,No,Month-to-month,Yes,Electronic check,74.5,609.9,Yes,Yes,0.322653141707398,0.677346858292602,Create and Promote mid to long term contracts,Promote Tech Services,No action needed,Customize communication for customers with no dependents.
5287,5287,8058-INTPH,Female,No,No,No,1,Yes,No,Fiber optic,No,No,No,No,Yes,No,Month-to-month,Yes,Electronic check,79.65,79.65,Yes,Yes,0.0392699323415935,0.9607300676584064,Create and Promote mid to long term contracts,Promote Tech Services,Enhance and Promote Entertainment Services,Customize communication for customers with no dependents.
5298,5298,5569-OUICF,Female,Yes,Yes,No,28,Yes,Yes,Fiber optic,No,No,No,Yes,Yes,Yes,Month-to-month,Yes,Credit card (automatic),101.3,2812.2,Yes,Yes,0.3484158675687481,0.6515841324312519,Create and Promote mid to long term contracts,Promote Tech Services,Enhance and Promote Entertainment Services,Engage with senior citizens to better understand their needs and concerns.
5299,5299,8821-XNHVZ,Female,No,Yes,Yes,1,Yes,No,Fiber optic,No,No,No,No,Yes,No,Month-to-month,Yes,Mailed check,80.05,80.05,Yes,Yes,0.1268419752053644,0.8731580247946356,Create and Promote mid to long term contracts,Promote Tech Services,Enhance and Promote Entertainment Services,No action needed
5300,5300,2082-OJVTK,Male,No,Yes,Yes,29,Yes,Yes,Fiber optic,No,No,Yes,No,No,Yes,Month-to-month,Yes,Electronic check,89.2,2698.35,Yes,Yes,0.4182436095328665,0.5817563904671335,Create and Promote mid to long term contracts,Promote Tech Services,Enhance and Promote Entertainment Services,No action needed
5305,5305,5940-NFXKV,Male,No,Yes,Yes,19,Yes,Yes,Fiber optic,No,No,No,No,No,Yes,Month-to-month,Yes,Electronic check,83.65,1465.75,Yes,Yes,0.2338804902112572,0.7661195097887428,Create and Promote mid to long term contracts,Promote Tech Services,Enhance and Promote Entertainment Services,No action needed
5306,5306,1941-HOSAM,Male,No,Yes,Yes,1,Yes,No,Fiber optic,No,No,No,No,Yes,Yes,Month-to-month,Yes,Electronic check,90.1,90.1,No,Yes,0.3871893023851461,0.6128106976148538,Create and Promote mid to long term contracts,Promote Tech Services,Enhance and Promote Entertainment Services,No action needed
5310,5310,8053-WWDRO,Female,No,Yes,No,6,Yes,No,No,No internet service,No internet service,No internet service,No internet service,No internet service,No internet service,Month-to-month,No,Bank transfer (automatic),19.5,146.3,Yes,Yes,0.3699475740238076,0.6300524259761924,Create and Promote mid to long term contracts,No action needed,No action needed,Customize communication for customers with no dependents.
5311,5311,9564-KCLHR,Male,No,No,No,1,Yes,No,DSL,No,No,No,Yes,No,No,Month-to-month,No,Mailed check,51.25,51.25,Yes,Yes,0.3520841410882938,0.6479158589117062,Create and Promote mid to long term contracts,Promote Tech Services,No action needed,Customize communication for customers with no dependents.
5314,5314,2082-CEFLT,Male,No,No,No,1,Yes,No,DSL,No,No,No,No,No,No,Month-to-month,Yes,Electronic check,45.6,45.6,Yes,Yes,0.1517804728726253,0.8482195271273747,Create and Promote mid to long term contracts,Promote Tech Services,No action needed,Customize communication for customers with no dependents.
5316,5316,1213-NGCUN,Female,No,No,No,6,Yes,No,DSL,No,No,No,Yes,No,No,Month-to-month,Yes,Bank transfer (automatic),49.65,267.35,Yes,Yes,0.3075003745675726,0.6924996254324274,Create and Promote mid to long term contracts,Promote Tech Services,No action needed,Customize communication for customers with no dependents.
5328,5328,2894-QOJRX,Female,No,Yes,No,25,No,No phone service,DSL,No,No,No,No,Yes,No,Month-to-month,Yes,Bank transfer (automatic),34.0,853.0,Yes,Yes,0.2185249861425939,0.781475013857406,Create and Promote mid to long term contracts,Promote Tech Services,Enhance and Promote Entertainment Services,Customize communication for customers with no dependents.
5329,5329,5747-PMBSQ,Male,Yes,Yes,No,10,Yes,No,Fiber optic,No,Yes,Yes,Yes,Yes,No,Month-to-month,Yes,Mailed check,92.5,934.1,Yes,Yes,0.2231362475140704,0.7768637524859295,Create and Promote mid to long term contracts,Promote Tech Services,Enhance and Promote Entertainment Services,Engage with senior citizens to better understand their needs and concerns.
5332,5332,3143-JQEGI,Female,No,Yes,Yes,13,Yes,No,Fiber optic,No,No,No,No,Yes,Yes,Month-to-month,No,Electronic check,88.35,1222.8,Yes,Yes,0.2437329887271829,0.756267011272817,Create and Promote mid to long term contracts,Promote Tech Services,Enhance and Promote Entertainment Services,No action needed
5340,5340,2982-IHMFT,Female,Yes,No,No,1,Yes,Yes,Fiber optic,No,No,No,No,No,No,Month-to-month,Yes,Mailed check,74.45,74.45,Yes,Yes,0.0802259853736698,0.91977401462633,Create and Promote mid to long term contracts,Promote Tech Services,No action needed,Engage with senior citizens to better understand their needs and concerns.
5341,5341,3521-SYVOR,Female,No,No,No,37,Yes,No,DSL,No,No,No,No,Yes,Yes,Month-to-month,Yes,Electronic check,64.75,2345.2,Yes,Yes,0.3919549145180498,0.6080450854819501,Create and Promote mid to long term contracts,Promote Tech Services,Enhance and Promote Entertainment Services,Customize communication for customers with no dependents.
5344,5344,9526-JAWYF,Male,No,No,No,26,Yes,No,Fiber optic,No,Yes,Yes,No,Yes,No,Month-to-month,No,Electronic check,89.8,2335.3,Yes,Yes,0.4385559798788576,0.5614440201211424,Create and Promote mid to long term contracts,Promote Tech Services,Enhance and Promote Entertainment Services,Customize communication for customers with no dependents.
5350,5350,5649-VUKMC,Female,No,No,No,12,Yes,No,Fiber optic,No,No,Yes,No,Yes,Yes,One year,No,Mailed check,95.5,1115.15,Yes,Yes,0.2925718953056494,0.7074281046943506,Create and Promote mid to long term contracts,Promote Tech Services,Enhance and Promote Entertainment Services,Customize communication for customers with no dependents.
5353,5353,4273-MBHYA,Female,No,No,Yes,1,Yes,No,Fiber optic,No,No,No,No,Yes,Yes,Month-to-month,Yes,Electronic check,89.35,89.35,No,Yes,0.3058087084178209,0.6941912915821791,Create and Promote mid to long term contracts,Promote Tech Services,Enhance and Promote Entertainment Services,No action needed
5358,5358,5143-EGQFK,Female,Yes,No,No,10,No,No phone service,DSL,No,No,No,Yes,No,No,Month-to-month,Yes,Electronic check,29.65,291.4,Yes,Yes,0.2417022114484363,0.7582977885515637,Create and Promote mid to long term contracts,Promote Tech Services,No action needed,Engage with senior citizens to better understand their needs and concerns.
5359,5359,4919-IKATY,Male,No,Yes,Yes,5,Yes,Yes,Fiber optic,Yes,No,Yes,No,No,No,Month-to-month,Yes,Electronic check,84.5,453.75,Yes,Yes,0.3601619938440148,0.6398380061559852,Create and Promote mid to long term contracts,Promote Tech Services,No action needed,No action needed
5363,5363,9050-QLROH,Male,No,No,No,18,Yes,Yes,Fiber optic,No,No,Yes,No,No,Yes,Month-to-month,Yes,Credit card (automatic),90.7,1597.25,Yes,Yes,0.3432233136844957,0.6567766863155042,Create and Promote mid to long term contracts,Promote Tech Services,Enhance and Promote Entertainment Services,Customize communication for customers with no dependents.
5367,5367,6168-WFVVF,Female,Yes,No,No,3,Yes,No,Fiber optic,No,No,No,No,No,No,Month-to-month,Yes,Electronic check,70.3,235.5,Yes,Yes,0.2192651596498682,0.7807348403501317,Create and Promote mid to long term contracts,Promote Tech Services,No action needed,Engage with senior citizens to better understand their needs and concerns.
5370,5370,0877-SDMBN,Female,No,No,No,54,Yes,Yes,Fiber optic,Yes,No,Yes,No,Yes,Yes,One year,Yes,Bank transfer (automatic),103.95,5639.05,Yes,Yes,0.3737021349023209,0.626297865097679,Create and Promote mid to long term contracts,Promote Tech Services,Enhance and Promote Entertainment Services,Customize communication for customers with no dependents.
5373,5373,8065-YKXKD,Female,No,No,No,10,Yes,Yes,Fiber optic,No,No,No,No,No,No,Month-to-month,Yes,Electronic check,74.75,799.65,Yes,Yes,0.1573821864921656,0.8426178135078344,Create and Promote mid to long term contracts,Promote Tech Services,No action needed,Customize communication for customers with no dependents.
5374,5374,9637-EIHEQ,Female,No,No,No,1,Yes,No,DSL,No,No,No,Yes,No,No,Month-to-month,Yes,Electronic check,50.8,50.8,Yes,Yes,0.1871960843722045,0.8128039156277954,Create and Promote mid to long term contracts,Promote Tech Services,No action needed,Customize communication for customers with no dependents.
5379,5379,9689-PTNPG,Male,No,No,No,2,Yes,No,Fiber optic,No,No,No,No,Yes,No,Month-to-month,Yes,Electronic check,80.25,144.55,Yes,Yes,0.1703737357758236,0.8296262642241764,Create and Promote mid to long term contracts,Promote Tech Services,Enhance and Promote Entertainment Services,Customize communication for customers with no dependents.
5380,5380,9465-RWMXL,Male,No,Yes,No,32,Yes,Yes,Fiber optic,No,No,Yes,No,No,No,Month-to-month,Yes,Electronic check,78.9,2447.95,Yes,Yes,0.3942847657016471,0.6057152342983528,Create and Promote mid to long term contracts,Promote Tech Services,No action needed,Customize communication for customers with no dependents.
5382,5382,2362-IBOOY,Male,No,No,No,36,Yes,Yes,Fiber optic,No,No,No,No,No,Yes,Month-to-month,Yes,Electronic check,84.75,3050.15,Yes,Yes,0.2142285643462552,0.7857714356537447,Create and Promote mid to long term contracts,Promote Tech Services,Enhance and Promote Entertainment Services,Customize communication for customers with no dependents.
5384,5384,0843-WTBXE,Male,No,No,No,53,Yes,Yes,Fiber optic,No,No,No,No,Yes,No,Month-to-month,No,Bank transfer (automatic),85.45,4517.25,Yes,Yes,0.3235348737387002,0.6764651262612997,Create and Promote mid to long term contracts,Promote Tech Services,Enhance and Promote Entertainment Services,Customize communication for customers with no dependents.
5385,5385,6143-JQKEA,Male,No,No,No,10,Yes,No,DSL,No,No,No,No,No,No,Month-to-month,Yes,Credit card (automatic),45.8,436.2,No,Yes,0.4724612690822207,0.5275387309177793,Create and Promote mid to long term contracts,Promote Tech Services,No action needed,Customize communication for customers with no dependents.
5389,5389,7450-NWRTR,Male,Yes,No,No,12,Yes,Yes,Fiber optic,No,No,Yes,No,Yes,Yes,Month-to-month,Yes,Electronic check,99.45,1200.15,Yes,Yes,0.0952871638031349,0.904712836196865,Create and Promote mid to long term contracts,Promote Tech Services,Enhance and Promote Entertainment Services,Engage with senior citizens to better understand their needs and concerns.
5392,5392,5376-DEQCP,Female,No,No,No,1,Yes,No,Fiber optic,No,No,No,No,No,No,Month-to-month,Yes,Electronic check,70.6,70.6,Yes,Yes,0.075171491670499,0.9248285083295008,Create and Promote mid to long term contracts,Promote Tech Services,No action needed,Customize communication for customers with no dependents.
5394,5394,9095-HFAFX,Female,No,No,No,5,Yes,No,Fiber optic,No,No,No,No,Yes,No,Month-to-month,Yes,Credit card (automatic),81.0,389.6,Yes,Yes,0.0976049483693751,0.9023950516306248,Create and Promote mid to long term contracts,Promote Tech Services,Enhance and Promote Entertainment Services,Customize communication for customers with no dependents.
5396,5396,2379-ENZGV,Male,No,No,No,6,Yes,No,Fiber optic,No,Yes,No,No,Yes,No,Month-to-month,Yes,Electronic check,84.85,523.5,Yes,Yes,0.2084820126242199,0.79151798737578,Create and Promote mid to long term contracts,Promote Tech Services,Enhance and Promote Entertainment Services,Customize communication for customers with no dependents.
5399,5399,4067-HLYQI,Female,No,No,No,33,Yes,No,Fiber optic,No,No,No,No,No,No,Month-to-month,Yes,Bank transfer (automatic),70.4,2406.1,No,Yes,0.3690869387667945,0.6309130612332055,Create and Promote mid to long term contracts,Promote Tech Services,No action needed,Customize communication for customers with no dependents.
5408,5408,6005-OBZPH,Female,Yes,No,No,26,Yes,Yes,Fiber optic,No,Yes,No,No,Yes,No,Month-to-month,Yes,Electronic check,89.15,2277.65,Yes,Yes,0.2030717635180353,0.7969282364819646,Create and Promote mid to long term contracts,Promote Tech Services,Enhance and Promote Entertainment Services,Engage with senior citizens to better understand their needs and concerns.
5410,5410,7932-WPTDS,Female,Yes,Yes,No,1,No,No phone service,DSL,No,No,No,No,No,No,Month-to-month,Yes,Electronic check,24.8,24.8,Yes,Yes,0.0589147554676309,0.9410852445323692,Create and Promote mid to long term contracts,Promote Tech Services,No action needed,Engage with senior citizens to better understand their needs and concerns.
5412,5412,6833-JMZYP,Female,No,No,No,15,Yes,No,Fiber optic,No,No,Yes,No,Yes,Yes,Month-to-month,Yes,Credit card (automatic),94.0,1505.45,No,Yes,0.3162095790094877,0.6837904209905122,Create and Promote mid to long term contracts,Promote Tech Services,Enhance and Promote Entertainment Services,Customize communication for customers with no dependents.
5413,5413,2722-VOJQL,Male,No,No,No,64,Yes,Yes,Fiber optic,No,Yes,No,Yes,Yes,Yes,One year,Yes,Credit card (automatic),105.65,6903.1,Yes,Yes,0.4105621959010233,0.5894378040989767,Create and Promote mid to long term contracts,Promote Tech Services,Enhance and Promote Entertainment Services,Customize communication for customers with no dependents.
5417,5417,8490-BXHEO,Male,Yes,No,No,18,Yes,Yes,Fiber optic,No,Yes,No,No,No,No,Month-to-month,Yes,Credit card (automatic),80.55,1411.65,No,Yes,0.4996490234428424,0.5003509765571575,Create and Promote mid to long term contracts,Promote Tech Services,No action needed,Engage with senior citizens to better understand their needs and concerns.
5422,5422,5228-EXCET,Male,No,No,No,13,Yes,No,Fiber optic,No,No,No,No,No,Yes,Month-to-month,Yes,Electronic check,80.85,1008.7,Yes,Yes,0.2605332282653824,0.7394667717346176,Create and Promote mid to long term contracts,Promote Tech Services,Enhance and Promote Entertainment Services,Customize communication for customers with no dependents.
5427,5427,7394-FKDNK,Female,No,Yes,No,9,Yes,No,Fiber optic,No,No,No,No,Yes,Yes,Month-to-month,No,Electronic check,89.45,853.1,Yes,Yes,0.1508027093855257,0.8491972906144742,Create and Promote mid to long term contracts,Promote Tech Services,Enhance and Promote Entertainment Services,Customize communication for customers with no dependents.
5429,5429,6331-LWDTQ,Male,No,No,No,10,Yes,Yes,DSL,No,No,No,No,Yes,Yes,Month-to-month,Yes,Credit card (automatic),72.15,794.25,Yes,Yes,0.2019411007679226,0.7980588992320774,Create and Promote mid to long term contracts,Promote Tech Services,Enhance and Promote Entertainment Services,Customize communication for customers with no dependents.
5431,5431,1597-FZREH,Female,No,No,No,2,Yes,No,DSL,No,No,Yes,Yes,Yes,Yes,Month-to-month,No,Electronic check,76.4,160.8,Yes,Yes,0.21877073497523,0.78122926502477,Create and Promote mid to long term contracts,Promote Tech Services,Enhance and Promote Entertainment Services,Customize communication for customers with no dependents.
5436,5436,7000-WCEVQ,Female,Yes,No,No,20,Yes,Yes,DSL,No,No,No,No,No,Yes,Month-to-month,Yes,Mailed check,61.6,1174.35,Yes,Yes,0.3798598514564032,0.6201401485435968,Create and Promote mid to long term contracts,Promote Tech Services,Enhance and Promote Entertainment Services,Engage with senior citizens to better understand their needs and concerns.
5437,5437,0727-IWKVK,Male,No,Yes,No,9,Yes,No,Fiber optic,No,Yes,Yes,No,No,No,Month-to-month,Yes,Electronic check,79.9,741.7,Yes,Yes,0.2574323327019855,0.7425676672980145,Create and Promote mid to long term contracts,Promote Tech Services,No action needed,Customize communication for customers with no dependents.
5438,5438,5959-BELXA,Male,Yes,No,No,32,Yes,Yes,Fiber optic,No,No,No,No,Yes,Yes,Month-to-month,Yes,Credit card (automatic),96.15,3019.25,Yes,Yes,0.1188115413155582,0.8811884586844417,Create and Promote mid to long term contracts,Promote Tech Services,Enhance and Promote Entertainment Services,Engage with senior citizens to better understand their needs and concerns.
5445,5445,6141-OOXUQ,Male,No,No,No,1,Yes,No,No,No internet service,No internet service,No internet service,No internet service,No internet service,No internet service,Month-to-month,No,Mailed check,19.65,19.65,Yes,Yes,0.4062720173165531,0.5937279826834468,Create and Promote mid to long term contracts,No action needed,No action needed,Customize communication for customers with no dependents.
5449,5449,7503-ZGUZJ,Male,No,No,No,1,Yes,Yes,Fiber optic,No,No,No,No,Yes,No,Month-to-month,Yes,Mailed check,84.65,84.65,Yes,Yes,0.1113513386865745,0.8886486613134255,Create and Promote mid to long term contracts,Promote Tech Services,Enhance and Promote Entertainment Services,Customize communication for customers with no dependents.
5453,5453,2506-TNFCO,Female,Yes,Yes,No,1,Yes,No,Fiber optic,No,No,No,No,No,No,Month-to-month,Yes,Electronic check,69.55,69.55,Yes,Yes,0.0679839019035742,0.9320160980964256,Create and Promote mid to long term contracts,Promote Tech Services,No action needed,Engage with senior citizens to better understand their needs and concerns.
5455,5455,8718-PTMEZ,Female,No,No,No,13,No,No phone service,DSL,No,Yes,No,No,No,No,Month-to-month,Yes,Electronic check,31.05,347.25,Yes,Yes,0.3210863867992036,0.6789136132007964,Create and Promote mid to long term contracts,Promote Tech Services,No action needed,Customize communication for customers with no dependents.
5462,5462,6142-VSJQO,Female,No,Yes,Yes,1,Yes,No,DSL,No,No,No,No,No,No,Month-to-month,Yes,Bank transfer (automatic),44.35,44.35,Yes,Yes,0.226657194684223,0.7733428053157769,Create and Promote mid to long term contracts,Promote Tech Services,No action needed,No action needed
5467,5467,6437-UKHMV,Female,No,No,No,7,Yes,No,Fiber optic,No,No,No,No,Yes,No,Month-to-month,Yes,Electronic check,79.7,586.05,Yes,Yes,0.0882434191222258,0.911756580877774,Create and Promote mid to long term contracts,Promote Tech Services,Enhance and Promote Entertainment Services,Customize communication for customers with no dependents.
5470,5470,3002-WQZWT,Female,No,No,No,29,Yes,Yes,Fiber optic,No,No,No,No,No,No,Month-to-month,Yes,Electronic check,74.2,1993.25,No,Yes,0.4190032709599307,0.5809967290400693,Create and Promote mid to long term contracts,Promote Tech Services,No action needed,Customize communication for customers with no dependents.
5473,5473,4912-PIGUY,Female,No,No,No,1,Yes,Yes,Fiber optic,No,No,No,No,Yes,No,Month-to-month,Yes,Electronic check,84.6,84.6,No,Yes,0.1330826841044449,0.8669173158955551,Create and Promote mid to long term contracts,Promote Tech Services,Enhance and Promote Entertainment Services,Customize communication for customers with no dependents.
5475,5475,6060-DRTNL,Female,Yes,No,No,5,Yes,No,Fiber optic,No,No,Yes,No,Yes,No,Month-to-month,Yes,Mailed check,84.85,415.55,Yes,Yes,0.3040133448612515,0.6959866551387485,Create and Promote mid to long term contracts,Promote Tech Services,Enhance and Promote Entertainment Services,Engage with senior citizens to better understand their needs and concerns.
5478,5478,8990-ZXLSU,Female,No,No,No,9,Yes,No,Fiber optic,No,No,No,No,No,No,Month-to-month,No,Electronic check,69.05,651.5,No,Yes,0.2931350786121266,0.7068649213878734,Create and Promote mid to long term contracts,Promote Tech Services,No action needed,Customize communication for customers with no dependents.
5479,5479,2275-RBYQS,Female,No,No,No,1,Yes,No,DSL,No,No,No,No,No,No,Month-to-month,Yes,Mailed check,45.4,45.4,No,Yes,0.2897597649552,0.7102402350447999,Create and Promote mid to long term contracts,Promote Tech Services,No action needed,Customize communication for customers with no dependents.
5480,5480,8473-VUVJN,Male,Yes,No,No,1,Yes,Yes,Fiber optic,No,No,No,No,No,No,Month-to-month,Yes,Electronic check,73.65,73.65,Yes,Yes,0.0639579561465686,0.9360420438534314,Create and Promote mid to long term contracts,Promote Tech Services,No action needed,Engage with senior citizens to better understand their needs and concerns.
5482,5482,5536-SLHPM,Female,No,Yes,No,55,Yes,Yes,Fiber optic,No,No,Yes,No,No,No,Month-to-month,Yes,Electronic check,77.75,4458.15,Yes,Yes,0.3801838227818515,0.6198161772181485,Create and Promote mid to long term contracts,Promote Tech Services,No action needed,Customize communication for customers with no dependents.
5492,5492,0196-VULGZ,Female,Yes,Yes,No,6,Yes,Yes,Fiber optic,No,No,No,No,No,Yes,Month-to-month,Yes,Electronic check,84.35,474.9,Yes,Yes,0.1416833879534256,0.8583166120465744,Create and Promote mid to long term contracts,Promote Tech Services,Enhance and Promote Entertainment Services,Engage with senior citizens to better understand their needs and concerns.
5493,5493,8837-VVWLQ,Female,No,No,No,8,Yes,No,Fiber optic,Yes,No,No,No,Yes,No,Month-to-month,No,Electronic check,84.95,668.4,Yes,Yes,0.1768254967365933,0.8231745032634067,Create and Promote mid to long term contracts,Promote Tech Services,Enhance and Promote Entertainment Services,Customize communication for customers with no dependents.
5494,5494,2696-NARTR,Male,No,No,No,11,Yes,No,Fiber optic,No,No,No,Yes,No,No,Month-to-month,Yes,Electronic check,73.85,926.25,Yes,Yes,0.4034578135723852,0.5965421864276148,Create and Promote mid to long term contracts,Promote Tech Services,No action needed,Customize communication for customers with no dependents.
5496,5496,7614-QVWQL,Male,No,Yes,Yes,49,No,No phone service,DSL,No,Yes,No,No,Yes,Yes,One year,Yes,Bank transfer (automatic),51.8,2541.25,Yes,Yes,0.4651920806545675,0.5348079193454325,Create and Promote mid to long term contracts,Promote Tech Services,Enhance and Promote Entertainment Services,No action needed
5497,5497,1976-CFOCS,Female,Yes,Yes,No,1,Yes,No,DSL,No,No,No,No,No,No,Month-to-month,No,Electronic check,46.0,46.0,Yes,Yes,0.1858393089764516,0.8141606910235484,Create and Promote mid to long term contracts,Promote Tech Services,No action needed,Engage with senior citizens to better understand their needs and concerns.
5498,5498,4631-OACRM,Male,Yes,No,No,15,Yes,No,Fiber optic,No,No,No,No,No,Yes,Month-to-month,Yes,Electronic check,79.4,1156.1,Yes,Yes,0.2868862930013303,0.7131137069986697,Create and Promote mid to long term contracts,Promote Tech Services,Enhance and Promote Entertainment Services,Engage with senior citizens to better understand their needs and concerns.
5501,5501,3755-JBMNH,Male,Yes,Yes,No,16,Yes,No,Fiber optic,No,No,No,No,No,No,Month-to-month,Yes,Bank transfer (automatic),71.8,1167.8,Yes,Yes,0.2306611653295026,0.7693388346704974,Create and Promote mid to long term contracts,Promote Tech Services,No action needed,Engage with senior citizens to better understand their needs and concerns.
5505,5505,8048-DSDFQ,Male,No,No,No,1,Yes,No,No,No internet service,No internet service,No internet service,No internet service,No internet service,No internet service,Month-to-month,No,Mailed check,20.2,20.2,No,Yes,0.3984598019100919,0.6015401980899081,Create and Promote mid to long term contracts,No action needed,No action needed,Customize communication for customers with no dependents.
5508,5508,1809-DMJHQ,Female,No,No,Yes,5,Yes,No,DSL,No,No,No,No,No,No,Month-to-month,No,Mailed check,46.0,221.7,Yes,Yes,0.3390377904639301,0.6609622095360699,Create and Promote mid to long term contracts,Promote Tech Services,No action needed,No action needed
5515,5515,6923-EFPNL,Male,No,No,No,4,Yes,Yes,DSL,No,No,No,No,No,No,Month-to-month,No,Credit card (automatic),51.75,201.1,Yes,Yes,0.2083579178969714,0.7916420821030286,Create and Promote mid to long term contracts,Promote Tech Services,No action needed,Customize communication for customers with no dependents.
5517,5517,9574-RKJIF,Male,No,Yes,Yes,30,Yes,Yes,Fiber optic,Yes,Yes,No,No,Yes,No,Month-to-month,Yes,Electronic check,94.4,2838.7,Yes,Yes,0.4517420610651904,0.5482579389348096,Create and Promote mid to long term contracts,Promote Tech Services,Enhance and Promote Entertainment Services,No action needed
5521,5521,2619-WFQWU,Female,No,No,No,1,Yes,No,Fiber optic,No,No,No,No,No,No,Month-to-month,Yes,Mailed check,70.15,70.15,Yes,Yes,0.1161648379828121,0.8838351620171878,Create and Promote mid to long term contracts,Promote Tech Services,No action needed,Customize communication for customers with no dependents.
5532,5532,9279-CJEOJ,Female,Yes,No,No,21,Yes,Yes,Fiber optic,No,No,No,No,Yes,Yes,Month-to-month,Yes,Bank transfer (automatic),95.4,2025.1,No,Yes,0.3589820632325329,0.6410179367674671,Create and Promote mid to long term contracts,Promote Tech Services,Enhance and Promote Entertainment Services,Engage with senior citizens to better understand their needs and concerns.
5535,5535,0778-NELLA,Male,No,No,No,9,No,No phone service,DSL,No,No,No,No,Yes,No,Month-to-month,Yes,Credit card (automatic),34.7,296.1,Yes,Yes,0.1606952213701642,0.8393047786298358,Create and Promote mid to long term contracts,Promote Tech Services,Enhance and Promote Entertainment Services,Customize communication for customers with no dependents.
5537,5537,4614-NUVZD,Female,No,No,No,1,Yes,No,Fiber optic,No,No,No,No,No,Yes,Month-to-month,Yes,Electronic check,81.1,81.1,Yes,Yes,0.0497223568557939,0.950277643144206,Create and Promote mid to long term contracts,Promote Tech Services,Enhance and Promote Entertainment Services,Customize communication for customers with no dependents.
5539,5539,3803-KMQFW,Female,No,Yes,Yes,1,Yes,No,No,No internet service,No internet service,No internet service,No internet service,No internet service,No internet service,Month-to-month,No,Mailed check,20.55,20.55,Yes,Yes,0.4158069507519953,0.5841930492480046,Create and Promote mid to long term contracts,No action needed,No action needed,No action needed
5540,5540,6804-GDMOI,Female,No,No,No,61,Yes,Yes,Fiber optic,No,No,Yes,Yes,Yes,Yes,Two year,Yes,Electronic check,106.6,6428.4,Yes,Yes,0.3839298076833297,0.6160701923166703,No action needed,Promote Tech Services,Enhance and Promote Entertainment Services,Customize communication for customers with no dependents.
5543,5543,9572-MTILT,Male,No,Yes,No,59,Yes,Yes,Fiber optic,Yes,Yes,Yes,Yes,Yes,No,Month-to-month,Yes,Electronic check,106.75,6252.9,Yes,Yes,0.4907905667698636,0.5092094332301363,Create and Promote mid to long term contracts,No action needed,Enhance and Promote Entertainment Services,Customize communication for customers with no dependents.
5546,5546,9611-CTWIH,Female,No,No,No,3,Yes,No,Fiber optic,No,No,No,No,Yes,Yes,Month-to-month,Yes,Electronic check,89.45,240.45,Yes,Yes,0.0829346538119918,0.9170653461880082,Create and Promote mid to long term contracts,Promote Tech Services,Enhance and Promote Entertainment Services,Customize communication for customers with no dependents.
5548,5548,0329-GTIAJ,Female,No,No,No,3,Yes,No,Fiber optic,No,Yes,No,Yes,Yes,Yes,Month-to-month,Yes,Electronic check,97.9,315.3,Yes,Yes,0.1177367242931254,0.8822632757068746,Create and Promote mid to long term contracts,Promote Tech Services,Enhance and Promote Entertainment Services,Customize communication for customers with no dependents.
5552,5552,6629-CZTTH,Male,No,No,No,1,Yes,No,DSL,No,No,No,No,No,Yes,Month-to-month,Yes,Mailed check,55.7,55.7,Yes,Yes,0.3979118323117812,0.6020881676882188,Create and Promote mid to long term contracts,Promote Tech Services,Enhance and Promote Entertainment Services,Customize communication for customers with no dependents.
5555,5555,5364-EVNIB,Male,No,No,No,13,Yes,No,Fiber optic,No,Yes,Yes,No,No,No,Month-to-month,Yes,Electronic check,79.8,973.45,Yes,Yes,0.312965511526917,0.687034488473083,Create and Promote mid to long term contracts,Promote Tech Services,No action needed,Customize communication for customers with no dependents.
5556,5556,6918-UMQCG,Female,No,No,No,5,Yes,No,Fiber optic,No,No,No,No,Yes,No,Month-to-month,No,Electronic check,80.2,384.25,No,Yes,0.1620468500278473,0.8379531499721526,Create and Promote mid to long term contracts,Promote Tech Services,Enhance and Promote Entertainment Services,Customize communication for customers with no dependents.
5560,5560,5088-QZLRL,Male,No,No,No,1,Yes,No,No,No internet service,No internet service,No internet service,No internet service,No internet service,No internet service,Month-to-month,No,Electronic check,20.65,20.65,No,Yes,0.4144417712442083,0.5855582287557917,Create and Promote mid to long term contracts,No action needed,No action needed,Customize communication for customers with no dependents.
5564,5564,5087-SUURX,Female,No,Yes,No,18,No,No phone service,DSL,No,No,Yes,No,Yes,No,Month-to-month,Yes,Electronic check,39.05,669.85,Yes,Yes,0.2023867973651848,0.7976132026348152,Create and Promote mid to long term contracts,Promote Tech Services,Enhance and Promote Entertainment Services,Customize communication for customers with no dependents.
5568,5568,0013-EXCHZ,Female,Yes,Yes,No,3,Yes,No,Fiber optic,No,No,No,Yes,Yes,No,Month-to-month,Yes,Mailed check,83.9,267.4,Yes,Yes,0.1369697988945016,0.8630302011054983,Create and Promote mid to long term contracts,Promote Tech Services,Enhance and Promote Entertainment Services,Engage with senior citizens to better understand their needs and concerns.
5572,5572,5550-VFRLC,Female,Yes,No,No,1,Yes,No,Fiber optic,No,No,No,No,No,No,Month-to-month,Yes,Electronic check,69.85,69.85,Yes,Yes,0.0723023539719502,0.9276976460280496,Create and Promote mid to long term contracts,Promote Tech Services,No action needed,Engage with senior citizens to better understand their needs and concerns.
5575,5575,4929-BSTRX,Female,No,No,No,1,Yes,No,DSL,No,No,No,No,Yes,No,Month-to-month,Yes,Mailed check,53.55,53.55,Yes,Yes,0.1140361657396317,0.8859638342603683,Create and Promote mid to long term contracts,Promote Tech Services,Enhance and Promote Entertainment Services,Customize communication for customers with no dependents.
5582,5582,2657-ALMWY,Female,Yes,Yes,No,26,Yes,No,Fiber optic,No,Yes,No,No,No,Yes,Month-to-month,No,Electronic check,84.95,2169.75,Yes,Yes,0.4302000526324023,0.5697999473675976,Create and Promote mid to long term contracts,Promote Tech Services,Enhance and Promote Entertainment Services,Engage with senior citizens to better understand their needs and concerns.
5583,5583,6330-JKLPC,Male,No,Yes,No,11,Yes,Yes,Fiber optic,No,Yes,No,No,No,No,Month-to-month,Yes,Bank transfer (automatic),80.5,896.9,Yes,Yes,0.2651244049499159,0.734875595050084,Create and Promote mid to long term contracts,Promote Tech Services,No action needed,Customize communication for customers with no dependents.
5584,5584,4667-OHGKG,Male,No,No,No,1,Yes,No,No,No internet service,No internet service,No internet service,No internet service,No internet service,No internet service,Month-to-month,Yes,Mailed check,19.3,19.3,Yes,Yes,0.3795278843502208,0.6204721156497792,Create and Promote mid to long term contracts,No action needed,No action needed,Customize communication for customers with no dependents.
5587,5587,1660-HSOOQ,Male,No,No,No,1,Yes,No,DSL,No,No,Yes,No,No,No,Month-to-month,Yes,Mailed check,49.65,49.65,Yes,Yes,0.1653103565852071,0.8346896434147929,Create and Promote mid to long term contracts,Promote Tech Services,No action needed,Customize communication for customers with no dependents.
5590,5590,7228-OMTPN,Male,No,No,No,4,Yes,No,Fiber optic,No,No,No,No,Yes,Yes,Month-to-month,Yes,Electronic check,88.45,370.65,Yes,Yes,0.1423380570396716,0.8576619429603284,Create and Promote mid to long term contracts,Promote Tech Services,Enhance and Promote Entertainment Services,Customize communication for customers with no dependents.
5596,5596,6284-AHOOQ,Male,Yes,No,No,22,Yes,Yes,Fiber optic,No,No,No,Yes,Yes,No,Month-to-month,Yes,Bank transfer (automatic),90.5,1910.6,Yes,Yes,0.4493701960025877,0.5506298039974122,Create and Promote mid to long term contracts,Promote Tech Services,Enhance and Promote Entertainment Services,Engage with senior citizens to better understand their needs and concerns.
5598,5598,2344-JMOGN,Male,No,Yes,No,9,Yes,No,Fiber optic,No,Yes,Yes,Yes,Yes,No,Month-to-month,Yes,Mailed check,94.85,890.6,Yes,Yes,0.3378335033447991,0.6621664966552009,Create and Promote mid to long term contracts,Promote Tech Services,Enhance and Promote Entertainment Services,Customize communication for customers with no dependents.
5599,5599,3799-ISUZQ,Male,No,Yes,Yes,7,Yes,No,Fiber optic,No,No,No,No,No,No,Month-to-month,Yes,Bank transfer (automatic),69.95,529.5,Yes,Yes,0.3913984218415167,0.6086015781584833,Create and Promote mid to long term contracts,Promote Tech Services,No action needed,No action needed
5602,5602,1794-HBQTJ,Female,No,No,No,1,Yes,No,DSL,Yes,No,No,No,No,No,Month-to-month,Yes,Credit card (automatic),48.6,48.6,Yes,Yes,0.2738394526038153,0.7261605473961846,Create and Promote mid to long term contracts,Promote Tech Services,No action needed,Customize communication for customers with no dependents.
5603,5603,9432-VOFYX,Male,No,No,No,17,Yes,No,Fiber optic,No,No,No,No,No,No,Month-to-month,Yes,Electronic check,70.8,1207.0,No,Yes,0.4110906330892687,0.5889093669107313,Create and Promote mid to long term contracts,Promote Tech Services,No action needed,Customize communication for customers with no dependents.
5606,5606,2460-FPSYH,Female,Yes,No,No,40,No,No phone service,DSL,Yes,Yes,No,No,Yes,Yes,Month-to-month,Yes,Electronic check,55.8,2109.35,Yes,Yes,0.3323938296249538,0.6676061703750462,Create and Promote mid to long term contracts,Promote Tech Services,Enhance and Promote Entertainment Services,Engage with senior citizens to better understand their needs and concerns.
5608,5608,4818-DRBQT,Male,No,Yes,No,29,Yes,Yes,Fiber optic,No,Yes,No,No,No,No,Month-to-month,Yes,Bank transfer (automatic),80.15,2265.25,Yes,Yes,0.4557347277427044,0.5442652722572956,Create and Promote mid to long term contracts,Promote Tech Services,No action needed,Customize communication for customers with no dependents.
5609,5609,1320-HTRDR,Female,No,No,No,3,Yes,Yes,Fiber optic,No,No,No,No,No,No,Month-to-month,Yes,Electronic check,75.5,220.6,Yes,Yes,0.1212121728448216,0.8787878271551783,Create and Promote mid to long term contracts,Promote Tech Services,No action needed,Customize communication for customers with no dependents.
5614,5614,1493-AMTIE,Male,No,No,No,1,Yes,No,No,No internet service,No internet service,No internet service,No internet service,No internet service,No internet service,Month-to-month,Yes,Bank transfer (automatic),20.2,20.2,Yes,Yes,0.4651109850907924,0.5348890149092076,Create and Promote mid to long term contracts,No action needed,No action needed,Customize communication for customers with no dependents.
5620,5620,6424-ELEYH,Female,No,Yes,No,3,Yes,Yes,Fiber optic,No,No,No,No,No,No,Month-to-month,Yes,Credit card (automatic),74.75,229.5,Yes,Yes,0.1093768690446226,0.8906231309553774,Create and Promote mid to long term contracts,Promote Tech Services,No action needed,Customize communication for customers with no dependents.
5621,5621,4391-RESHN,Male,No,No,No,23,Yes,Yes,Fiber optic,No,No,Yes,Yes,Yes,Yes,Month-to-month,Yes,Mailed check,104.05,2470.1,Yes,Yes,0.3222283024191186,0.6777716975808814,Create and Promote mid to long term contracts,Promote Tech Services,Enhance and Promote Entertainment Services,Customize communication for customers with no dependents.
5626,5626,9334-GWGOW,Male,Yes,Yes,No,7,Yes,Yes,Fiber optic,No,No,No,No,No,No,Month-to-month,Yes,Electronic check,74.85,485.25,No,Yes,0.4315756958354704,0.5684243041645296,Create and Promote mid to long term contracts,Promote Tech Services,No action needed,Engage with senior citizens to better understand their needs and concerns.
5627,5627,6821-BUXUX,Female,No,No,No,13,Yes,Yes,Fiber optic,Yes,Yes,No,No,Yes,No,Month-to-month,Yes,Electronic check,96.65,1244.5,Yes,Yes,0.1373774682105824,0.8626225317894176,Create and Promote mid to long term contracts,Promote Tech Services,Enhance and Promote Entertainment Services,Customize communication for customers with no dependents.
5628,5628,5028-HTLJB,Male,Yes,No,No,1,Yes,No,No,No internet service,No internet service,No internet service,No internet service,No internet service,No internet service,Month-to-month,No,Mailed check,20.05,20.05,Yes,Yes,0.3282447389399947,0.6717552610600053,Create and Promote mid to long term contracts,No action needed,No action needed,Engage with senior citizens to better understand their needs and concerns.
5629,5629,9801-GDWGV,Female,No,No,No,39,Yes,Yes,Fiber optic,No,Yes,Yes,No,Yes,Yes,Month-to-month,Yes,Electronic check,103.45,3994.45,Yes,Yes,0.2482858840598868,0.7517141159401132,Create and Promote mid to long term contracts,Promote Tech Services,Enhance and Promote Entertainment Services,Customize communication for customers with no dependents.
5633,5633,2320-JRSDE,Female,No,Yes,Yes,1,Yes,No,No,No internet service,No internet service,No internet service,No internet service,No internet service,No internet service,Month-to-month,Yes,Electronic check,19.9,19.9,Yes,Yes,0.360675669927858,0.639324330072142,Create and Promote mid to long term contracts,No action needed,No action needed,No action needed
5635,5635,0601-WZHJF,Male,No,Yes,No,14,No,No phone service,DSL,No,No,No,No,Yes,Yes,Month-to-month,No,Electronic check,46.35,667.7,Yes,Yes,0.2193781898612418,0.7806218101387582,Create and Promote mid to long term contracts,Promote Tech Services,Enhance and Promote Entertainment Services,Customize communication for customers with no dependents.
5637,5637,5143-WMWOG,Male,No,No,No,1,Yes,No,No,No internet service,No internet service,No internet service,No internet service,No internet service,No internet service,Month-to-month,No,Electronic check,19.95,19.95,Yes,Yes,0.2333224328756373,0.7666775671243626,Create and Promote mid to long term contracts,No action needed,No action needed,Customize communication for customers with no dependents.
5639,5639,5393-RXQSZ,Male,No,No,No,1,Yes,No,Fiber optic,No,No,No,No,No,Yes,Month-to-month,No,Electronic check,79.6,79.6,Yes,Yes,0.0485879264165972,0.9514120735834029,Create and Promote mid to long term contracts,Promote Tech Services,Enhance and Promote Entertainment Services,Customize communication for customers with no dependents.
5642,5642,0231-LXVAP,Male,No,No,No,1,Yes,No,Fiber optic,No,No,No,Yes,No,No,Month-to-month,Yes,Electronic check,75.9,75.9,Yes,Yes,0.2805222558616301,0.7194777441383698,Create and Promote mid to long term contracts,Promote Tech Services,No action needed,Customize communication for customers with no dependents.
5643,5643,9444-JTXHZ,Male,No,Yes,No,1,Yes,No,Fiber optic,No,No,Yes,No,No,No,Month-to-month,No,Electronic check,76.2,76.2,Yes,Yes,0.1184802556128906,0.8815197443871093,Create and Promote mid to long term contracts,Promote Tech Services,No action needed,Customize communication for customers with no dependents.
5650,5650,4471-KXAUH,Female,No,Yes,No,42,Yes,Yes,Fiber optic,No,No,Yes,Yes,No,No,Month-to-month,Yes,Electronic check,84.3,3588.4,Yes,Yes,0.4297131177526145,0.5702868822473854,Create and Promote mid to long term contracts,Promote Tech Services,No action needed,Customize communication for customers with no dependents.
5652,5652,7638-QVMVY,Female,No,No,No,7,Yes,No,Fiber optic,No,No,No,No,Yes,No,Month-to-month,Yes,Electronic check,79.0,522.95,Yes,Yes,0.0897621984144433,0.9102378015855568,Create and Promote mid to long term contracts,Promote Tech Services,Enhance and Promote Entertainment Services,Customize communication for customers with no dependents.
5656,5656,3096-GKWEB,Male,No,Yes,No,18,Yes,Yes,Fiber optic,No,No,No,No,Yes,Yes,Month-to-month,Yes,Electronic check,94.75,1691.9,No,Yes,0.3936918785790181,0.6063081214209819,Create and Promote mid to long term contracts,Promote Tech Services,Enhance and Promote Entertainment Services,Customize communication for customers with no dependents.
5657,5657,2371-JQHZZ,Male,No,Yes,No,24,Yes,Yes,Fiber optic,No,No,No,No,Yes,Yes,Month-to-month,Yes,Electronic check,93.0,2248.05,No,Yes,0.3701337684685711,0.6298662315314288,Create and Promote mid to long term contracts,Promote Tech Services,Enhance and Promote Entertainment Services,Customize communication for customers with no dependents.
5661,5661,3244-DCJWY,Female,No,No,No,1,Yes,No,Fiber optic,No,No,No,No,No,No,Month-to-month,Yes,Electronic check,70.25,70.25,Yes,Yes,0.1112843242598966,0.8887156757401034,Create and Promote mid to long term contracts,Promote Tech Services,No action needed,Customize communication for customers with no dependents.
5663,5663,0875-CABNR,Female,Yes,No,No,10,Yes,No,Fiber optic,No,No,Yes,No,No,Yes,Month-to-month,Yes,Credit card (automatic),84.6,865.55,Yes,Yes,0.2488513473994559,0.7511486526005441,Create and Promote mid to long term contracts,Promote Tech Services,Enhance and Promote Entertainment Services,Engage with senior citizens to better understand their needs and concerns.
5677,5677,4797-AXPXK,Female,No,No,Yes,1,Yes,No,DSL,Yes,Yes,No,Yes,No,No,Month-to-month,Yes,Electronic check,60.0,60.0,Yes,Yes,0.3008430041561797,0.6991569958438203,Create and Promote mid to long term contracts,Promote Tech Services,No action needed,No action needed
5678,5678,5229-PRWKT,Male,No,No,No,8,Yes,Yes,Fiber optic,No,No,No,No,No,Yes,Month-to-month,Yes,Electronic check,86.55,649.65,Yes,Yes,0.1395398858678388,0.8604601141321612,Create and Promote mid to long term contracts,Promote Tech Services,Enhance and Promote Entertainment Services,Customize communication for customers with no dependents.
5679,5679,6982-UQZLY,Female,Yes,Yes,No,1,Yes,No,No,No internet service,No internet service,No internet service,No internet service,No internet service,No internet service,Month-to-month,Yes,Mailed check,20.85,20.85,Yes,Yes,0.2826122709208423,0.7173877290791577,Create and Promote mid to long term contracts,No action needed,No action needed,Engage with senior citizens to better understand their needs and concerns.
5681,5681,3841-CONLJ,Female,No,Yes,No,1,No,No phone service,DSL,No,No,No,No,No,Yes,Month-to-month,No,Electronic check,35.0,35.0,No,Yes,0.1871756599443753,0.8128243400556247,Create and Promote mid to long term contracts,Promote Tech Services,Enhance and Promote Entertainment Services,Customize communication for customers with no dependents.
5682,5682,5057-LCOUI,Female,No,No,No,39,No,No phone service,DSL,No,No,Yes,No,Yes,Yes,Month-to-month,Yes,Electronic check,50.75,2011.4,Yes,Yes,0.4718142479240758,0.5281857520759242,Create and Promote mid to long term contracts,Promote Tech Services,Enhance and Promote Entertainment Services,Customize communication for customers with no dependents.
5683,5683,0193-ESZXP,Female,Yes,Yes,No,58,Yes,No,Fiber optic,Yes,Yes,No,Yes,Yes,Yes,One year,Yes,Credit card (automatic),105.5,6205.5,Yes,Yes,0.4830500647975608,0.5169499352024391,Create and Promote mid to long term contracts,Promote Tech Services,Enhance and Promote Entertainment Services,Engage with senior citizens to better understand their needs and concerns.
5685,5685,4369-HTUIF,Male,Yes,No,No,6,Yes,No,Fiber optic,Yes,No,No,No,Yes,No,Month-to-month,Yes,Bank transfer (automatic),85.15,503.6,Yes,Yes,0.2436007759280116,0.7563992240719883,Create and Promote mid to long term contracts,Promote Tech Services,Enhance and Promote Entertainment Services,Engage with senior citizens to better understand their needs and concerns.
5688,5688,5399-ZIMKF,Male,No,No,No,5,Yes,No,Fiber optic,No,Yes,No,No,No,No,Month-to-month,Yes,Electronic check,74.65,383.65,No,Yes,0.3479734773259519,0.652026522674048,Create and Promote mid to long term contracts,Promote Tech Services,No action needed,Customize communication for customers with no dependents.
5696,5696,1984-FCOWB,Female,No,Yes,No,70,Yes,Yes,Fiber optic,No,Yes,Yes,Yes,Yes,Yes,One year,Yes,Electronic check,109.5,7674.55,Yes,Yes,0.2822506122496696,0.7177493877503304,Create and Promote mid to long term contracts,Promote Tech Services,Enhance and Promote Entertainment Services,Customize communication for customers with no dependents.
5697,5697,0654-HMSHN,Male,No,Yes,Yes,21,Yes,Yes,Fiber optic,No,Yes,Yes,No,Yes,Yes,Month-to-month,No,Electronic check,104.4,2157.95,Yes,Yes,0.2891715155922021,0.7108284844077979,Create and Promote mid to long term contracts,Promote Tech Services,Enhance and Promote Entertainment Services,No action needed
5703,5703,0168-XZKBB,Female,No,Yes,No,19,Yes,Yes,Fiber optic,No,No,No,No,Yes,No,Month-to-month,Yes,Electronic check,86.85,1564.4,No,Yes,0.410212571836661,0.589787428163339,Create and Promote mid to long term contracts,Promote Tech Services,Enhance and Promote Entertainment Services,Customize communication for customers with no dependents.
5704,5704,3785-NRHYR,Male,No,No,No,1,Yes,No,No,No internet service,No internet service,No internet service,No internet service,No internet service,No internet service,Month-to-month,No,Mailed check,19.65,19.65,No,Yes,0.4062720173165531,0.5937279826834468,Create and Promote mid to long term contracts,No action needed,No action needed,Customize communication for customers with no dependents.
5705,5705,5196-SGOAK,Female,No,No,No,1,Yes,No,Fiber optic,No,Yes,No,No,No,No,Month-to-month,Yes,Electronic check,75.7,75.7,Yes,Yes,0.0620160681339565,0.9379839318660436,Create and Promote mid to long term contracts,Promote Tech Services,No action needed,Customize communication for customers with no dependents.
5706,5706,4537-DKTAL,Female,No,No,No,2,Yes,No,DSL,No,No,No,No,No,No,Month-to-month,No,Electronic check,45.55,84.4,No,Yes,0.2413639769197715,0.7586360230802285,Create and Promote mid to long term contracts,Promote Tech Services,No action needed,Customize communication for customers with no dependents.
5710,5710,1891-UAWWU,Female,Yes,Yes,No,20,Yes,Yes,Fiber optic,No,No,Yes,No,Yes,No,Month-to-month,No,Electronic check,90.8,1951.0,Yes,Yes,0.3631625398491008,0.6368374601508991,Create and Promote mid to long term contracts,Promote Tech Services,Enhance and Promote Entertainment Services,Engage with senior citizens to better understand their needs and concerns.
5713,5713,6108-OQZDQ,Female,No,Yes,Yes,4,Yes,Yes,Fiber optic,No,Yes,No,No,Yes,Yes,Month-to-month,Yes,Electronic check,97.95,384.5,Yes,Yes,0.1172039186613446,0.8827960813386554,Create and Promote mid to long term contracts,Promote Tech Services,Enhance and Promote Entertainment Services,No action needed
5714,5714,0363-QJVFX,Male,No,No,No,32,Yes,Yes,Fiber optic,Yes,Yes,No,Yes,Yes,Yes,Month-to-month,Yes,Credit card (automatic),108.15,3432.9,Yes,Yes,0.4821525418359041,0.5178474581640958,Create and Promote mid to long term contracts,Promote Tech Services,Enhance and Promote Entertainment Services,Customize communication for customers with no dependents.
5717,5717,9840-DVNDC,Male,No,No,No,6,Yes,No,Fiber optic,No,No,No,No,Yes,No,Month-to-month,Yes,Credit card (automatic),80.5,463.05,Yes,Yes,0.1831139818103448,0.8168860181896551,Create and Promote mid to long term contracts,Promote Tech Services,Enhance and Promote Entertainment Services,Customize communication for customers with no dependents.
5721,5721,3096-JRDSO,Female,Yes,Yes,No,27,Yes,Yes,Fiber optic,Yes,No,No,Yes,Yes,Yes,Month-to-month,Yes,Bank transfer (automatic),104.3,2867.75,Yes,Yes,0.2950409716943233,0.7049590283056767,Create and Promote mid to long term contracts,Promote Tech Services,Enhance and Promote Entertainment Services,Engage with senior citizens to better understand their needs and concerns.
5723,5723,8042-JVNFH,Male,No,No,No,1,Yes,No,Fiber optic,No,No,No,No,No,No,Month-to-month,Yes,Mailed check,71.35,71.35,Yes,Yes,0.1522005268997125,0.8477994731002875,Create and Promote mid to long term contracts,Promote Tech Services,No action needed,Customize communication for customers with no dependents.
5727,5727,3374-LXDEV,Female,No,No,No,13,Yes,Yes,Fiber optic,No,Yes,Yes,Yes,No,No,Month-to-month,No,Electronic check,89.4,1132.35,Yes,Yes,0.2591492642486889,0.7408507357513111,Create and Promote mid to long term contracts,Promote Tech Services,No action needed,Customize communication for customers with no dependents.
5735,5735,8749-CLJXC,Male,No,No,No,1,Yes,No,No,No internet service,No internet service,No internet service,No internet service,No internet service,No internet service,Month-to-month,No,Mailed check,20.05,20.05,No,Yes,0.4804073970432299,0.5195926029567701,Create and Promote mid to long term contracts,No action needed,No action needed,Customize communication for customers with no dependents.
5740,5740,5883-GTGVD,Male,No,No,No,19,Yes,Yes,Fiber optic,No,Yes,No,No,Yes,Yes,Month-to-month,Yes,Electronic check,99.95,1931.75,Yes,Yes,0.3005083589140054,0.6994916410859946,Create and Promote mid to long term contracts,Promote Tech Services,Enhance and Promote Entertainment Services,Customize communication for customers with no dependents.
5745,5745,4817-QRJSX,Female,No,No,No,10,Yes,Yes,Fiber optic,No,Yes,No,No,No,No,Month-to-month,Yes,Credit card (automatic),81.0,818.05,Yes,Yes,0.1209365581893933,0.8790634418106067,Create and Promote mid to long term contracts,Promote Tech Services,No action needed,Customize communication for customers with no dependents.
5747,5747,4686-UXDML,Female,No,No,No,21,Yes,Yes,Fiber optic,No,Yes,No,No,Yes,Yes,Month-to-month,Yes,Credit card (automatic),99.85,1992.55,No,Yes,0.3740953755932347,0.6259046244067653,Create and Promote mid to long term contracts,Promote Tech Services,Enhance and Promote Entertainment Services,Customize communication for customers with no dependents.
5749,5749,2398-YPMUR,Female,Yes,Yes,No,13,Yes,No,Fiber optic,No,No,No,No,No,No,Month-to-month,Yes,Electronic check,70.15,916.75,Yes,Yes,0.3818820082598005,0.6181179917401994,Create and Promote mid to long term contracts,Promote Tech Services,No action needed,Engage with senior citizens to better understand their needs and concerns.
5758,5758,9985-MWVIX,Female,No,No,No,1,Yes,No,Fiber optic,No,No,No,No,No,No,Month-to-month,Yes,Mailed check,70.15,70.15,Yes,Yes,0.1161648379828121,0.8838351620171878,Create and Promote mid to long term contracts,Promote Tech Services,No action needed,Customize communication for customers with no dependents.
5762,5762,9633-XQABV,Female,No,No,No,3,Yes,No,Fiber optic,No,No,No,No,No,No,Month-to-month,Yes,Electronic check,70.25,229.7,No,Yes,0.2063424700257701,0.7936575299742299,Create and Promote mid to long term contracts,Promote Tech Services,No action needed,Customize communication for customers with no dependents.
5764,5764,1265-XTECC,Female,Yes,Yes,No,68,Yes,Yes,Fiber optic,Yes,Yes,No,No,No,Yes,One year,Yes,Credit card (automatic),96.55,6581.9,Yes,Yes,0.4991467832850674,0.5008532167149325,Create and Promote mid to long term contracts,Promote Tech Services,Enhance and Promote Entertainment Services,Engage with senior citizens to better understand their needs and concerns.
5778,5778,2237-ZFSMY,Female,No,No,No,39,Yes,No,Fiber optic,Yes,No,Yes,Yes,Yes,No,One year,Yes,Electronic check,95.55,3692.85,Yes,Yes,0.4906513078484417,0.5093486921515583,Create and Promote mid to long term contracts,Promote Tech Services,Enhance and Promote Entertainment Services,Customize communication for customers with no dependents.
5781,5781,4871-JTKJF,Female,Yes,No,No,1,Yes,No,Fiber optic,No,No,No,No,No,No,Month-to-month,Yes,Electronic check,69.65,69.65,Yes,Yes,0.0547520942207879,0.945247905779212,Create and Promote mid to long term contracts,Promote Tech Services,No action needed,Engage with senior citizens to better understand their needs and concerns.
5782,5782,1415-YFWLT,Female,Yes,No,No,1,Yes,No,Fiber optic,No,No,No,No,Yes,Yes,Month-to-month,Yes,Electronic check,89.3,89.3,Yes,Yes,0.105245810095729,0.8947541899042709,Create and Promote mid to long term contracts,Promote Tech Services,Enhance and Promote Entertainment Services,Engage with senior citizens to better understand their needs and concerns.
5786,5786,6711-VTNRE,Female,No,No,No,36,Yes,No,Fiber optic,No,No,Yes,Yes,No,Yes,Month-to-month,Yes,Electronic check,87.55,3078.1,Yes,Yes,0.4784343452333854,0.5215656547666145,Create and Promote mid to long term contracts,Promote Tech Services,Enhance and Promote Entertainment Services,Customize communication for customers with no dependents.
5787,5787,4815-GBTCD,Female,No,Yes,No,4,No,No phone service,DSL,No,No,No,No,No,No,Month-to-month,Yes,Electronic check,25.15,99.95,No,Yes,0.3128334719566019,0.6871665280433981,Create and Promote mid to long term contracts,Promote Tech Services,No action needed,Customize communication for customers with no dependents.
5791,5791,3500-RMZLT,Female,Yes,No,No,15,Yes,No,Fiber optic,Yes,No,Yes,Yes,No,Yes,Month-to-month,Yes,Mailed check,96.3,1426.75,Yes,Yes,0.2536353092295944,0.7463646907704056,Create and Promote mid to long term contracts,Promote Tech Services,Enhance and Promote Entertainment Services,Engage with senior citizens to better understand their needs and concerns.
5797,5797,4548-SDBKE,Female,No,No,No,5,Yes,Yes,Fiber optic,No,No,No,No,Yes,No,Month-to-month,Yes,Electronic check,85.2,474.8,Yes,Yes,0.0750368318966151,0.9249631681033847,Create and Promote mid to long term contracts,Promote Tech Services,Enhance and Promote Entertainment Services,Customize communication for customers with no dependents.
5798,5798,8066-POXGX,Female,No,No,No,13,No,No phone service,DSL,No,No,No,No,No,Yes,Month-to-month,Yes,Electronic check,35.1,446.1,Yes,Yes,0.1625386546631967,0.8374613453368033,Create and Promote mid to long term contracts,Promote Tech Services,Enhance and Promote Entertainment Services,Customize communication for customers with no dependents.
5799,5799,7129-CAKJW,Female,No,No,No,17,Yes,Yes,Fiber optic,No,No,Yes,No,No,No,Month-to-month,No,Bank transfer (automatic),80.05,1345.65,No,Yes,0.4936453380829039,0.5063546619170961,Create and Promote mid to long term contracts,Promote Tech Services,No action needed,Customize communication for customers with no dependents.
5802,5802,4143-OOBWZ,Male,No,Yes,No,5,Yes,Yes,Fiber optic,No,Yes,No,No,No,No,Month-to-month,Yes,Electronic check,81.3,416.3,Yes,Yes,0.1421639391738434,0.8578360608261566,Create and Promote mid to long term contracts,Promote Tech Services,No action needed,Customize communication for customers with no dependents.
5805,5805,7854-EKTJL,Female,No,No,Yes,2,Yes,No,No,No internet service,No internet service,No internet service,No internet service,No internet service,No internet service,Month-to-month,Yes,Electronic check,19.6,35.85,Yes,Yes,0.220616511730358,0.779383488269642,Create and Promote mid to long term contracts,No action needed,No action needed,No action needed
5809,5809,9102-IAYHT,Female,No,Yes,Yes,17,Yes,Yes,Fiber optic,No,No,No,No,No,Yes,Month-to-month,Yes,Electronic check,85.45,1451.6,Yes,Yes,0.2061198147172326,0.7938801852827674,Create and Promote mid to long term contracts,Promote Tech Services,Enhance and Promote Entertainment Services,No action needed
5811,5811,3422-LYEPQ,Male,No,Yes,Yes,1,Yes,No,Fiber optic,No,No,No,No,No,No,Month-to-month,Yes,Electronic check,71.0,71.0,Yes,Yes,0.0741039660086771,0.9258960339913228,Create and Promote mid to long term contracts,Promote Tech Services,No action needed,No action needed
5814,5814,2642-DTVCO,Male,Yes,No,No,9,Yes,Yes,Fiber optic,No,No,No,No,No,Yes,Month-to-month,Yes,Electronic check,85.05,746.5,Yes,Yes,0.1526633986592782,0.8473366013407218,Create and Promote mid to long term contracts,Promote Tech Services,Enhance and Promote Entertainment Services,Engage with senior citizens to better understand their needs and concerns.
5815,5815,0374-IOEGQ,Female,No,No,No,3,Yes,No,DSL,No,No,No,No,No,No,Month-to-month,No,Electronic check,44.6,122.7,No,Yes,0.2425015071300775,0.7574984928699224,Create and Promote mid to long term contracts,Promote Tech Services,No action needed,Customize communication for customers with no dependents.
5816,5816,4361-JEIVL,Male,No,No,Yes,1,Yes,No,DSL,No,No,No,No,No,No,Month-to-month,Yes,Electronic check,44.4,44.4,Yes,Yes,0.3242673049926721,0.6757326950073279,Create and Promote mid to long term contracts,Promote Tech Services,No action needed,No action needed
5821,5821,9112-WSNPU,Female,Yes,No,No,35,Yes,No,Fiber optic,No,No,No,No,No,No,Month-to-month,No,Electronic check,70.55,2419.0,No,Yes,0.4905815820330617,0.5094184179669383,Create and Promote mid to long term contracts,Promote Tech Services,No action needed,Engage with senior citizens to better understand their needs and concerns.
5824,5824,1363-TXLSL,Male,Yes,Yes,No,1,Yes,No,Fiber optic,No,No,No,No,No,No,Month-to-month,Yes,Electronic check,70.3,70.3,Yes,Yes,0.1221138559465409,0.8778861440534591,Create and Promote mid to long term contracts,Promote Tech Services,No action needed,Engage with senior citizens to better understand their needs and concerns.
5825,5825,9507-EXLTT,Female,No,Yes,No,1,Yes,No,Fiber optic,No,No,No,No,Yes,No,Month-to-month,Yes,Bank transfer (automatic),79.35,79.35,Yes,Yes,0.0196048252257741,0.980395174774226,Create and Promote mid to long term contracts,Promote Tech Services,Enhance and Promote Entertainment Services,Customize communication for customers with no dependents.
5830,5830,9846-GKXAS,Female,No,No,No,9,Yes,No,Fiber optic,No,No,No,No,Yes,Yes,Month-to-month,Yes,Bank transfer (automatic),90.8,809.75,Yes,Yes,0.0866073659641113,0.9133926340358888,Create and Promote mid to long term contracts,Promote Tech Services,Enhance and Promote Entertainment Services,Customize communication for customers with no dependents.
5831,5831,6017-PPLPX,Male,No,Yes,Yes,20,Yes,No,Fiber optic,No,No,No,No,No,No,Month-to-month,Yes,Electronic check,70.45,1470.95,Yes,Yes,0.2670463396988823,0.7329536603011176,Create and Promote mid to long term contracts,Promote Tech Services,No action needed,No action needed
5836,5836,2969-QWUBZ,Female,No,No,No,2,No,No phone service,DSL,No,Yes,No,No,Yes,Yes,Month-to-month,No,Electronic check,51.4,96.8,No,Yes,0.4472613392281535,0.5527386607718465,Create and Promote mid to long term contracts,Promote Tech Services,Enhance and Promote Entertainment Services,Customize communication for customers with no dependents.
5838,5838,2077-MPJQO,Male,Yes,Yes,No,7,Yes,Yes,Fiber optic,No,No,No,No,No,No,Month-to-month,Yes,Electronic check,75.4,533.05,No,Yes,0.4663065540232621,0.5336934459767378,Create and Promote mid to long term contracts,Promote Tech Services,No action needed,Engage with senior citizens to better understand their needs and concerns.
5843,5843,2905-KFQUV,Female,No,Yes,No,2,Yes,No,Fiber optic,No,No,No,No,No,No,Month-to-month,Yes,Credit card (automatic),70.4,154.8,No,Yes,0.3108819063657682,0.6891180936342318,Create and Promote mid to long term contracts,Promote Tech Services,No action needed,Customize communication for customers with no dependents.
5844,5844,4581-SSPWD,Female,No,No,No,3,Yes,Yes,Fiber optic,No,No,No,No,No,No,Month-to-month,Yes,Electronic check,75.8,246.3,Yes,Yes,0.1035294087291455,0.8964705912708545,Create and Promote mid to long term contracts,Promote Tech Services,No action needed,Customize communication for customers with no dependents.
5845,5845,3370-HXOPH,Female,No,No,No,3,Yes,Yes,Fiber optic,No,No,No,No,No,No,Month-to-month,No,Electronic check,76.1,257.6,No,Yes,0.1321579252160241,0.8678420747839759,Create and Promote mid to long term contracts,Promote Tech Services,No action needed,Customize communication for customers with no dependents.
5849,5849,6927-WTFIV,Male,Yes,No,No,20,Yes,No,Fiber optic,No,No,No,No,No,No,Month-to-month,No,Credit card (automatic),71.3,1389.2,Yes,Yes,0.4026958719663666,0.5973041280336334,Create and Promote mid to long term contracts,Promote Tech Services,No action needed,Engage with senior citizens to better understand their needs and concerns.
5851,5851,3398-ZOUAA,Male,Yes,Yes,No,21,Yes,No,Fiber optic,No,No,No,No,No,No,Month-to-month,Yes,Electronic check,69.1,1474.75,Yes,Yes,0.3868229331863011,0.6131770668136989,Create and Promote mid to long term contracts,Promote Tech Services,No action needed,Engage with senior citizens to better understand their needs and concerns.
5856,5856,0378-NHQXU,Female,No,Yes,Yes,17,Yes,Yes,Fiber optic,No,No,Yes,No,Yes,No,Month-to-month,No,Electronic check,88.25,1460.65,Yes,Yes,0.2158322003716892,0.7841677996283107,Create and Promote mid to long term contracts,Promote Tech Services,Enhance and Promote Entertainment Services,No action needed
5859,5859,4512-ZUIYL,Female,No,No,No,2,Yes,No,Fiber optic,No,No,No,No,No,No,Month-to-month,No,Bank transfer (automatic),70.0,153.05,Yes,Yes,0.0921982896268762,0.9078017103731236,Create and Promote mid to long term contracts,Promote Tech Services,No action needed,Customize communication for customers with no dependents.
5861,5861,9584-EXCDZ,Female,No,No,No,17,Yes,No,Fiber optic,No,No,No,No,No,No,Month-to-month,No,Bank transfer (automatic),70.5,1165.6,No,Yes,0.4008125920203934,0.5991874079796066,Create and Promote mid to long term contracts,Promote Tech Services,No action needed,Customize communication for customers with no dependents.
5862,5862,7969-AULMZ,Female,No,No,No,21,Yes,Yes,Fiber optic,No,No,No,No,Yes,Yes,Month-to-month,Yes,Electronic check,97.35,2119.5,Yes,Yes,0.1015394460389356,0.8984605539610644,Create and Promote mid to long term contracts,Promote Tech Services,Enhance and Promote Entertainment Services,Customize communication for customers with no dependents.
5871,5871,4550-EVXNY,Female,No,No,Yes,1,Yes,No,Fiber optic,No,No,No,No,No,No,Month-to-month,Yes,Electronic check,69.65,69.65,Yes,Yes,0.0538516818909033,0.9461483181090966,Create and Promote mid to long term contracts,Promote Tech Services,No action needed,No action needed
5873,5873,2968-SSGAA,Female,No,No,No,10,Yes,Yes,Fiber optic,No,No,Yes,No,Yes,Yes,Month-to-month,Yes,Electronic check,100.6,1060.2,Yes,Yes,0.058032323398259,0.941967676601741,Create and Promote mid to long term contracts,Promote Tech Services,Enhance and Promote Entertainment Services,Customize communication for customers with no dependents.
5875,5875,4844-JJWUY,Female,Yes,No,No,1,Yes,No,Fiber optic,No,Yes,No,No,No,Yes,Month-to-month,Yes,Electronic check,86.0,86.0,Yes,Yes,0.1351735168130157,0.8648264831869843,Create and Promote mid to long term contracts,Promote Tech Services,Enhance and Promote Entertainment Services,Engage with senior citizens to better understand their needs and concerns.
5876,5876,6777-TGHTM,Female,No,No,No,53,Yes,Yes,Fiber optic,Yes,No,Yes,No,Yes,Yes,One year,Yes,Credit card (automatic),106.95,5785.5,Yes,Yes,0.3480757952456822,0.6519242047543178,Create and Promote mid to long term contracts,Promote Tech Services,Enhance and Promote Entertainment Services,Customize communication for customers with no dependents.
5879,5879,3538-WZPHD,Male,No,No,No,3,No,No phone service,DSL,No,Yes,No,No,No,No,Month-to-month,Yes,Electronic check,29.6,79.45,Yes,Yes,0.2062400258929795,0.7937599741070205,Create and Promote mid to long term contracts,Promote Tech Services,No action needed,Customize communication for customers with no dependents.
5887,5887,8610-WFCJF,Female,No,Yes,Yes,49,Yes,Yes,Fiber optic,No,No,No,No,Yes,Yes,Month-to-month,Yes,Electronic check,95.6,4783.5,Yes,Yes,0.3313420003728691,0.6686579996271309,Create and Promote mid to long term contracts,Promote Tech Services,Enhance and Promote Entertainment Services,No action needed
5890,5890,4905-JEFDW,Male,No,No,No,11,No,No phone service,DSL,No,No,Yes,No,Yes,No,One year,Yes,Electronic check,41.6,470.6,Yes,Yes,0.288201235932808,0.711798764067192,Create and Promote mid to long term contracts,Promote Tech Services,Enhance and Promote Entertainment Services,Customize communication for customers with no dependents.
5893,5893,7881-INRLC,Male,No,No,No,45,Yes,Yes,Fiber optic,No,Yes,No,No,Yes,Yes,Month-to-month,Yes,Credit card (automatic),100.85,4740.0,Yes,Yes,0.1368143018344381,0.8631856981655619,Create and Promote mid to long term contracts,Promote Tech Services,Enhance and Promote Entertainment Services,Customize communication for customers with no dependents.
5900,5900,6172-FECYY,Male,No,Yes,Yes,49,Yes,Yes,Fiber optic,No,No,No,No,Yes,No,Month-to-month,No,Electronic check,84.5,4254.85,Yes,Yes,0.293002108990657,0.706997891009343,Create and Promote mid to long term contracts,Promote Tech Services,Enhance and Promote Entertainment Services,No action needed
5904,5904,1628-BIZYP,Male,No,No,No,1,Yes,No,Fiber optic,No,Yes,No,No,No,Yes,Month-to-month,Yes,Electronic check,85.0,85.0,No,Yes,0.3396485092645536,0.6603514907354464,Create and Promote mid to long term contracts,Promote Tech Services,Enhance and Promote Entertainment Services,Customize communication for customers with no dependents.
5905,5905,1965-AKTSX,Female,Yes,No,No,14,Yes,Yes,Fiber optic,No,Yes,No,No,No,No,Month-to-month,Yes,Electronic check,78.95,1101.85,Yes,Yes,0.1762178928952095,0.8237821071047905,Create and Promote mid to long term contracts,Promote Tech Services,No action needed,Engage with senior citizens to better understand their needs and concerns.
5906,5906,0082-LDZUE,Male,No,No,No,1,Yes,No,DSL,No,No,No,No,No,No,Month-to-month,Yes,Mailed check,44.3,44.3,No,Yes,0.4467879980309068,0.5532120019690931,Create and Promote mid to long term contracts,Promote Tech Services,No action needed,Customize communication for customers with no dependents.
5907,5907,4786-UKSNZ,Male,No,No,No,1,Yes,No,No,No internet service,No internet service,No internet service,No internet service,No internet service,No internet service,Month-to-month,No,Mailed check,20.2,20.2,Yes,Yes,0.3984598019100919,0.6015401980899081,Create and Promote mid to long term contracts,No action needed,No action needed,Customize communication for customers with no dependents.
5911,5911,7248-VZQLC,Female,Yes,No,No,47,Yes,Yes,Fiber optic,No,Yes,Yes,No,No,No,Month-to-month,Yes,Bank transfer (automatic),85.2,3969.35,Yes,Yes,0.3852159804913494,0.6147840195086506,Create and Promote mid to long term contracts,Promote Tech Services,No action needed,Engage with senior citizens to better understand their needs and concerns.
5930,5930,0011-IGKFF,Male,Yes,Yes,No,13,Yes,No,Fiber optic,No,Yes,Yes,No,Yes,Yes,Month-to-month,Yes,Electronic check,98.0,1237.85,Yes,Yes,0.213268820568893,0.7867311794311069,Create and Promote mid to long term contracts,Promote Tech Services,Enhance and Promote Entertainment Services,Engage with senior citizens to better understand their needs and concerns.
5931,5931,4192-GORJT,Male,No,Yes,No,5,Yes,No,Fiber optic,No,No,Yes,No,Yes,Yes,Month-to-month,Yes,Electronic check,94.45,498.1,Yes,Yes,0.1617074967198308,0.8382925032801691,Create and Promote mid to long term contracts,Promote Tech Services,Enhance and Promote Entertainment Services,Customize communication for customers with no dependents.
5932,5932,6496-SLWHQ,Male,Yes,No,No,3,Yes,Yes,Fiber optic,No,Yes,Yes,No,Yes,Yes,Month-to-month,Yes,Electronic check,105.0,294.45,Yes,Yes,0.1286997663900522,0.8713002336099478,Create and Promote mid to long term contracts,Promote Tech Services,Enhance and Promote Entertainment Services,Engage with senior citizens to better understand their needs and concerns.
5933,5933,9912-GVSEQ,Female,Yes,Yes,No,26,Yes,Yes,Fiber optic,No,Yes,Yes,No,No,Yes,Month-to-month,Yes,Electronic check,93.85,2381.55,Yes,Yes,0.2918578427559802,0.7081421572440197,Create and Promote mid to long term contracts,Promote Tech Services,Enhance and Promote Entertainment Services,Engage with senior citizens to better understand their needs and concerns.
5936,5936,5383-MMTWC,Female,Yes,Yes,No,8,Yes,Yes,Fiber optic,No,No,No,No,No,Yes,Month-to-month,Yes,Electronic check,84.0,613.4,Yes,Yes,0.1415936583179844,0.8584063416820156,Create and Promote mid to long term contracts,Promote Tech Services,Enhance and Promote Entertainment Services,Engage with senior citizens to better understand their needs and concerns.
5941,5941,7240-ETPTR,Female,No,Yes,No,9,No,No phone service,DSL,No,No,Yes,No,Yes,Yes,Month-to-month,Yes,Electronic check,48.75,442.2,Yes,Yes,0.1407843635551612,0.8592156364448388,Create and Promote mid to long term contracts,Promote Tech Services,Enhance and Promote Entertainment Services,Customize communication for customers with no dependents.
5942,5942,2202-CUYXZ,Male,No,No,No,1,Yes,No,Fiber optic,No,No,Yes,No,Yes,No,Month-to-month,Yes,Electronic check,84.85,84.85,Yes,Yes,0.0905499023604612,0.9094500976395388,Create and Promote mid to long term contracts,Promote Tech Services,Enhance and Promote Entertainment Services,Customize communication for customers with no dependents.
5949,5949,2862-PFNIK,Male,No,No,Yes,1,No,No phone service,DSL,No,No,No,No,No,No,Month-to-month,Yes,Electronic check,24.7,24.7,No,Yes,0.332951140990704,0.667048859009296,Create and Promote mid to long term contracts,Promote Tech Services,No action needed,No action needed
5950,5950,5816-QVHRX,Female,No,No,No,37,Yes,Yes,Fiber optic,No,No,No,Yes,Yes,Yes,Month-to-month,No,Credit card (automatic),100.3,3541.4,No,Yes,0.455674768792115,0.544325231207885,Create and Promote mid to long term contracts,Promote Tech Services,Enhance and Promote Entertainment Services,Customize communication for customers with no dependents.
5955,5955,3640-PHQXK,Female,No,No,No,31,Yes,Yes,Fiber optic,No,No,Yes,No,No,Yes,Month-to-month,Yes,Electronic check,89.9,2806.9,Yes,Yes,0.2376214947119567,0.7623785052880433,Create and Promote mid to long term contracts,Promote Tech Services,Enhance and Promote Entertainment Services,Customize communication for customers with no dependents.
5956,5956,6877-LGWXO,Male,Yes,Yes,No,18,Yes,No,Fiber optic,No,No,No,No,No,Yes,Month-to-month,No,Electronic check,78.55,1422.65,Yes,Yes,0.3379220629100411,0.6620779370899589,Create and Promote mid to long term contracts,Promote Tech Services,Enhance and Promote Entertainment Services,Engage with senior citizens to better understand their needs and concerns.
5965,5965,8019-ENHXU,Male,No,Yes,No,42,Yes,Yes,Fiber optic,No,Yes,Yes,Yes,No,Yes,Month-to-month,Yes,Electronic check,99.45,4138.05,Yes,Yes,0.3713474806891881,0.6286525193108119,Create and Promote mid to long term contracts,Promote Tech Services,Enhance and Promote Entertainment Services,Customize communication for customers with no dependents.
5966,5966,5167-GBFRE,Male,Yes,No,No,4,No,No phone service,DSL,No,No,No,No,No,No,Month-to-month,Yes,Bank transfer (automatic),25.2,102.5,Yes,Yes,0.1888891077422787,0.8111108922577213,Create and Promote mid to long term contracts,Promote Tech Services,No action needed,Engage with senior citizens to better understand their needs and concerns.
5971,5971,1324-NLTJE,Female,Yes,No,No,15,Yes,Yes,DSL,No,No,No,Yes,No,No,Month-to-month,No,Credit card (automatic),55.0,757.1,Yes,Yes,0.296888140198005,0.703111859801995,Create and Promote mid to long term contracts,Promote Tech Services,No action needed,Engage with senior citizens to better understand their needs and concerns.
5974,5974,1522-VVDMG,Male,No,Yes,Yes,7,Yes,No,Fiber optic,No,Yes,No,Yes,Yes,No,Month-to-month,Yes,Electronic check,89.75,608.8,Yes,Yes,0.3542787032408233,0.6457212967591767,Create and Promote mid to long term contracts,Promote Tech Services,Enhance and Promote Entertainment Services,No action needed
5983,5983,9185-TQCVP,Male,No,Yes,No,14,Yes,Yes,Fiber optic,No,No,No,No,No,Yes,Month-to-month,Yes,Electronic check,85.15,1139.2,Yes,Yes,0.1457991508739263,0.8542008491260736,Create and Promote mid to long term contracts,Promote Tech Services,Enhance and Promote Entertainment Services,Customize communication for customers with no dependents.
5985,5985,5271-DBYSJ,Male,Yes,No,No,11,Yes,No,Fiber optic,No,No,No,No,No,Yes,Month-to-month,Yes,Credit card (automatic),79.15,827.7,No,Yes,0.3933420362502657,0.6066579637497342,Create and Promote mid to long term contracts,Promote Tech Services,Enhance and Promote Entertainment Services,Engage with senior citizens to better understand their needs and concerns.
5988,5988,5567-WSELE,Male,Yes,Yes,No,3,Yes,Yes,Fiber optic,No,No,No,No,Yes,Yes,Month-to-month,Yes,Electronic check,94.6,279.55,Yes,Yes,0.1821585184545012,0.8178414815454987,Create and Promote mid to long term contracts,Promote Tech Services,Enhance and Promote Entertainment Services,Engage with senior citizens to better understand their needs and concerns.
5990,5990,8063-RJYNF,Male,No,No,No,16,Yes,No,Fiber optic,Yes,No,No,No,Yes,Yes,Month-to-month,Yes,Electronic check,94.25,1483.25,Yes,Yes,0.2661625879379828,0.7338374120620171,Create and Promote mid to long term contracts,Promote Tech Services,Enhance and Promote Entertainment Services,Customize communication for customers with no dependents.
5993,5993,9661-ACXBS,Female,No,No,No,42,Yes,Yes,Fiber optic,Yes,No,Yes,No,Yes,Yes,Month-to-month,Yes,Electronic check,105.2,4400.75,Yes,Yes,0.2532133768874883,0.7467866231125116,Create and Promote mid to long term contracts,Promote Tech Services,Enhance and Promote Entertainment Services,Customize communication for customers with no dependents.
5996,5996,3462-BJQQA,Female,No,No,No,6,Yes,Yes,Fiber optic,No,Yes,No,No,Yes,No,Month-to-month,Yes,Electronic check,89.75,552.65,No,Yes,0.2180930307530776,0.7819069692469224,Create and Promote mid to long term contracts,Promote Tech Services,Enhance and Promote Entertainment Services,Customize communication for customers with no dependents.
6000,6000,4367-NHWMM,Female,No,No,No,1,No,No phone service,DSL,No,No,No,No,No,No,Month-to-month,Yes,Mailed check,24.9,24.9,No,Yes,0.2955041428103625,0.7044958571896375,Create and Promote mid to long term contracts,Promote Tech Services,No action needed,Customize communication for customers with no dependents.
6001,6001,3727-RJMEO,Male,No,Yes,No,6,Yes,Yes,Fiber optic,No,No,No,No,Yes,No,Month-to-month,Yes,Electronic check,82.85,460.25,Yes,Yes,0.1528158254319147,0.8471841745680853,Create and Promote mid to long term contracts,Promote Tech Services,Enhance and Promote Entertainment Services,Customize communication for customers with no dependents.
6008,6008,6646-VRFOL,Male,Yes,Yes,No,53,Yes,Yes,Fiber optic,No,Yes,Yes,No,Yes,Yes,Month-to-month,Yes,Electronic check,103.85,5485.5,Yes,Yes,0.342150231443497,0.657849768556503,Create and Promote mid to long term contracts,Promote Tech Services,Enhance and Promote Entertainment Services,Engage with senior citizens to better understand their needs and concerns.
6011,6011,5685-IIXLY,Female,No,Yes,Yes,5,Yes,No,Fiber optic,No,Yes,No,No,No,Yes,Month-to-month,Yes,Electronic check,83.6,404.2,Yes,Yes,0.1947464386243724,0.8052535613756275,Create and Promote mid to long term contracts,Promote Tech Services,Enhance and Promote Entertainment Services,No action needed
6014,6014,2325-NBPZG,Female,No,No,No,3,Yes,No,Fiber optic,Yes,No,No,No,No,No,Month-to-month,Yes,Electronic check,74.55,233.65,No,Yes,0.4945787562343671,0.5054212437656329,Create and Promote mid to long term contracts,Promote Tech Services,No action needed,Customize communication for customers with no dependents.
6015,6015,4250-ZBWLV,Male,No,No,No,68,Yes,Yes,Fiber optic,No,Yes,Yes,Yes,Yes,Yes,One year,No,Electronic check,108.45,7176.55,Yes,Yes,0.3519208985715523,0.6480791014284477,Create and Promote mid to long term contracts,Promote Tech Services,Enhance and Promote Entertainment Services,Customize communication for customers with no dependents.
6023,6023,5095-AESKG,Female,No,Yes,No,3,Yes,Yes,Fiber optic,No,Yes,No,No,No,Yes,Month-to-month,Yes,Credit card (automatic),91.5,242.95,Yes,Yes,0.1001283409260394,0.8998716590739606,Create and Promote mid to long term contracts,Promote Tech Services,Enhance and Promote Entertainment Services,Customize communication for customers with no dependents.
6027,6027,1871-MOWRM,Male,No,Yes,No,12,Yes,No,Fiber optic,Yes,No,No,Yes,No,No,Month-to-month,No,Bank transfer (automatic),80.85,866.45,Yes,Yes,0.4333085330026647,0.5666914669973353,Create and Promote mid to long term contracts,Promote Tech Services,No action needed,Customize communication for customers with no dependents.
6029,6029,2027-OAQQC,Female,No,No,No,43,No,No phone service,DSL,No,No,Yes,No,Yes,Yes,Month-to-month,Yes,Bank transfer (automatic),49.05,2076.2,Yes,Yes,0.4158477752685995,0.5841522247314005,Create and Promote mid to long term contracts,Promote Tech Services,Enhance and Promote Entertainment Services,Customize communication for customers with no dependents.
6031,6031,9090-SGQXL,Male,Yes,Yes,No,68,Yes,Yes,Fiber optic,No,Yes,Yes,No,Yes,Yes,Month-to-month,Yes,Electronic check,105.3,7299.65,Yes,Yes,0.2337300283891049,0.766269971610895,Create and Promote mid to long term contracts,Promote Tech Services,Enhance and Promote Entertainment Services,Engage with senior citizens to better understand their needs and concerns.
6032,6032,6595-YGXIT,Male,Yes,No,No,25,Yes,Yes,Fiber optic,No,Yes,No,No,Yes,No,Month-to-month,Yes,Electronic check,88.95,2291.2,Yes,Yes,0.2385142276787328,0.7614857723212671,Create and Promote mid to long term contracts,Promote Tech Services,Enhance and Promote Entertainment Services,Engage with senior citizens to better understand their needs and concerns.
6034,6034,9835-ZIITK,Male,Yes,Yes,No,66,Yes,Yes,Fiber optic,No,Yes,Yes,Yes,Yes,Yes,One year,Yes,Electronic check,110.85,7491.75,Yes,Yes,0.4345004634939288,0.5654995365060712,Create and Promote mid to long term contracts,Promote Tech Services,Enhance and Promote Entertainment Services,Engage with senior citizens to better understand their needs and concerns.
6038,6038,5649-TJHOV,Male,Yes,Yes,No,27,No,No phone service,DSL,No,No,No,No,No,Yes,Month-to-month,No,Bank transfer (automatic),36.5,1032.0,Yes,Yes,0.3041482219277507,0.6958517780722493,Create and Promote mid to long term contracts,Promote Tech Services,Enhance and Promote Entertainment Services,Engage with senior citizens to better understand their needs and concerns.
6039,6039,0519-XUZJU,Female,No,No,No,1,Yes,No,Fiber optic,No,No,No,No,No,No,Month-to-month,No,Mailed check,70.75,70.75,Yes,Yes,0.0786664535689418,0.921333546431058,Create and Promote mid to long term contracts,Promote Tech Services,No action needed,Customize communication for customers with no dependents.
6042,6042,6338-AVWCY,Male,No,No,No,3,No,No phone service,DSL,No,No,Yes,No,Yes,No,Month-to-month,Yes,Mailed check,40.15,130.75,Yes,Yes,0.1127950167314078,0.8872049832685922,Create and Promote mid to long term contracts,Promote Tech Services,Enhance and Promote Entertainment Services,Customize communication for customers with no dependents.
6043,6043,1689-YQBYY,Female,No,No,Yes,12,Yes,Yes,Fiber optic,No,No,No,No,No,No,Month-to-month,Yes,Electronic check,76.6,893.0,No,Yes,0.4297791984474527,0.5702208015525473,Create and Promote mid to long term contracts,Promote Tech Services,No action needed,No action needed
6045,6045,2959-FENLU,Female,No,No,No,9,Yes,No,Fiber optic,No,No,Yes,No,No,Yes,Month-to-month,Yes,Credit card (automatic),85.3,781.4,No,Yes,0.3380018700106758,0.6619981299893242,Create and Promote mid to long term contracts,Promote Tech Services,Enhance and Promote Entertainment Services,Customize communication for customers with no dependents.
6047,6047,9253-QXKBE,Male,Yes,Yes,No,29,Yes,Yes,Fiber optic,No,No,No,No,Yes,Yes,Month-to-month,Yes,Electronic check,94.45,2653.65,Yes,Yes,0.2572751128615927,0.7427248871384072,Create and Promote mid to long term contracts,Promote Tech Services,Enhance and Promote Entertainment Services,Engage with senior citizens to better understand their needs and concerns.
6053,6053,9445-SZLCH,Female,No,Yes,Yes,36,Yes,Yes,Fiber optic,No,Yes,Yes,No,Yes,No,Month-to-month,Yes,Bank transfer (automatic),97.35,3457.9,Yes,Yes,0.384372729750621,0.615627270249379,Create and Promote mid to long term contracts,Promote Tech Services,Enhance and Promote Entertainment Services,No action needed
6054,6054,6599-SFQVE,Female,No,No,No,6,Yes,No,DSL,No,No,No,No,No,Yes,Month-to-month,Yes,Electronic check,55.0,340.4,No,Yes,0.4920025813001646,0.5079974186998354,Create and Promote mid to long term contracts,Promote Tech Services,Enhance and Promote Entertainment Services,Customize communication for customers with no dependents.
6059,6059,4884-ZTHVF,Female,Yes,No,No,8,Yes,No,Fiber optic,No,Yes,No,No,Yes,No,Month-to-month,Yes,Electronic check,87.1,713.6,No,Yes,0.3609647565604259,0.6390352434395741,Create and Promote mid to long term contracts,Promote Tech Services,Enhance and Promote Entertainment Services,Engage with senior citizens to better understand their needs and concerns.
6063,6063,7568-PODML,Male,No,No,No,1,No,No phone service,DSL,No,No,No,No,Yes,Yes,Month-to-month,Yes,Mailed check,45.3,45.3,Yes,Yes,0.0792640762721671,0.9207359237278328,Create and Promote mid to long term contracts,Promote Tech Services,Enhance and Promote Entertainment Services,Customize communication for customers with no dependents.
6065,6065,5349-IECLD,Male,No,No,No,2,Yes,No,Fiber optic,No,No,Yes,No,Yes,Yes,Month-to-month,No,Electronic check,94.95,178.1,Yes,Yes,0.1665209309323073,0.8334790690676926,Create and Promote mid to long term contracts,Promote Tech Services,Enhance and Promote Entertainment Services,Customize communication for customers with no dependents.
6067,6067,3945-GFWQL,Female,No,No,Yes,12,Yes,No,DSL,No,No,No,No,No,No,Month-to-month,Yes,Electronic check,44.55,480.6,Yes,Yes,0.4386871810052118,0.5613128189947881,Create and Promote mid to long term contracts,Promote Tech Services,No action needed,No action needed
6073,6073,3797-VTIDR,Male,No,Yes,No,1,No,No phone service,DSL,No,No,No,No,No,No,Month-to-month,Yes,Electronic check,23.45,23.45,Yes,Yes,0.115253568181723,0.884746431818277,Create and Promote mid to long term contracts,Promote Tech Services,No action needed,Customize communication for customers with no dependents.
6079,6079,9526-BIHHD,Male,No,No,No,1,No,No phone service,DSL,Yes,No,No,No,No,No,Month-to-month,No,Mailed check,29.7,29.7,Yes,Yes,0.4330421781104503,0.5669578218895497,Create and Promote mid to long term contracts,Promote Tech Services,No action needed,Customize communication for customers with no dependents.
6081,6081,4523-WXCEF,Female,No,Yes,No,59,Yes,Yes,Fiber optic,No,Yes,No,No,Yes,Yes,Month-to-month,No,Electronic check,101.1,6039.9,Yes,Yes,0.2216523140457639,0.7783476859542361,Create and Promote mid to long term contracts,Promote Tech Services,Enhance and Promote Entertainment Services,Customize communication for customers with no dependents.
6084,6084,8364-TRMMK,Female,No,No,No,3,Yes,Yes,DSL,No,No,No,No,No,No,Month-to-month,Yes,Mailed check,50.65,151.3,Yes,Yes,0.3069926179532644,0.6930073820467356,Create and Promote mid to long term contracts,Promote Tech Services,No action needed,Customize communication for customers with no dependents.
6087,6087,3063-QFSZL,Female,No,No,No,1,Yes,No,DSL,No,No,No,No,No,Yes,Month-to-month,Yes,Electronic check,55.4,55.4,Yes,Yes,0.1582649778072429,0.8417350221927571,Create and Promote mid to long term contracts,Promote Tech Services,Enhance and Promote Entertainment Services,Customize communication for customers with no dependents.
6088,6088,8775-LHDJH,Female,Yes,Yes,No,1,Yes,Yes,Fiber optic,No,Yes,No,No,Yes,No,Month-to-month,Yes,Electronic check,90.6,90.6,Yes,Yes,0.1054518056768382,0.8945481943231618,Create and Promote mid to long term contracts,Promote Tech Services,Enhance and Promote Entertainment Services,Engage with senior citizens to better understand their needs and concerns.
6090,6090,3097-NQYSN,Male,Yes,Yes,No,2,Yes,Yes,Fiber optic,No,No,No,No,Yes,No,Month-to-month,Yes,Mailed check,86.85,156.35,Yes,Yes,0.1532754320832955,0.8467245679167045,Create and Promote mid to long term contracts,Promote Tech Services,Enhance and Promote Entertainment Services,Engage with senior citizens to better understand their needs and concerns.
6095,6095,9605-WGJVW,Female,Yes,No,No,1,Yes,No,Fiber optic,No,No,No,No,No,No,Month-to-month,Yes,Electronic check,70.2,70.2,No,Yes,0.111676271371949,0.888323728628051,Create and Promote mid to long term contracts,Promote Tech Services,No action needed,Engage with senior citizens to better understand their needs and concerns.
6099,6099,3565-UNOCC,Female,Yes,Yes,No,29,Yes,Yes,Fiber optic,No,No,Yes,No,Yes,Yes,Month-to-month,Yes,Bank transfer (automatic),99.05,2952.85,Yes,Yes,0.2644767012894787,0.7355232987105212,Create and Promote mid to long term contracts,Promote Tech Services,Enhance and Promote Entertainment Services,Engage with senior citizens to better understand their needs and concerns.
6104,6104,9249-FXSCK,Female,No,No,No,52,Yes,Yes,Fiber optic,Yes,Yes,No,Yes,Yes,Yes,One year,Yes,Credit card (automatic),111.25,5916.45,Yes,Yes,0.4147672201620024,0.5852327798379976,Create and Promote mid to long term contracts,Promote Tech Services,Enhance and Promote Entertainment Services,Customize communication for customers with no dependents.
6105,6105,5493-SDRDQ,Male,No,No,No,2,Yes,No,DSL,Yes,No,Yes,No,No,No,Month-to-month,Yes,Mailed check,55.1,113.35,Yes,Yes,0.4687160200842224,0.5312839799157776,Create and Promote mid to long term contracts,Promote Tech Services,No action needed,Customize communication for customers with no dependents.
6106,6106,6286-SUUWT,Male,No,No,No,1,Yes,No,No,No internet service,No internet service,No internet service,No internet service,No internet service,No internet service,Month-to-month,No,Mailed check,19.95,19.95,No,Yes,0.3977799478674603,0.6022200521325397,Create and Promote mid to long term contracts,No action needed,No action needed,Customize communication for customers with no dependents.
6110,6110,9812-GHVRI,Female,No,No,No,40,Yes,Yes,Fiber optic,No,No,No,No,No,Yes,Month-to-month,No,Bank transfer (automatic),83.85,3532.25,No,Yes,0.4356723288594326,0.5643276711405674,Create and Promote mid to long term contracts,Promote Tech Services,Enhance and Promote Entertainment Services,Customize communication for customers with no dependents.
6124,6124,0871-URUWO,Male,No,Yes,No,13,Yes,Yes,Fiber optic,No,No,Yes,No,Yes,Yes,Month-to-month,Yes,Credit card (automatic),102.25,1359.0,Yes,Yes,0.1272697005610706,0.8727302994389293,Create and Promote mid to long term contracts,Promote Tech Services,Enhance and Promote Entertainment Services,Customize communication for customers with no dependents.
6125,6125,9190-MFJLN,Male,Yes,No,No,19,Yes,No,Fiber optic,No,No,Yes,No,Yes,Yes,Month-to-month,Yes,Credit card (automatic),95.9,1777.9,Yes,Yes,0.2027989965997039,0.7972010034002961,Create and Promote mid to long term contracts,Promote Tech Services,Enhance and Promote Entertainment Services,Engage with senior citizens to better understand their needs and concerns.
6127,6127,3317-VLGQT,Female,No,Yes,No,14,Yes,No,Fiber optic,No,No,No,No,No,Yes,Month-to-month,Yes,Electronic check,78.1,1122.4,No,Yes,0.4033872838465463,0.5966127161534537,Create and Promote mid to long term contracts,Promote Tech Services,Enhance and Promote Entertainment Services,Customize communication for customers with no dependents.
6130,6130,1095-JUDTC,Female,Yes,No,No,47,Yes,Yes,Fiber optic,No,Yes,No,Yes,Yes,No,Month-to-month,Yes,Electronic check,95.05,4504.55,Yes,Yes,0.3403298093214019,0.6596701906785981,Create and Promote mid to long term contracts,Promote Tech Services,Enhance and Promote Entertainment Services,Engage with senior citizens to better understand their needs and concerns.
6132,6132,9638-JIQYA,Male,No,No,No,2,No,No phone service,DSL,No,No,No,No,No,No,Month-to-month,Yes,Credit card (automatic),24.9,49.7,No,Yes,0.3910332559896604,0.6089667440103396,Create and Promote mid to long term contracts,Promote Tech Services,No action needed,Customize communication for customers with no dependents.
6136,6136,0870-VEMYL,Female,No,No,No,5,Yes,No,DSL,Yes,No,No,Yes,No,No,Month-to-month,No,Credit card (automatic),53.85,259.8,Yes,Yes,0.3233457025693531,0.6766542974306469,Create and Promote mid to long term contracts,Promote Tech Services,No action needed,Customize communication for customers with no dependents.
6140,6140,5385-SUIRI,Male,Yes,Yes,No,52,Yes,Yes,Fiber optic,Yes,No,Yes,No,Yes,Yes,Month-to-month,Yes,Electronic check,104.2,5568.35,Yes,Yes,0.3063128967455286,0.6936871032544714,Create and Promote mid to long term contracts,Promote Tech Services,Enhance and Promote Entertainment Services,Engage with senior citizens to better understand their needs and concerns.
6145,6145,4009-ALQFH,Female,No,No,No,25,Yes,No,Fiber optic,No,Yes,Yes,No,Yes,Yes,Month-to-month,Yes,Electronic check,99.5,2369.05,Yes,Yes,0.1716690662515637,0.8283309337484362,Create and Promote mid to long term contracts,Promote Tech Services,Enhance and Promote Entertainment Services,Customize communication for customers with no dependents.
6149,6149,5222-IMUKT,Male,No,No,No,32,Yes,No,Fiber optic,No,No,No,No,Yes,Yes,Month-to-month,No,Electronic check,91.05,2871.5,No,Yes,0.435358561932038,0.564641438067962,Create and Promote mid to long term contracts,Promote Tech Services,Enhance and Promote Entertainment Services,Customize communication for customers with no dependents.
6150,6150,3627-FCRDW,Female,No,No,No,9,Yes,No,Fiber optic,No,No,No,No,No,No,Month-to-month,No,Electronic check,71.0,672.55,Yes,Yes,0.1448641205900045,0.8551358794099955,Create and Promote mid to long term contracts,Promote Tech Services,No action needed,Customize communication for customers with no dependents.
6151,6151,7562-GSUHK,Female,No,No,No,16,Yes,No,Fiber optic,No,Yes,Yes,No,No,Yes,Month-to-month,Yes,Credit card (automatic),93.2,1573.7,Yes,Yes,0.2783215937486696,0.7216784062513304,Create and Promote mid to long term contracts,Promote Tech Services,Enhance and Promote Entertainment Services,Customize communication for customers with no dependents.
6164,6164,0644-OQMDK,Male,Yes,No,No,4,Yes,No,Fiber optic,No,No,No,No,No,No,Month-to-month,Yes,Electronic check,70.65,293.85,No,Yes,0.498989891423881,0.5010101085761189,Create and Promote mid to long term contracts,Promote Tech Services,No action needed,Engage with senior citizens to better understand their needs and concerns.
6165,6165,4077-CROMM,Female,No,Yes,Yes,31,Yes,Yes,Fiber optic,No,No,Yes,Yes,Yes,Yes,Month-to-month,Yes,Electronic check,104.2,3243.45,Yes,Yes,0.3114412947876145,0.6885587052123855,Create and Promote mid to long term contracts,Promote Tech Services,Enhance and Promote Entertainment Services,No action needed
6167,6167,2868-MZAGQ,Male,No,No,No,1,Yes,No,Fiber optic,No,No,No,No,No,Yes,Month-to-month,Yes,Electronic check,79.25,79.25,Yes,Yes,0.0550312387466197,0.9449687612533804,Create and Promote mid to long term contracts,Promote Tech Services,Enhance and Promote Entertainment Services,Customize communication for customers with no dependents.
6168,6168,4847-QNOKA,Female,No,No,No,1,Yes,No,DSL,No,No,No,No,No,No,Month-to-month,Yes,Bank transfer (automatic),44.9,44.9,Yes,Yes,0.228426371245384,0.771573628754616,Create and Promote mid to long term contracts,Promote Tech Services,No action needed,Customize communication for customers with no dependents.
6171,6171,6379-RXJRQ,Male,No,Yes,No,10,Yes,No,Fiber optic,No,No,No,No,No,No,Month-to-month,Yes,Electronic check,70.1,659.65,Yes,Yes,0.2578959837387271,0.7421040162612729,Create and Promote mid to long term contracts,Promote Tech Services,No action needed,Customize communication for customers with no dependents.
6173,6173,8650-RHRKE,Male,No,No,No,4,No,No phone service,DSL,No,No,Yes,No,No,No,Month-to-month,Yes,Electronic check,29.65,118.5,Yes,Yes,0.1444063049516721,0.8555936950483278,Create and Promote mid to long term contracts,Promote Tech Services,No action needed,Customize communication for customers with no dependents.
6175,6175,0475-RIJEP,Male,No,No,No,43,Yes,Yes,Fiber optic,No,Yes,No,No,No,No,Month-to-month,Yes,Electronic check,77.85,3365.85,Yes,Yes,0.4543840292180826,0.5456159707819174,Create and Promote mid to long term contracts,Promote Tech Services,No action needed,Customize communication for customers with no dependents.
6176,6176,1260-TTRXI,Male,No,No,No,4,Yes,No,DSL,No,No,No,No,No,Yes,Month-to-month,No,Electronic check,54.3,195.3,Yes,Yes,0.199472841385913,0.800527158614087,Create and Promote mid to long term contracts,Promote Tech Services,Enhance and Promote Entertainment Services,Customize communication for customers with no dependents.
6178,6178,6328-ZPBGN,Female,Yes,No,No,11,Yes,Yes,Fiber optic,No,No,No,No,Yes,Yes,Month-to-month,Yes,Bank transfer (automatic),95.15,997.65,Yes,Yes,0.1310670130843615,0.8689329869156385,Create and Promote mid to long term contracts,Promote Tech Services,Enhance and Promote Entertainment Services,Engage with senior citizens to better understand their needs and concerns.
6185,6185,4789-KWMXN,Male,No,Yes,No,47,Yes,Yes,Fiber optic,Yes,No,Yes,Yes,Yes,Yes,One year,Yes,Credit card (automatic),110.85,5275.8,Yes,Yes,0.4884862994854625,0.5115137005145375,Create and Promote mid to long term contracts,Promote Tech Services,Enhance and Promote Entertainment Services,Customize communication for customers with no dependents.
6189,6189,2867-UIMSS,Male,No,No,No,1,Yes,No,Fiber optic,No,No,No,No,No,Yes,Month-to-month,No,Electronic check,80.5,80.5,Yes,Yes,0.0677817337295727,0.9322182662704273,Create and Promote mid to long term contracts,Promote Tech Services,Enhance and Promote Entertainment Services,Customize communication for customers with no dependents.
6194,6194,8111-RKSPX,Male,No,No,No,4,Yes,Yes,Fiber optic,No,No,No,No,No,No,Month-to-month,Yes,Bank transfer (automatic),72.2,305.55,Yes,Yes,0.104925806424835,0.8950741935751649,Create and Promote mid to long term contracts,Promote Tech Services,No action needed,Customize communication for customers with no dependents.
6198,6198,2856-NNASM,Male,Yes,No,No,43,Yes,No,Fiber optic,No,No,No,No,Yes,Yes,Month-to-month,Yes,Mailed check,89.55,3856.75,Yes,Yes,0.4388396840218735,0.5611603159781264,Create and Promote mid to long term contracts,Promote Tech Services,Enhance and Promote Entertainment Services,Engage with senior citizens to better understand their needs and concerns.
6206,6206,6769-DYBQN,Male,Yes,No,No,46,Yes,No,Fiber optic,Yes,No,No,No,No,Yes,Month-to-month,No,Electronic check,85.0,3969.4,Yes,Yes,0.3566868478471373,0.6433131521528627,Create and Promote mid to long term contracts,Promote Tech Services,Enhance and Promote Entertainment Services,Engage with senior citizens to better understand their needs and concerns.
6210,6210,4439-JMPMT,Female,No,Yes,Yes,5,Yes,No,Fiber optic,No,No,No,Yes,Yes,No,Month-to-month,Yes,Electronic check,85.75,470.95,Yes,Yes,0.1756585983657032,0.8243414016342968,Create and Promote mid to long term contracts,Promote Tech Services,Enhance and Promote Entertainment Services,No action needed
6214,6214,2446-BEGGB,Female,Yes,No,No,6,Yes,Yes,Fiber optic,No,Yes,No,No,Yes,Yes,Month-to-month,Yes,Electronic check,98.25,560.6,Yes,Yes,0.0911147030765341,0.908885296923466,Create and Promote mid to long term contracts,Promote Tech Services,Enhance and Promote Entertainment Services,Engage with senior citizens to better understand their needs and concerns.
6218,6218,1496-GGSUK,Female,Yes,No,No,1,No,No phone service,DSL,No,No,No,No,No,No,Month-to-month,Yes,Mailed check,25.7,25.7,Yes,Yes,0.0851244816373962,0.9148755183626036,Create and Promote mid to long term contracts,Promote Tech Services,No action needed,Engage with senior citizens to better understand their needs and concerns.
6222,6222,2575-GFSOE,Female,No,Yes,Yes,7,Yes,No,Fiber optic,No,No,No,No,No,No,Month-to-month,Yes,Electronic check,69.0,506.9,Yes,Yes,0.4409829537099151,0.5590170462900849,Create and Promote mid to long term contracts,Promote Tech Services,No action needed,No action needed
6226,6226,2842-JTCCU,Male,No,No,No,2,Yes,No,DSL,No,No,No,No,No,No,Month-to-month,No,Bank transfer (automatic),46.05,80.35,Yes,Yes,0.1510671103789738,0.8489328896210262,Create and Promote mid to long term contracts,Promote Tech Services,No action needed,Customize communication for customers with no dependents.
6230,6230,3296-SILRA,Female,Yes,Yes,No,1,Yes,No,Fiber optic,No,Yes,No,No,No,No,Month-to-month,Yes,Mailed check,76.4,76.4,Yes,Yes,0.1227422524027226,0.8772577475972774,Create and Promote mid to long term contracts,Promote Tech Services,No action needed,Engage with senior citizens to better understand their needs and concerns.
6231,6231,9681-OXGVC,Female,No,No,No,5,Yes,Yes,Fiber optic,No,No,Yes,No,Yes,Yes,Month-to-month,Yes,Electronic check,100.5,514.0,Yes,Yes,0.0689233103916071,0.9310766896083928,Create and Promote mid to long term contracts,Promote Tech Services,Enhance and Promote Entertainment Services,Customize communication for customers with no dependents.
6234,6234,5180-UCIIQ,Male,Yes,Yes,Yes,22,No,No phone service,DSL,Yes,No,No,No,No,Yes,Month-to-month,No,Mailed check,40.05,880.2,Yes,Yes,0.3995926037029573,0.6004073962970427,Create and Promote mid to long term contracts,Promote Tech Services,Enhance and Promote Entertainment Services,Engage with senior citizens to better understand their needs and concerns.
6236,6236,7153-OANIO,Male,No,No,No,1,Yes,No,Fiber optic,No,No,No,No,No,No,Month-to-month,No,Electronic check,69.95,69.95,Yes,Yes,0.0797044008340317,0.9202955991659684,Create and Promote mid to long term contracts,Promote Tech Services,No action needed,Customize communication for customers with no dependents.
6239,6239,6521-YYTYI,Male,No,No,Yes,1,Yes,Yes,Fiber optic,No,No,No,No,Yes,Yes,Month-to-month,Yes,Electronic check,93.3,93.3,Yes,Yes,0.0950682304246868,0.9049317695753132,Create and Promote mid to long term contracts,Promote Tech Services,Enhance and Promote Entertainment Services,No action needed
6240,6240,8878-HMWBV,Male,No,No,No,3,Yes,No,DSL,No,No,Yes,No,No,No,Month-to-month,Yes,Electronic check,49.15,169.05,Yes,Yes,0.1592929823136221,0.8407070176863779,Create and Promote mid to long term contracts,Promote Tech Services,No action needed,Customize communication for customers with no dependents.
6243,6243,5331-RGMTT,Male,Yes,Yes,No,54,Yes,Yes,Fiber optic,No,No,Yes,No,Yes,Yes,Month-to-month,Yes,Credit card (automatic),99.05,5295.7,No,Yes,0.3984228837586767,0.6015771162413233,Create and Promote mid to long term contracts,Promote Tech Services,Enhance and Promote Entertainment Services,Engage with senior citizens to better understand their needs and concerns.
6248,6248,7823-JSOAG,Male,No,No,No,3,Yes,Yes,Fiber optic,No,No,No,No,No,No,Month-to-month,No,Electronic check,74.5,217.45,No,Yes,0.1886605509381934,0.8113394490618066,Create and Promote mid to long term contracts,Promote Tech Services,No action needed,Customize communication for customers with no dependents.
6255,6255,3751-KTZEL,Female,No,No,No,1,No,No phone service,DSL,No,No,No,No,No,Yes,Month-to-month,No,Mailed check,35.05,35.05,Yes,Yes,0.1156409132073938,0.8843590867926061,Create and Promote mid to long term contracts,Promote Tech Services,Enhance and Promote Entertainment Services,Customize communication for customers with no dependents.
6256,6256,1977-STDKI,Female,Yes,No,No,1,Yes,No,Fiber optic,No,Yes,No,No,No,No,Month-to-month,Yes,Electronic check,73.0,73.0,Yes,Yes,0.1065758494326972,0.8934241505673027,Create and Promote mid to long term contracts,Promote Tech Services,No action needed,Engage with senior citizens to better understand their needs and concerns.
6264,6264,3278-FSIXX,Female,No,No,No,2,Yes,No,DSL,No,No,No,No,No,No,Month-to-month,Yes,Mailed check,45.25,74.2,No,Yes,0.3720667235573173,0.6279332764426827,Create and Promote mid to long term contracts,Promote Tech Services,No action needed,Customize communication for customers with no dependents.
6265,6265,5813-UECBU,Male,Yes,No,No,33,Yes,Yes,Fiber optic,No,Yes,Yes,No,No,No,Month-to-month,Yes,Credit card (automatic),83.85,2716.3,Yes,Yes,0.4140696083240534,0.5859303916759466,Create and Promote mid to long term contracts,Promote Tech Services,No action needed,Engage with senior citizens to better understand their needs and concerns.
6266,6266,0328-GRPMV,Female,No,No,No,1,Yes,No,Fiber optic,No,No,No,No,No,No,Month-to-month,Yes,Electronic check,70.1,70.1,Yes,Yes,0.0779490156774929,0.9220509843225072,Create and Promote mid to long term contracts,Promote Tech Services,No action needed,Customize communication for customers with no dependents.
6272,6272,4342-HENTK,Female,Yes,No,No,2,Yes,No,Fiber optic,No,No,No,No,No,No,Month-to-month,Yes,Electronic check,70.65,142.35,Yes,Yes,0.164507209324096,0.835492790675904,Create and Promote mid to long term contracts,Promote Tech Services,No action needed,Engage with senior citizens to better understand their needs and concerns.
6276,6276,4195-SMMNX,Male,No,No,No,2,Yes,No,No,No internet service,No internet service,No internet service,No internet service,No internet service,No internet service,Month-to-month,No,Mailed check,20.35,33.2,Yes,Yes,0.4891714213192932,0.5108285786807067,Create and Promote mid to long term contracts,No action needed,No action needed,Customize communication for customers with no dependents.
6282,6282,6956-SMUCM,Female,No,No,No,3,Yes,No,Fiber optic,Yes,No,Yes,No,Yes,Yes,Month-to-month,Yes,Credit card (automatic),99.0,287.4,Yes,Yes,0.1279738070119573,0.8720261929880426,Create and Promote mid to long term contracts,Promote Tech Services,Enhance and Promote Entertainment Services,Customize communication for customers with no dependents.
6283,6283,2985-FMWYF,Female,No,No,No,23,Yes,Yes,Fiber optic,No,No,No,No,Yes,Yes,Month-to-month,Yes,Electronic check,93.5,2341.55,No,Yes,0.2281709344036353,0.7718290655963647,Create and Promote mid to long term contracts,Promote Tech Services,Enhance and Promote Entertainment Services,Customize communication for customers with no dependents.
6286,6286,3223-WZWJM,Male,No,No,No,26,Yes,Yes,Fiber optic,No,No,No,No,No,Yes,Month-to-month,Yes,Electronic check,83.95,2254.2,Yes,Yes,0.2615343166169567,0.7384656833830433,Create and Promote mid to long term contracts,Promote Tech Services,Enhance and Promote Entertainment Services,Customize communication for customers with no dependents.
6287,6287,3422-GALYP,Male,No,No,No,2,Yes,Yes,Fiber optic,No,Yes,No,No,No,No,Month-to-month,Yes,Electronic check,79.45,145.15,No,Yes,0.3741525725537192,0.6258474274462807,Create and Promote mid to long term contracts,Promote Tech Services,No action needed,Customize communication for customers with no dependents.
6289,6289,2530-ENDWQ,Female,No,Yes,No,71,Yes,Yes,Fiber optic,No,No,No,No,Yes,Yes,Two year,Yes,Bank transfer (automatic),93.7,6585.35,Yes,Yes,0.4173805226653205,0.5826194773346794,No action needed,Promote Tech Services,Enhance and Promote Entertainment Services,Customize communication for customers with no dependents.
6293,6293,6615-ZGEDR,Male,No,No,No,1,Yes,No,No,No internet service,No internet service,No internet service,No internet service,No internet service,No internet service,Month-to-month,No,Mailed check,19.7,19.7,Yes,Yes,0.3663982799854638,0.6336017200145362,Create and Promote mid to long term contracts,No action needed,No action needed,Customize communication for customers with no dependents.
6301,6301,9250-WYPLL,Female,No,No,No,5,Yes,Yes,Fiber optic,No,No,No,No,No,No,Month-to-month,No,Electronic check,75.55,413.65,Yes,Yes,0.1513898221370511,0.8486101778629489,Create and Promote mid to long term contracts,Promote Tech Services,No action needed,Customize communication for customers with no dependents.
6303,6303,2754-XBHTB,Female,No,No,No,9,Yes,No,Fiber optic,No,No,No,No,Yes,No,Month-to-month,Yes,Bank transfer (automatic),77.65,714.15,Yes,Yes,0.1020316341112885,0.8979683658887114,Create and Promote mid to long term contracts,Promote Tech Services,Enhance and Promote Entertainment Services,Customize communication for customers with no dependents.
6304,6304,1597-LHYNC,Female,Yes,No,No,26,Yes,Yes,Fiber optic,Yes,Yes,No,No,No,Yes,Month-to-month,Yes,Electronic check,95.0,2497.2,Yes,Yes,0.2890989210424571,0.7109010789575428,Create and Promote mid to long term contracts,Promote Tech Services,Enhance and Promote Entertainment Services,Engage with senior citizens to better understand their needs and concerns.
6307,6307,5442-BHQNG,Female,No,No,No,2,Yes,No,Fiber optic,No,No,No,No,No,No,Month-to-month,No,Electronic check,70.35,139.25,No,Yes,0.1602801762192394,0.8397198237807606,Create and Promote mid to long term contracts,Promote Tech Services,No action needed,Customize communication for customers with no dependents.
6312,6312,0754-UKWQP,Male,No,No,No,2,Yes,No,Fiber optic,No,No,Yes,No,Yes,Yes,Month-to-month,Yes,Electronic check,95.85,197.7,Yes,Yes,0.1108004376548661,0.8891995623451339,Create and Promote mid to long term contracts,Promote Tech Services,Enhance and Promote Entertainment Services,Customize communication for customers with no dependents.
6313,6313,8873-GLDMH,Female,No,No,No,6,Yes,Yes,Fiber optic,No,No,No,No,No,No,Month-to-month,Yes,Mailed check,73.85,401.3,No,Yes,0.3793982624117202,0.6206017375882797,Create and Promote mid to long term contracts,Promote Tech Services,No action needed,Customize communication for customers with no dependents.
6316,6316,7493-TPUWZ,Male,No,No,No,1,Yes,Yes,Fiber optic,No,Yes,No,No,No,No,Month-to-month,Yes,Electronic check,79.15,79.15,Yes,Yes,0.1330411787059295,0.8669588212940704,Create and Promote mid to long term contracts,Promote Tech Services,No action needed,Customize communication for customers with no dependents.
6321,6321,8752-STIVR,Female,No,No,No,4,Yes,No,Fiber optic,No,No,No,No,Yes,No,Month-to-month,Yes,Electronic check,79.0,303.15,Yes,Yes,0.0742824084508543,0.9257175915491456,Create and Promote mid to long term contracts,Promote Tech Services,Enhance and Promote Entertainment Services,Customize communication for customers with no dependents.
6324,6324,4558-FANTW,Female,No,Yes,Yes,17,Yes,No,Fiber optic,Yes,No,No,Yes,Yes,No,Month-to-month,No,Electronic check,91.85,1574.45,Yes,Yes,0.3361556377511364,0.6638443622488636,Create and Promote mid to long term contracts,Promote Tech Services,Enhance and Promote Entertainment Services,No action needed
6332,6332,8651-ENBZX,Female,Yes,No,No,60,Yes,Yes,Fiber optic,No,No,Yes,Yes,Yes,Yes,One year,Yes,Electronic check,106.0,6441.4,Yes,Yes,0.259271189613762,0.740728810386238,Create and Promote mid to long term contracts,Promote Tech Services,Enhance and Promote Entertainment Services,Engage with senior citizens to better understand their needs and concerns.
6337,6337,2081-KJSQF,Male,No,No,No,1,Yes,No,No,No internet service,No internet service,No internet service,No internet service,No internet service,No internet service,Month-to-month,Yes,Mailed check,20.25,20.25,No,Yes,0.4530318340164102,0.5469681659835898,Create and Promote mid to long term contracts,No action needed,No action needed,Customize communication for customers with no dependents.
6340,6340,9330-IJWIO,Female,No,No,No,13,Yes,Yes,Fiber optic,Yes,No,No,No,Yes,Yes,Month-to-month,Yes,Electronic check,100.35,1358.85,Yes,Yes,0.1064766214015986,0.8935233785984014,Create and Promote mid to long term contracts,Promote Tech Services,Enhance and Promote Entertainment Services,Customize communication for customers with no dependents.
6341,6341,3384-CTMSF,Male,No,Yes,No,47,Yes,Yes,Fiber optic,No,Yes,Yes,No,Yes,Yes,Month-to-month,Yes,Electronic check,104.1,5135.15,No,Yes,0.368165906275437,0.631834093724563,Create and Promote mid to long term contracts,Promote Tech Services,Enhance and Promote Entertainment Services,Customize communication for customers with no dependents.
6343,6343,9286-DOJGF,Female,Yes,Yes,No,38,Yes,Yes,Fiber optic,No,No,No,No,No,No,Month-to-month,Yes,Bank transfer (automatic),74.95,2869.85,Yes,Yes,0.3542695395423458,0.6457304604576541,Create and Promote mid to long term contracts,Promote Tech Services,No action needed,Engage with senior citizens to better understand their needs and concerns.
6345,6345,9661-MHUMO,Male,Yes,Yes,Yes,1,Yes,No,DSL,No,No,No,Yes,No,No,Month-to-month,Yes,Credit card (automatic),49.25,49.25,Yes,Yes,0.2692181392858671,0.7307818607141329,Create and Promote mid to long term contracts,Promote Tech Services,No action needed,Engage with senior citizens to better understand their needs and concerns.
6347,6347,1025-FALIX,Female,No,No,No,26,Yes,No,Fiber optic,No,No,No,No,No,No,Month-to-month,Yes,Credit card (automatic),69.05,1815.65,No,Yes,0.4738013111897745,0.5261986888102255,Create and Promote mid to long term contracts,Promote Tech Services,No action needed,Customize communication for customers with no dependents.
6359,6359,8073-IJDCM,Female,No,No,No,1,Yes,No,No,No internet service,No internet service,No internet service,No internet service,No internet service,No internet service,Month-to-month,Yes,Mailed check,20.3,20.3,Yes,Yes,0.417017852080804,0.582982147919196,Create and Promote mid to long term contracts,No action needed,No action needed,Customize communication for customers with no dependents.
6361,6361,6856-RAURS,Female,No,No,No,2,Yes,Yes,Fiber optic,No,No,No,No,No,No,Month-to-month,Yes,Mailed check,74.9,136.05,No,Yes,0.3557138545223408,0.6442861454776592,Create and Promote mid to long term contracts,Promote Tech Services,No action needed,Customize communication for customers with no dependents.
6362,6362,8778-LMWTJ,Female,No,No,No,9,Yes,No,Fiber optic,Yes,No,No,No,No,No,Month-to-month,Yes,Electronic check,74.85,708.2,No,Yes,0.4765967727765609,0.5234032272234391,Create and Promote mid to long term contracts,Promote Tech Services,No action needed,Customize communication for customers with no dependents.
6364,6364,8884-ADFVN,Male,Yes,Yes,No,7,Yes,Yes,Fiber optic,No,No,Yes,No,Yes,Yes,Month-to-month,Yes,Electronic check,101.95,700.85,Yes,Yes,0.0957461329323942,0.9042538670676058,Create and Promote mid to long term contracts,Promote Tech Services,Enhance and Promote Entertainment Services,Engage with senior citizens to better understand their needs and concerns.
6367,6367,2720-WGKHP,Male,Yes,No,No,2,Yes,Yes,Fiber optic,No,No,No,No,Yes,Yes,Month-to-month,Yes,Electronic check,94.0,181.7,Yes,Yes,0.1094965533452958,0.8905034466547042,Create and Promote mid to long term contracts,Promote Tech Services,Enhance and Promote Entertainment Services,Engage with senior citizens to better understand their needs and concerns.
6369,6369,2869-ADAWR,Female,No,No,No,45,Yes,Yes,Fiber optic,No,Yes,No,No,Yes,No,Month-to-month,Yes,Credit card (automatic),89.3,4016.85,Yes,Yes,0.2720121625913394,0.7279878374086606,Create and Promote mid to long term contracts,Promote Tech Services,Enhance and Promote Entertainment Services,Customize communication for customers with no dependents.
6374,6374,9894-EZEWG,Female,No,No,No,1,Yes,No,Fiber optic,No,Yes,No,No,No,No,Month-to-month,Yes,Credit card (automatic),74.3,74.3,Yes,Yes,0.0533645829670982,0.9466354170329018,Create and Promote mid to long term contracts,Promote Tech Services,No action needed,Customize communication for customers with no dependents.
6376,6376,7851-FLGGQ,Male,No,No,No,1,No,No phone service,DSL,No,Yes,No,Yes,No,Yes,Month-to-month,Yes,Mailed check,44.65,44.65,Yes,Yes,0.291094990660474,0.7089050093395259,Create and Promote mid to long term contracts,Promote Tech Services,Enhance and Promote Entertainment Services,Customize communication for customers with no dependents.
6377,6377,0637-UBJRP,Male,No,Yes,Yes,13,Yes,No,Fiber optic,Yes,No,No,No,No,Yes,Month-to-month,No,Electronic check,84.05,1095.3,Yes,Yes,0.4930786340801829,0.5069213659198171,Create and Promote mid to long term contracts,Promote Tech Services,Enhance and Promote Entertainment Services,No action needed
6378,6378,0940-OUQEC,Male,No,No,No,10,Yes,Yes,Fiber optic,No,Yes,No,No,No,No,Month-to-month,Yes,Bank transfer (automatic),80.7,788.8,Yes,Yes,0.2714577299529387,0.7285422700470613,Create and Promote mid to long term contracts,Promote Tech Services,No action needed,Customize communication for customers with no dependents.
6384,6384,0702-PGIBZ,Male,No,No,Yes,4,Yes,Yes,Fiber optic,No,Yes,No,No,Yes,Yes,Month-to-month,Yes,Electronic check,101.7,364.55,Yes,Yes,0.097029791819145,0.9029702081808548,Create and Promote mid to long term contracts,Promote Tech Services,Enhance and Promote Entertainment Services,No action needed
6387,6387,1963-VAUKV,Female,No,No,No,1,Yes,No,No,No internet service,No internet service,No internet service,No internet service,No internet service,No internet service,Month-to-month,No,Mailed check,20.4,20.4,Yes,Yes,0.4423076912167012,0.5576923087832988,Create and Promote mid to long term contracts,No action needed,No action needed,Customize communication for customers with no dependents.
6394,6394,3058-HJCUY,Male,No,Yes,Yes,41,Yes,Yes,Fiber optic,No,No,Yes,Yes,Yes,Yes,One year,Yes,Electronic check,102.6,4213.35,Yes,Yes,0.4694554976575207,0.5305445023424793,Create and Promote mid to long term contracts,Promote Tech Services,Enhance and Promote Entertainment Services,No action needed
6397,6397,3259-FDWOY,Male,No,Yes,Yes,71,Yes,Yes,Fiber optic,No,Yes,Yes,No,Yes,Yes,Two year,Yes,Bank transfer (automatic),106.0,7723.7,Yes,Yes,0.3473183249379499,0.6526816750620501,No action needed,Promote Tech Services,Enhance and Promote Entertainment Services,No action needed
6400,6400,0807-ZABDG,Female,No,No,Yes,3,Yes,No,DSL,Yes,No,No,Yes,No,No,Month-to-month,Yes,Mailed check,55.1,154.65,Yes,Yes,0.4825252624174411,0.5174747375825589,Create and Promote mid to long term contracts,Promote Tech Services,No action needed,No action needed
6407,6407,5748-RNCJT,Male,No,No,No,69,Yes,Yes,Fiber optic,No,No,Yes,Yes,Yes,Yes,Two year,Yes,Bank transfer (automatic),106.5,7348.8,Yes,Yes,0.3874231934492231,0.6125768065507768,No action needed,Promote Tech Services,Enhance and Promote Entertainment Services,Customize communication for customers with no dependents.
6412,6412,7739-LAXOG,Female,No,Yes,Yes,32,Yes,Yes,Fiber optic,No,No,Yes,No,No,Yes,Month-to-month,Yes,Bank transfer (automatic),91.05,2954.5,Yes,Yes,0.457434407297757,0.542565592702243,Create and Promote mid to long term contracts,Promote Tech Services,Enhance and Promote Entertainment Services,No action needed
6416,6416,9776-CLUJA,Female,Yes,Yes,No,51,Yes,Yes,Fiber optic,Yes,No,No,No,No,No,Month-to-month,Yes,Electronic check,77.5,3807.35,Yes,Yes,0.4289713896192446,0.5710286103807554,Create and Promote mid to long term contracts,Promote Tech Services,No action needed,Engage with senior citizens to better understand their needs and concerns.
6427,6427,2079-FBMZK,Female,No,No,No,6,Yes,No,Fiber optic,No,No,No,No,No,No,Month-to-month,Yes,Mailed check,69.25,418.4,Yes,Yes,0.332415370868282,0.667584629131718,Create and Promote mid to long term contracts,Promote Tech Services,No action needed,Customize communication for customers with no dependents.
6433,6433,6608-QQLVK,Male,No,No,No,1,Yes,No,DSL,No,No,Yes,No,No,No,Month-to-month,Yes,Electronic check,50.5,50.5,Yes,Yes,0.0803656105880815,0.9196343894119184,Create and Promote mid to long term contracts,Promote Tech Services,No action needed,Customize communication for customers with no dependents.
6437,6437,3551-HUAZH,Male,Yes,No,No,1,Yes,Yes,Fiber optic,No,No,No,No,No,No,Month-to-month,Yes,Electronic check,74.4,74.4,Yes,Yes,0.0607361654307244,0.9392638345692756,Create and Promote mid to long term contracts,Promote Tech Services,No action needed,Engage with senior citizens to better understand their needs and concerns.
6439,6439,2809-ZMYOQ,Female,No,No,No,32,Yes,Yes,Fiber optic,No,No,Yes,No,Yes,Yes,Month-to-month,Yes,Electronic check,101.35,3334.9,No,Yes,0.4105779063381488,0.5894220936618512,Create and Promote mid to long term contracts,Promote Tech Services,Enhance and Promote Entertainment Services,Customize communication for customers with no dependents.
6447,6447,3685-YLCMQ,Male,No,No,No,58,Yes,Yes,Fiber optic,No,No,Yes,Yes,Yes,Yes,One year,Yes,Electronic check,104.65,6219.6,Yes,Yes,0.3190200620956028,0.6809799379043971,Create and Promote mid to long term contracts,Promote Tech Services,Enhance and Promote Entertainment Services,Customize communication for customers with no dependents.
6448,6448,7601-WFVZV,Male,No,No,No,1,Yes,No,No,No internet service,No internet service,No internet service,No internet service,No internet service,No internet service,Month-to-month,No,Mailed check,19.55,19.55,No,Yes,0.4548735936398648,0.5451264063601352,Create and Promote mid to long term contracts,No action needed,No action needed,Customize communication for customers with no dependents.
6452,6452,8634-MPHTR,Male,Yes,Yes,No,47,Yes,Yes,Fiber optic,No,No,Yes,No,Yes,Yes,Month-to-month,Yes,Electronic check,100.05,4871.05,Yes,Yes,0.2687718198660288,0.7312281801339712,Create and Promote mid to long term contracts,Promote Tech Services,Enhance and Promote Entertainment Services,Engage with senior citizens to better understand their needs and concerns.
6459,6459,8761-NSOBC,Male,No,No,No,44,Yes,No,Fiber optic,No,Yes,No,Yes,Yes,Yes,Month-to-month,No,Electronic check,100.55,4398.15,Yes,Yes,0.3700212470520001,0.6299787529479999,Create and Promote mid to long term contracts,Promote Tech Services,Enhance and Promote Entertainment Services,Customize communication for customers with no dependents.
6461,6461,8413-VONUO,Male,No,No,No,2,Yes,No,Fiber optic,No,Yes,No,No,Yes,Yes,Month-to-month,No,Electronic check,95.65,167.3,Yes,Yes,0.2823377517281398,0.7176622482718602,Create and Promote mid to long term contracts,Promote Tech Services,Enhance and Promote Entertainment Services,Customize communication for customers with no dependents.
6466,6466,9494-MRNYX,Male,No,No,No,10,Yes,Yes,Fiber optic,No,No,No,No,No,No,Month-to-month,No,Electronic check,75.05,786.3,No,Yes,0.3351128617413884,0.6648871382586116,Create and Promote mid to long term contracts,Promote Tech Services,No action needed,Customize communication for customers with no dependents.
6472,6472,9223-UCPVT,Female,No,No,No,1,Yes,No,Fiber optic,No,No,Yes,No,Yes,Yes,Month-to-month,No,Electronic check,94.4,94.4,Yes,Yes,0.0369609092734158,0.963039090726584,Create and Promote mid to long term contracts,Promote Tech Services,Enhance and Promote Entertainment Services,Customize communication for customers with no dependents.
6478,6478,4351-QLCSU,Female,No,No,No,1,Yes,No,DSL,No,No,No,No,Yes,No,Month-to-month,Yes,Credit card (automatic),55.0,55.0,Yes,Yes,0.1441899241503248,0.8558100758496752,Create and Promote mid to long term contracts,Promote Tech Services,Enhance and Promote Entertainment Services,Customize communication for customers with no dependents.
6481,6481,5419-JPRRN,Male,No,No,No,1,Yes,Yes,Fiber optic,No,No,Yes,No,Yes,Yes,Month-to-month,Yes,Electronic check,101.45,101.45,Yes,Yes,0.035783447171566,0.964216552828434,Create and Promote mid to long term contracts,Promote Tech Services,Enhance and Promote Entertainment Services,Customize communication for customers with no dependents.
6485,6485,2100-BDNSN,Female,No,Yes,No,5,Yes,Yes,DSL,No,No,Yes,Yes,Yes,No,Month-to-month,No,Bank transfer (automatic),67.95,350.3,Yes,Yes,0.3405820049471324,0.6594179950528676,Create and Promote mid to long term contracts,Promote Tech Services,Enhance and Promote Entertainment Services,Customize communication for customers with no dependents.
6487,6487,0488-GSLFR,Female,No,No,No,1,Yes,No,Fiber optic,No,No,No,No,No,No,Month-to-month,Yes,Electronic check,69.5,69.5,Yes,Yes,0.0444574376114741,0.955542562388526,Create and Promote mid to long term contracts,Promote Tech Services,No action needed,Customize communication for customers with no dependents.
6488,6488,9318-NKNFC,Male,No,No,No,1,Yes,No,No,No internet service,No internet service,No internet service,No internet service,No internet service,No internet service,Month-to-month,Yes,Mailed check,18.85,18.85,Yes,Yes,0.4049315239793615,0.5950684760206385,Create and Promote mid to long term contracts,No action needed,No action needed,Customize communication for customers with no dependents.
6490,6490,9728-FTTVZ,Female,No,No,No,1,Yes,No,Fiber optic,No,No,No,No,No,No,Month-to-month,Yes,Electronic check,69.2,69.2,Yes,Yes,0.045380618082859,0.9546193819171408,Create and Promote mid to long term contracts,Promote Tech Services,No action needed,Customize communication for customers with no dependents.
6494,6494,7254-IQWOZ,Male,No,No,No,1,Yes,No,Fiber optic,No,No,No,No,No,No,Month-to-month,Yes,Electronic check,69.65,69.65,Yes,Yes,0.0572020431412148,0.9427979568587852,Create and Promote mid to long term contracts,Promote Tech Services,No action needed,Customize communication for customers with no dependents.
6495,6495,2474-BRUCM,Male,Yes,Yes,No,40,Yes,Yes,Fiber optic,Yes,No,No,No,Yes,Yes,Month-to-month,No,Electronic check,101.85,4086.3,Yes,Yes,0.3769708030459617,0.6230291969540382,Create and Promote mid to long term contracts,Promote Tech Services,Enhance and Promote Entertainment Services,Engage with senior citizens to better understand their needs and concerns.
6496,6496,4062-HBMOS,Male,No,No,No,52,Yes,Yes,Fiber optic,No,Yes,Yes,No,Yes,Yes,Month-to-month,Yes,Electronic check,103.05,5364.8,No,Yes,0.4148088388937067,0.5851911611062933,Create and Promote mid to long term contracts,Promote Tech Services,Enhance and Promote Entertainment Services,Customize communication for customers with no dependents.
6497,6497,0742-NXBGR,Female,No,No,No,1,Yes,No,Fiber optic,No,Yes,Yes,No,No,No,Month-to-month,Yes,Electronic check,82.3,82.3,Yes,Yes,0.1075296383224174,0.8924703616775825,Create and Promote mid to long term contracts,Promote Tech Services,No action needed,Customize communication for customers with no dependents.
6503,6503,6110-OHIHY,Male,No,No,No,3,Yes,No,Fiber optic,No,No,No,No,Yes,No,Month-to-month,No,Electronic check,79.25,267.6,Yes,Yes,0.1181280483183397,0.8818719516816602,Create and Promote mid to long term contracts,Promote Tech Services,Enhance and Promote Entertainment Services,Customize communication for customers with no dependents.
6505,6505,5889-LFOLL,Female,No,No,No,13,Yes,Yes,Fiber optic,No,No,No,No,No,Yes,Month-to-month,Yes,Electronic check,84.6,1115.2,Yes,Yes,0.1328252119164044,0.8671747880835956,Create and Promote mid to long term contracts,Promote Tech Services,Enhance and Promote Entertainment Services,Customize communication for customers with no dependents.
6507,6507,8708-XPXHZ,Female,No,Yes,Yes,42,Yes,Yes,Fiber optic,No,No,No,No,Yes,Yes,Month-to-month,Yes,Electronic check,94.2,4186.3,Yes,Yes,0.358073974783392,0.641926025216608,Create and Promote mid to long term contracts,Promote Tech Services,Enhance and Promote Entertainment Services,No action needed
6508,6508,0616-ATFGB,Male,Yes,Yes,No,1,No,No phone service,DSL,No,No,No,No,No,No,Month-to-month,No,Electronic check,25.05,25.05,Yes,Yes,0.0927157869538284,0.9072842130461716,Create and Promote mid to long term contracts,Promote Tech Services,No action needed,Engage with senior citizens to better understand their needs and concerns.
6514,6514,7016-BPGEU,Female,No,No,No,29,No,No phone service,DSL,No,No,No,No,No,No,Month-to-month,Yes,Credit card (automatic),25.1,712.85,Yes,Yes,0.3767181565401569,0.623281843459843,Create and Promote mid to long term contracts,Promote Tech Services,No action needed,Customize communication for customers with no dependents.
6515,6515,6876-ADESB,Male,No,No,Yes,1,Yes,No,DSL,No,No,Yes,No,No,No,Month-to-month,No,Electronic check,48.95,48.95,Yes,Yes,0.1412079754709214,0.8587920245290785,Create and Promote mid to long term contracts,Promote Tech Services,No action needed,No action needed
6517,6517,1963-SVUCV,Male,No,No,No,1,Yes,No,DSL,No,No,No,No,No,No,Month-to-month,No,Electronic check,45.3,45.3,Yes,Yes,0.146305977605742,0.853694022394258,Create and Promote mid to long term contracts,Promote Tech Services,No action needed,Customize communication for customers with no dependents.
6519,6519,0220-EBGCE,Male,No,No,No,2,Yes,No,Fiber optic,No,No,Yes,No,No,Yes,Month-to-month,Yes,Electronic check,85.85,167.3,Yes,Yes,0.1741305389437154,0.8258694610562846,Create and Promote mid to long term contracts,Promote Tech Services,Enhance and Promote Entertainment Services,Customize communication for customers with no dependents.
6523,6523,2754-VDLTR,Male,No,No,Yes,10,Yes,Yes,Fiber optic,No,No,No,No,Yes,Yes,Month-to-month,No,Electronic check,95.2,930.4,Yes,Yes,0.2404877695264851,0.7595122304735149,Create and Promote mid to long term contracts,Promote Tech Services,Enhance and Promote Entertainment Services,No action needed
6525,6525,3190-XFANI,Male,No,No,Yes,49,Yes,Yes,Fiber optic,No,No,No,Yes,Yes,Yes,One year,Yes,Bank transfer (automatic),100.6,5069.65,Yes,Yes,0.4385499976146371,0.5614500023853629,Create and Promote mid to long term contracts,Promote Tech Services,Enhance and Promote Entertainment Services,No action needed
6528,6528,7235-NXZCP,Male,Yes,No,No,2,Yes,Yes,Fiber optic,No,No,No,No,No,No,Month-to-month,Yes,Mailed check,74.85,156.4,Yes,Yes,0.2480952660622409,0.751904733937759,Create and Promote mid to long term contracts,Promote Tech Services,No action needed,Engage with senior citizens to better understand their needs and concerns.
6534,6534,0520-FDVVT,Male,No,No,No,35,Yes,No,Fiber optic,No,Yes,Yes,No,Yes,Yes,One year,Yes,Bank transfer (automatic),102.35,3626.1,Yes,Yes,0.4363326004274122,0.5636673995725878,Create and Promote mid to long term contracts,Promote Tech Services,Enhance and Promote Entertainment Services,Customize communication for customers with no dependents.
6536,6536,1444-VVSGW,Male,No,Yes,No,70,Yes,Yes,Fiber optic,Yes,Yes,Yes,Yes,Yes,Yes,One year,No,Credit card (automatic),115.65,7968.85,Yes,Yes,0.4103001019799247,0.5896998980200753,Create and Promote mid to long term contracts,No action needed,Enhance and Promote Entertainment Services,Customize communication for customers with no dependents.
6537,6537,5712-PTIWW,Male,No,No,No,2,Yes,No,Fiber optic,No,No,Yes,Yes,No,No,Month-to-month,Yes,Electronic check,79.85,152.45,Yes,Yes,0.2193480397933158,0.7806519602066841,Create and Promote mid to long term contracts,Promote Tech Services,No action needed,Customize communication for customers with no dependents.
6541,6541,3315-TOTBP,Male,No,No,No,15,Yes,Yes,Fiber optic,No,No,No,No,No,No,Month-to-month,Yes,Mailed check,76.0,1130.85,Yes,Yes,0.3610766880729437,0.6389233119270563,Create and Promote mid to long term contracts,Promote Tech Services,No action needed,Customize communication for customers with no dependents.
6543,6543,6661-HBGWL,Female,Yes,No,No,42,Yes,Yes,Fiber optic,No,Yes,Yes,No,Yes,Yes,Month-to-month,Yes,Bank transfer (automatic),104.75,4323.45,Yes,Yes,0.2074625384197492,0.7925374615802507,Create and Promote mid to long term contracts,Promote Tech Services,Enhance and Promote Entertainment Services,Engage with senior citizens to better understand their needs and concerns.
6544,6544,1518-VOWAV,Female,No,No,No,9,Yes,No,DSL,Yes,Yes,No,No,Yes,Yes,Month-to-month,Yes,Electronic check,74.65,703.55,Yes,Yes,0.3932712736947085,0.6067287263052915,Create and Promote mid to long term contracts,Promote Tech Services,Enhance and Promote Entertainment Services,Customize communication for customers with no dependents.
6548,6548,5909-ECHUI,Female,No,No,No,1,Yes,No,DSL,No,No,No,No,No,Yes,Month-to-month,Yes,Electronic check,56.25,56.25,Yes,Yes,0.1054223767110822,0.8945776232889178,Create and Promote mid to long term contracts,Promote Tech Services,Enhance and Promote Entertainment Services,Customize communication for customers with no dependents.
6549,6549,1309-BXVOQ,Male,No,Yes,No,21,Yes,Yes,Fiber optic,No,No,Yes,Yes,Yes,Yes,Month-to-month,Yes,Electronic check,106.1,2249.95,Yes,Yes,0.2152834418578864,0.7847165581421136,Create and Promote mid to long term contracts,Promote Tech Services,Enhance and Promote Entertainment Services,Customize communication for customers with no dependents.
6551,6551,9317-WZPGV,Female,Yes,No,No,2,Yes,No,Fiber optic,No,No,No,No,No,Yes,Month-to-month,Yes,Bank transfer (automatic),79.75,159.4,Yes,Yes,0.1038287499549054,0.8961712500450946,Create and Promote mid to long term contracts,Promote Tech Services,Enhance and Promote Entertainment Services,Engage with senior citizens to better understand their needs and concerns.
6553,6553,2856-HYAPG,Female,No,No,No,1,Yes,No,Fiber optic,No,No,No,No,No,No,Month-to-month,No,Electronic check,68.65,68.65,Yes,Yes,0.0503886981520924,0.9496113018479077,Create and Promote mid to long term contracts,Promote Tech Services,No action needed,Customize communication for customers with no dependents.
6556,6556,8709-KRDVL,Female,No,No,No,33,Yes,Yes,Fiber optic,No,Yes,No,No,Yes,Yes,Month-to-month,Yes,Electronic check,100.0,3320.6,No,Yes,0.4046566611904842,0.5953433388095157,Create and Promote mid to long term contracts,Promote Tech Services,Enhance and Promote Entertainment Services,Customize communication for customers with no dependents.
6561,6561,3621-CEOVK,Female,Yes,Yes,No,14,Yes,Yes,Fiber optic,No,Yes,No,No,Yes,Yes,Month-to-month,Yes,Electronic check,100.2,1369.8,Yes,Yes,0.1735477731800299,0.8264522268199701,Create and Promote mid to long term contracts,Promote Tech Services,Enhance and Promote Entertainment Services,Engage with senior citizens to better understand their needs and concerns.
6562,6562,6906-ANDWJ,Male,No,Yes,Yes,15,Yes,Yes,Fiber optic,No,No,No,No,No,No,Month-to-month,Yes,Bank transfer (automatic),74.9,1107.25,Yes,Yes,0.331514411896893,0.668485588103107,Create and Promote mid to long term contracts,Promote Tech Services,No action needed,No action needed
6566,6566,6215-NQCPY,Male,No,No,No,15,Yes,Yes,Fiber optic,Yes,No,No,No,Yes,Yes,Month-to-month,Yes,Electronic check,99.7,1566.75,No,Yes,0.3805079797695224,0.6194920202304776,Create and Promote mid to long term contracts,Promote Tech Services,Enhance and Promote Entertainment Services,Customize communication for customers with no dependents.
6573,6573,6969-MVBAI,Female,Yes,No,No,9,Yes,Yes,Fiber optic,No,No,Yes,No,Yes,No,Month-to-month,Yes,Electronic check,90.1,816.8,No,Yes,0.3845383797021049,0.6154616202978951,Create and Promote mid to long term contracts,Promote Tech Services,Enhance and Promote Entertainment Services,Engage with senior citizens to better understand their needs and concerns.
6589,6589,1031-IIDEO,Female,No,No,No,1,Yes,No,Fiber optic,No,No,No,No,No,No,Month-to-month,Yes,Electronic check,70.85,70.85,Yes,Yes,0.0511671983287917,0.9488328016712082,Create and Promote mid to long term contracts,Promote Tech Services,No action needed,Customize communication for customers with no dependents.
6590,6590,5832-XKAES,Male,No,No,No,2,Yes,No,Fiber optic,No,No,No,No,No,No,Month-to-month,Yes,Credit card (automatic),69.8,134.7,Yes,Yes,0.2496444243449643,0.7503555756550356,Create and Promote mid to long term contracts,Promote Tech Services,No action needed,Customize communication for customers with no dependents.
6596,6596,9210-IAHGH,Female,No,No,No,7,Yes,No,DSL,No,No,No,Yes,Yes,Yes,Month-to-month,Yes,Credit card (automatic),70.75,450.8,Yes,Yes,0.3145400233548343,0.6854599766451657,Create and Promote mid to long term contracts,Promote Tech Services,Enhance and Promote Entertainment Services,Customize communication for customers with no dependents.
6598,6598,0023-XUOPT,Female,No,Yes,No,13,Yes,Yes,Fiber optic,No,Yes,Yes,No,Yes,No,Month-to-month,No,Electronic check,94.1,1215.6,Yes,Yes,0.2249541822818298,0.7750458177181702,Create and Promote mid to long term contracts,Promote Tech Services,Enhance and Promote Entertainment Services,Customize communication for customers with no dependents.
6599,6599,4592-IWTJI,Female,No,Yes,Yes,3,No,No phone service,DSL,Yes,No,No,No,No,No,Month-to-month,No,Credit card (automatic),29.7,91.7,Yes,Yes,0.3109205881422063,0.6890794118577936,Create and Promote mid to long term contracts,Promote Tech Services,No action needed,No action needed
6604,6604,7632-MNYOY,Male,Yes,No,No,66,Yes,Yes,Fiber optic,No,Yes,Yes,Yes,Yes,Yes,One year,No,Credit card (automatic),110.9,7432.05,Yes,Yes,0.2627646720345159,0.7372353279654841,Create and Promote mid to long term contracts,Promote Tech Services,Enhance and Promote Entertainment Services,Engage with senior citizens to better understand their needs and concerns.
6605,6605,6518-LGAOV,Female,No,Yes,No,38,Yes,Yes,Fiber optic,No,No,Yes,Yes,Yes,Yes,Month-to-month,Yes,Electronic check,105.0,4026.4,Yes,Yes,0.2987485643328071,0.7012514356671928,Create and Promote mid to long term contracts,Promote Tech Services,Enhance and Promote Entertainment Services,Customize communication for customers with no dependents.
6606,6606,7242-QZLXF,Male,No,No,Yes,1,No,No phone service,DSL,No,No,No,No,No,No,Month-to-month,Yes,Electronic check,25.3,25.3,Yes,Yes,0.1919174928307738,0.8080825071692261,Create and Promote mid to long term contracts,Promote Tech Services,No action needed,No action needed
6608,6608,1000-AJSLD,Male,No,No,No,1,Yes,No,No,No internet service,No internet service,No internet service,No internet service,No internet service,No internet service,Month-to-month,Yes,Mailed check,20.1,20.1,Yes,Yes,0.257836663513842,0.742163336486158,Create and Promote mid to long term contracts,No action needed,No action needed,Customize communication for customers with no dependents.
6611,6611,1062-LHZOD,Male,No,Yes,Yes,1,Yes,No,Fiber optic,No,No,No,No,No,No,Month-to-month,Yes,Mailed check,69.9,69.9,Yes,Yes,0.1404847344720777,0.8595152655279222,Create and Promote mid to long term contracts,Promote Tech Services,No action needed,No action needed
6615,6615,9600-NAXZN,Male,No,No,No,43,Yes,Yes,Fiber optic,No,Yes,No,No,Yes,Yes,Month-to-month,Yes,Electronic check,101.4,4528.0,Yes,Yes,0.0975263805886567,0.9024736194113432,Create and Promote mid to long term contracts,Promote Tech Services,Enhance and Promote Entertainment Services,Customize communication for customers with no dependents.
6619,6619,6457-USBER,Male,No,No,No,1,Yes,No,Fiber optic,No,No,No,No,No,Yes,Month-to-month,Yes,Electronic check,80.8,80.8,Yes,Yes,0.0732266358047273,0.9267733641952728,Create and Promote mid to long term contracts,Promote Tech Services,Enhance and Promote Entertainment Services,Customize communication for customers with no dependents.
6621,6621,4662-EKDPQ,Male,No,No,No,2,Yes,Yes,DSL,No,No,No,No,No,Yes,Month-to-month,No,Bank transfer (automatic),62.05,118.3,Yes,Yes,0.2750136288581662,0.7249863711418337,Create and Promote mid to long term contracts,Promote Tech Services,Enhance and Promote Entertainment Services,Customize communication for customers with no dependents.
6622,6622,9248-OJYKK,Male,Yes,No,No,1,Yes,Yes,Fiber optic,No,No,No,No,No,No,Month-to-month,Yes,Electronic check,76.45,76.45,Yes,Yes,0.0428857469833758,0.957114253016624,Create and Promote mid to long term contracts,Promote Tech Services,No action needed,Engage with senior citizens to better understand their needs and concerns.
6624,6624,3398-FSHON,Female,Yes,No,No,12,Yes,Yes,Fiber optic,No,Yes,No,No,Yes,No,Month-to-month,Yes,Electronic check,91.3,1094.5,Yes,Yes,0.1454042814574561,0.8545957185425439,Create and Promote mid to long term contracts,Promote Tech Services,Enhance and Promote Entertainment Services,Engage with senior citizens to better understand their needs and concerns.
6625,6625,3319-DWOEP,Male,Yes,Yes,No,6,Yes,No,Fiber optic,No,No,Yes,No,Yes,Yes,Month-to-month,Yes,Electronic check,95.75,573.75,Yes,Yes,0.2036190781559733,0.7963809218440266,Create and Promote mid to long term contracts,Promote Tech Services,Enhance and Promote Entertainment Services,Engage with senior citizens to better understand their needs and concerns.
6632,6632,4415-IJZTP,Female,No,No,No,1,Yes,Yes,Fiber optic,No,No,No,No,No,No,Month-to-month,Yes,Electronic check,74.5,74.5,Yes,Yes,0.0474123008223398,0.9525876991776602,Create and Promote mid to long term contracts,Promote Tech Services,No action needed,Customize communication for customers with no dependents.
6633,6633,1465-VINDH,Female,No,Yes,Yes,10,Yes,Yes,Fiber optic,No,Yes,Yes,No,Yes,Yes,Month-to-month,Yes,Credit card (automatic),102.1,1068.85,Yes,Yes,0.2238340728279831,0.7761659271720168,Create and Promote mid to long term contracts,Promote Tech Services,Enhance and Promote Entertainment Services,No action needed
6653,6653,1925-TIBLE,Female,No,Yes,No,7,Yes,Yes,Fiber optic,No,No,No,No,Yes,No,Month-to-month,Yes,Electronic check,86.5,582.5,Yes,Yes,0.1027688305635445,0.8972311694364554,Create and Promote mid to long term contracts,Promote Tech Services,Enhance and Promote Entertainment Services,Customize communication for customers with no dependents.
6657,6657,0818-OCPZO,Male,Yes,No,No,27,Yes,Yes,Fiber optic,No,Yes,No,No,No,No,Month-to-month,Yes,Electronic check,81.45,2122.05,Yes,Yes,0.3510092250087971,0.6489907749912028,Create and Promote mid to long term contracts,Promote Tech Services,No action needed,Engage with senior citizens to better understand their needs and concerns.
6659,6659,1447-GIQMR,Male,No,Yes,No,1,Yes,No,Fiber optic,No,No,No,No,No,No,Month-to-month,Yes,Electronic check,69.15,69.15,Yes,Yes,0.0662045724318696,0.9337954275681304,Create and Promote mid to long term contracts,Promote Tech Services,No action needed,Customize communication for customers with no dependents.
6662,6662,0674-EYYZV,Female,No,No,No,1,Yes,No,DSL,No,No,No,No,Yes,No,Month-to-month,Yes,Electronic check,54.65,54.65,No,Yes,0.2748792277964236,0.7251207722035764,Create and Promote mid to long term contracts,Promote Tech Services,Enhance and Promote Entertainment Services,Customize communication for customers with no dependents.
6666,6666,0872-NXJYS,Female,No,No,No,9,Yes,No,Fiber optic,No,No,No,No,No,Yes,Month-to-month,Yes,Electronic check,79.55,723.4,Yes,Yes,0.148105071675009,0.8518949283249909,Create and Promote mid to long term contracts,Promote Tech Services,Enhance and Promote Entertainment Services,Customize communication for customers with no dependents.
6668,6668,3588-WSTTJ,Female,Yes,No,No,35,Yes,Yes,Fiber optic,Yes,No,No,No,Yes,Yes,Month-to-month,Yes,Electronic check,99.05,3554.6,No,Yes,0.4538430090985361,0.5461569909014639,Create and Promote mid to long term contracts,Promote Tech Services,Enhance and Promote Entertainment Services,Engage with senior citizens to better understand their needs and concerns.
6672,6672,3798-EPWRR,Female,Yes,No,No,2,Yes,No,DSL,No,No,No,No,No,No,Month-to-month,No,Electronic check,43.95,85.1,No,Yes,0.4987812809799019,0.5012187190200981,Create and Promote mid to long term contracts,Promote Tech Services,No action needed,Engage with senior citizens to better understand their needs and concerns.
6680,6680,1389-CXMLU,Male,Yes,No,No,3,Yes,Yes,Fiber optic,No,No,Yes,No,Yes,No,Month-to-month,No,Electronic check,91.05,289.1,Yes,Yes,0.1730418895566671,0.8269581104433329,Create and Promote mid to long term contracts,Promote Tech Services,Enhance and Promote Entertainment Services,Engage with senior citizens to better understand their needs and concerns.
6686,6686,5561-NWEVX,Female,Yes,Yes,No,2,Yes,Yes,Fiber optic,No,No,Yes,No,No,No,Month-to-month,No,Electronic check,79.2,172.85,Yes,Yes,0.1521330688567356,0.8478669311432644,Create and Promote mid to long term contracts,Promote Tech Services,No action needed,Engage with senior citizens to better understand their needs and concerns.
6702,6702,2737-WFVYW,Female,No,No,No,2,No,No phone service,DSL,No,No,No,No,Yes,Yes,Month-to-month,Yes,Electronic check,45.25,85.5,Yes,Yes,0.084371152750781,0.915628847249219,Create and Promote mid to long term contracts,Promote Tech Services,Enhance and Promote Entertainment Services,Customize communication for customers with no dependents.
6705,6705,7878-RTCZG,Female,No,No,No,1,Yes,No,No,No internet service,No internet service,No internet service,No internet service,No internet service,No internet service,Month-to-month,No,Mailed check,19.9,19.9,No,Yes,0.4188192063924474,0.5811807936075526,Create and Promote mid to long term contracts,No action needed,No action needed,Customize communication for customers with no dependents.
6707,6707,2272-QAGFO,Female,Yes,No,No,14,Yes,Yes,Fiber optic,No,No,No,No,No,No,Month-to-month,Yes,Electronic check,74.3,1096.25,Yes,Yes,0.1299884101505398,0.8700115898494601,Create and Promote mid to long term contracts,Promote Tech Services,No action needed,Engage with senior citizens to better understand their needs and concerns.
6713,6713,7315-WYOAW,Male,No,No,No,13,Yes,Yes,Fiber optic,No,No,No,Yes,Yes,Yes,Month-to-month,No,Electronic check,100.75,1313.25,No,Yes,0.4656507231263914,0.5343492768736086,Create and Promote mid to long term contracts,Promote Tech Services,Enhance and Promote Entertainment Services,Customize communication for customers with no dependents.
6714,6714,1173-XZPYF,Female,No,No,No,11,Yes,Yes,Fiber optic,No,No,Yes,No,Yes,No,Month-to-month,Yes,Electronic check,89.2,990.3,No,Yes,0.3338425609017421,0.6661574390982579,Create and Promote mid to long term contracts,Promote Tech Services,Enhance and Promote Entertainment Services,Customize communication for customers with no dependents.
6715,6715,9850-OWRHQ,Female,No,Yes,No,3,Yes,Yes,Fiber optic,No,No,No,No,No,No,Month-to-month,Yes,Credit card (automatic),74.1,228.0,Yes,Yes,0.1094010064456888,0.8905989935543112,Create and Promote mid to long term contracts,Promote Tech Services,No action needed,Customize communication for customers with no dependents.
6716,6716,3768-NLUBH,Male,Yes,Yes,No,57,Yes,Yes,Fiber optic,No,No,Yes,No,Yes,Yes,Month-to-month,No,Electronic check,100.6,5746.15,Yes,Yes,0.2915631648350804,0.7084368351649196,Create and Promote mid to long term contracts,Promote Tech Services,Enhance and Promote Entertainment Services,Engage with senior citizens to better understand their needs and concerns.
6717,6717,8676-TRMJS,Male,No,No,No,3,Yes,Yes,Fiber optic,No,No,No,No,No,No,Month-to-month,No,Mailed check,75.0,209.1,Yes,Yes,0.2619017556828342,0.7380982443171658,Create and Promote mid to long term contracts,Promote Tech Services,No action needed,Customize communication for customers with no dependents.
6725,6725,0685-MLYYM,Female,Yes,No,No,2,Yes,No,Fiber optic,No,No,No,No,No,No,Month-to-month,No,Electronic check,70.75,154.85,Yes,Yes,0.1437339935948126,0.8562660064051874,Create and Promote mid to long term contracts,Promote Tech Services,No action needed,Engage with senior citizens to better understand their needs and concerns.
6739,6739,7957-RYHQD,Female,Yes,No,No,40,Yes,No,Fiber optic,Yes,Yes,No,No,No,No,Month-to-month,Yes,Credit card (automatic),79.2,3233.85,Yes,Yes,0.2251774890854161,0.7748225109145839,Create and Promote mid to long term contracts,Promote Tech Services,No action needed,Engage with senior citizens to better understand their needs and concerns.
6740,6740,2180-DXNEG,Female,No,No,No,12,Yes,No,Fiber optic,No,No,Yes,No,Yes,Yes,Month-to-month,Yes,Electronic check,96.0,1062.1,Yes,Yes,0.0952142907298799,0.90478570927012,Create and Promote mid to long term contracts,Promote Tech Services,Enhance and Promote Entertainment Services,Customize communication for customers with no dependents.
6744,6744,5515-AKOAJ,Female,No,No,No,54,Yes,Yes,Fiber optic,No,No,No,Yes,Yes,Yes,Month-to-month,Yes,Electronic check,100.1,5440.9,Yes,Yes,0.3180107004245106,0.6819892995754894,Create and Promote mid to long term contracts,Promote Tech Services,Enhance and Promote Entertainment Services,Customize communication for customers with no dependents.
6745,6745,8976-OQHGT,Female,No,Yes,Yes,4,Yes,No,DSL,No,Yes,No,Yes,No,No,Month-to-month,No,Mailed check,56.5,235.1,Yes,Yes,0.4618284767230411,0.5381715232769588,Create and Promote mid to long term contracts,Promote Tech Services,No action needed,No action needed
6747,6747,6230-BSUXY,Female,Yes,No,No,1,Yes,No,Fiber optic,No,No,Yes,No,No,Yes,Month-to-month,Yes,Electronic check,85.0,85.0,Yes,Yes,0.0858944843711018,0.9141055156288982,Create and Promote mid to long term contracts,Promote Tech Services,Enhance and Promote Entertainment Services,Engage with senior citizens to better understand their needs and concerns.
6759,6759,5295-PCJOO,Male,No,No,Yes,4,Yes,No,DSL,Yes,No,No,No,No,No,Month-to-month,Yes,Electronic check,49.4,184.4,Yes,Yes,0.3660579519946758,0.6339420480053242,Create and Promote mid to long term contracts,Promote Tech Services,No action needed,No action needed
6760,6760,2369-FEVNO,Male,No,No,No,1,Yes,No,No,No internet service,No internet service,No internet service,No internet service,No internet service,No internet service,Month-to-month,Yes,Mailed check,19.9,19.9,No,Yes,0.3926745692186674,0.6073254307813326,Create and Promote mid to long term contracts,No action needed,No action needed,Customize communication for customers with no dependents.
6763,6763,7660-HDPJV,Female,No,No,No,1,Yes,No,Fiber optic,No,No,No,No,No,No,Month-to-month,Yes,Electronic check,69.2,69.2,Yes,Yes,0.045380618082859,0.9546193819171408,Create and Promote mid to long term contracts,Promote Tech Services,No action needed,Customize communication for customers with no dependents.
6772,6772,3990-QYKBE,Male,Yes,Yes,No,37,Yes,Yes,Fiber optic,No,No,No,No,Yes,Yes,Month-to-month,Yes,Electronic check,92.5,3473.4,Yes,Yes,0.3597553171348853,0.6402446828651147,Create and Promote mid to long term contracts,Promote Tech Services,Enhance and Promote Entertainment Services,Engage with senior citizens to better understand their needs and concerns.
6773,6773,0970-QXPXW,Female,No,No,No,1,Yes,No,No,No internet service,No internet service,No internet service,No internet service,No internet service,No internet service,Month-to-month,No,Mailed check,19.65,19.65,No,Yes,0.4095279862662284,0.5904720137337716,Create and Promote mid to long term contracts,No action needed,No action needed,Customize communication for customers with no dependents.
6780,6780,4919-MOAVT,Male,No,No,Yes,3,Yes,No,Fiber optic,No,No,No,No,No,No,Month-to-month,No,Electronic check,69.65,220.1,Yes,Yes,0.2622422863186534,0.7377577136813466,Create and Promote mid to long term contracts,Promote Tech Services,No action needed,No action needed
6785,6785,9820-RMCQV,Female,No,No,No,11,Yes,No,DSL,Yes,No,No,No,No,No,Month-to-month,No,Credit card (automatic),48.55,501.0,Yes,Yes,0.3499429254629727,0.6500570745370273,Create and Promote mid to long term contracts,Promote Tech Services,No action needed,Customize communication for customers with no dependents.
6788,6788,7839-QRKXN,Female,No,No,No,1,Yes,No,No,No internet service,No internet service,No internet service,No internet service,No internet service,No internet service,Month-to-month,Yes,Mailed check,20.2,20.2,Yes,Yes,0.3061024911365532,0.6938975088634468,Create and Promote mid to long term contracts,No action needed,No action needed,Customize communication for customers with no dependents.
6790,6790,5204-QZXPU,Male,No,No,No,19,No,No phone service,DSL,No,No,Yes,No,Yes,No,Month-to-month,Yes,Electronic check,39.65,733.35,Yes,Yes,0.2196623210715271,0.7803376789284728,Create and Promote mid to long term contracts,Promote Tech Services,Enhance and Promote Entertainment Services,Customize communication for customers with no dependents.
6795,6795,8450-JOVAH,Male,No,Yes,Yes,2,Yes,Yes,DSL,Yes,No,No,No,No,No,Month-to-month,No,Mailed check,56.7,113.55,Yes,Yes,0.4128666779544618,0.5871333220455381,Create and Promote mid to long term contracts,Promote Tech Services,No action needed,No action needed
6799,6799,1113-IUJYX,Female,No,Yes,No,14,Yes,No,Fiber optic,Yes,Yes,No,Yes,Yes,Yes,One year,No,Mailed check,105.95,1348.9,Yes,Yes,0.3485751199337169,0.6514248800662831,Create and Promote mid to long term contracts,Promote Tech Services,Enhance and Promote Entertainment Services,Customize communication for customers with no dependents.
6808,6808,9274-CNFMO,Male,Yes,Yes,No,4,Yes,Yes,Fiber optic,No,No,No,No,No,No,Month-to-month,No,Electronic check,74.95,308.7,Yes,Yes,0.2433237167207632,0.7566762832792367,Create and Promote mid to long term contracts,Promote Tech Services,No action needed,Engage with senior citizens to better understand their needs and concerns.
6809,6809,7758-XKCBS,Male,No,No,No,15,No,No phone service,DSL,No,No,No,Yes,No,No,Month-to-month,Yes,Electronic check,29.7,438.25,Yes,Yes,0.3636007427786976,0.6363992572213024,Create and Promote mid to long term contracts,Promote Tech Services,No action needed,Customize communication for customers with no dependents.
6810,6810,8992-JQYUN,Male,No,Yes,No,1,No,No phone service,DSL,No,No,Yes,No,Yes,Yes,Month-to-month,Yes,Electronic check,50.35,50.35,Yes,Yes,0.0821546033181411,0.9178453966818588,Create and Promote mid to long term contracts,Promote Tech Services,Enhance and Promote Entertainment Services,Customize communication for customers with no dependents.
6815,6815,2446-PLQVO,Male,No,No,No,1,Yes,No,Fiber optic,No,No,No,No,No,No,Month-to-month,Yes,Electronic check,70.3,70.3,Yes,Yes,0.0922302486305999,0.9077697513694,Create and Promote mid to long term contracts,Promote Tech Services,No action needed,Customize communication for customers with no dependents.
6818,6818,3005-NFMTA,Male,Yes,No,No,55,Yes,Yes,Fiber optic,Yes,No,No,No,Yes,Yes,Month-to-month,Yes,Electronic check,98.8,5617.75,Yes,Yes,0.3380673175283986,0.6619326824716014,Create and Promote mid to long term contracts,Promote Tech Services,Enhance and Promote Entertainment Services,Engage with senior citizens to better understand their needs and concerns.
6820,6820,8784-CGILN,Female,No,No,No,18,Yes,Yes,Fiber optic,No,No,No,Yes,Yes,Yes,Month-to-month,Yes,Bank transfer (automatic),99.85,1776.95,Yes,Yes,0.2676029855422147,0.7323970144577853,Create and Promote mid to long term contracts,Promote Tech Services,Enhance and Promote Entertainment Services,Customize communication for customers with no dependents.
6821,6821,5389-FFVKB,Male,Yes,Yes,No,32,Yes,No,Fiber optic,No,No,No,No,No,Yes,Month-to-month,Yes,Credit card (automatic),80.3,2483.05,Yes,Yes,0.3729020294482786,0.6270979705517213,Create and Promote mid to long term contracts,Promote Tech Services,Enhance and Promote Entertainment Services,Engage with senior citizens to better understand their needs and concerns.
6823,6823,8444-WRIDW,Female,Yes,No,No,66,Yes,Yes,Fiber optic,No,Yes,No,No,No,No,Month-to-month,Yes,Credit card (automatic),80.45,5224.35,Yes,Yes,0.3960608067790099,0.6039391932209901,Create and Promote mid to long term contracts,Promote Tech Services,No action needed,Engage with senior citizens to better understand their needs and concerns.
6824,6824,5022-KVDQT,Male,No,No,No,27,Yes,Yes,Fiber optic,No,No,Yes,No,No,No,Month-to-month,Yes,Electronic check,81.3,2272.8,No,Yes,0.4680079366491289,0.5319920633508711,Create and Promote mid to long term contracts,Promote Tech Services,No action needed,Customize communication for customers with no dependents.
6830,6830,9451-LPGOO,Male,No,No,No,7,Yes,Yes,Fiber optic,No,No,No,No,No,Yes,Month-to-month,Yes,Electronic check,86.8,620.35,Yes,Yes,0.1233586467045307,0.8766413532954692,Create and Promote mid to long term contracts,Promote Tech Services,Enhance and Promote Entertainment Services,Customize communication for customers with no dependents.
6835,6835,5868-YWPDW,Male,Yes,Yes,No,6,Yes,No,Fiber optic,No,Yes,No,No,No,Yes,Month-to-month,Yes,Electronic check,84.2,519.15,Yes,Yes,0.2545614134827034,0.7454385865172966,Create and Promote mid to long term contracts,Promote Tech Services,Enhance and Promote Entertainment Services,Engage with senior citizens to better understand their needs and concerns.
6836,6836,6229-LSCKB,Male,Yes,No,No,6,Yes,No,Fiber optic,No,No,No,No,Yes,No,Month-to-month,Yes,Electronic check,79.7,497.6,No,Yes,0.3610001991818334,0.6389998008181665,Create and Promote mid to long term contracts,Promote Tech Services,Enhance and Promote Entertainment Services,Engage with senior citizens to better understand their needs and concerns.
6837,6837,2025-JKFWI,Male,No,No,No,13,Yes,Yes,Fiber optic,No,No,No,Yes,Yes,Yes,Month-to-month,Yes,Mailed check,99.0,1301.7,Yes,Yes,0.2311688887320725,0.7688311112679275,Create and Promote mid to long term contracts,Promote Tech Services,Enhance and Promote Entertainment Services,Customize communication for customers with no dependents.
6838,6838,4078-SAYYN,Female,No,No,No,11,Yes,Yes,Fiber optic,No,No,Yes,No,Yes,Yes,Month-to-month,Yes,Electronic check,100.75,1129.75,Yes,Yes,0.0723301755872832,0.9276698244127168,Create and Promote mid to long term contracts,Promote Tech Services,Enhance and Promote Entertainment Services,Customize communication for customers with no dependents.
6842,6842,9940-HPQPG,Female,No,Yes,No,9,Yes,Yes,Fiber optic,Yes,Yes,Yes,No,No,No,Month-to-month,No,Bank transfer (automatic),91.75,865.8,Yes,Yes,0.2984799098212556,0.7015200901787444,Create and Promote mid to long term contracts,Promote Tech Services,No action needed,Customize communication for customers with no dependents.
6844,6844,6127-IYJOZ,Male,Yes,No,No,1,Yes,No,DSL,No,No,No,No,No,No,Month-to-month,Yes,Mailed check,45.85,45.85,No,Yes,0.3929755058717757,0.6070244941282242,Create and Promote mid to long term contracts,Promote Tech Services,No action needed,Engage with senior citizens to better understand their needs and concerns.
6845,6845,6618-RYATB,Female,No,No,No,1,Yes,Yes,Fiber optic,No,No,Yes,No,No,No,Month-to-month,Yes,Mailed check,79.55,79.55,Yes,Yes,0.0822194938306174,0.9177805061693826,Create and Promote mid to long term contracts,Promote Tech Services,No action needed,Customize communication for customers with no dependents.
6852,6852,9079-YEXQJ,Female,No,No,No,54,Yes,Yes,Fiber optic,No,Yes,Yes,Yes,Yes,Yes,Month-to-month,No,Electronic check,111.1,6014.85,Yes,Yes,0.3197603119466499,0.6802396880533501,Create and Promote mid to long term contracts,Promote Tech Services,Enhance and Promote Entertainment Services,Customize communication for customers with no dependents.
6857,6857,2685-SREOM,Female,No,Yes,Yes,25,Yes,Yes,Fiber optic,No,No,Yes,No,No,Yes,Month-to-month,Yes,Electronic check,89.1,2368.4,Yes,Yes,0.2671306292044715,0.7328693707955285,Create and Promote mid to long term contracts,Promote Tech Services,Enhance and Promote Entertainment Services,No action needed
6859,6859,0402-CQAJN,Female,No,No,No,37,Yes,Yes,Fiber optic,No,Yes,Yes,No,Yes,Yes,Month-to-month,Yes,Bank transfer (automatic),101.9,3545.35,Yes,Yes,0.2822868269768979,0.7177131730231021,Create and Promote mid to long term contracts,Promote Tech Services,Enhance and Promote Entertainment Services,Customize communication for customers with no dependents.
6860,6860,6692-UDPJC,Female,No,Yes,Yes,14,Yes,Yes,Fiber optic,No,No,No,Yes,Yes,No,Month-to-month,Yes,Electronic check,91.65,1301.0,Yes,Yes,0.2528979814258697,0.7471020185741303,Create and Promote mid to long term contracts,Promote Tech Services,Enhance and Promote Entertainment Services,No action needed
6861,6861,1273-MTETI,Female,Yes,No,No,4,Yes,Yes,Fiber optic,No,No,Yes,No,No,Yes,Month-to-month,Yes,Electronic check,88.85,372.45,Yes,Yes,0.1061535065418498,0.8938464934581501,Create and Promote mid to long term contracts,Promote Tech Services,Enhance and Promote Entertainment Services,Engage with senior citizens to better understand their needs and concerns.
6863,6863,5480-HPRRX,Female,Yes,No,No,3,No,No phone service,DSL,No,No,No,No,No,No,Month-to-month,No,Electronic check,25.3,77.75,Yes,Yes,0.0701076260789985,0.9298923739210014,Create and Promote mid to long term contracts,Promote Tech Services,No action needed,Engage with senior citizens to better understand their needs and concerns.
6865,6865,0295-PPHDO,Male,No,No,No,1,Yes,Yes,Fiber optic,No,No,No,No,Yes,Yes,Month-to-month,Yes,Electronic check,95.45,95.45,Yes,Yes,0.0440588084643449,0.955941191535655,Create and Promote mid to long term contracts,Promote Tech Services,Enhance and Promote Entertainment Services,Customize communication for customers with no dependents.
6867,6867,1195-OIYEJ,Male,No,No,No,13,Yes,No,Fiber optic,No,No,No,No,Yes,Yes,Month-to-month,Yes,Electronic check,91.1,1135.7,Yes,Yes,0.1619441208306431,0.8380558791693569,Create and Promote mid to long term contracts,Promote Tech Services,Enhance and Promote Entertainment Services,Customize communication for customers with no dependents.
6876,6876,4501-EQDRN,Female,No,No,No,1,Yes,No,Fiber optic,No,No,No,No,No,No,Month-to-month,No,Bank transfer (automatic),69.7,69.7,Yes,Yes,0.0446347500292588,0.9553652499707412,Create and Promote mid to long term contracts,Promote Tech Services,No action needed,Customize communication for customers with no dependents.
6877,6877,2990-HWIML,Female,No,No,No,6,Yes,No,Fiber optic,No,No,No,No,Yes,Yes,Month-to-month,Yes,Electronic check,89.5,573.3,Yes,Yes,0.0828674088268844,0.9171325911731156,Create and Promote mid to long term contracts,Promote Tech Services,Enhance and Promote Entertainment Services,Customize communication for customers with no dependents.
6883,6883,7384-GHBPI,Male,No,Yes,No,3,No,No phone service,DSL,No,No,No,No,No,Yes,Month-to-month,Yes,Electronic check,35.15,99.75,Yes,Yes,0.1243714733179466,0.8756285266820534,Create and Promote mid to long term contracts,Promote Tech Services,Enhance and Promote Entertainment Services,Customize communication for customers with no dependents.
6884,6884,7603-USHJS,Male,No,No,Yes,12,Yes,Yes,Fiber optic,No,No,No,No,No,No,Month-to-month,Yes,Credit card (automatic),73.75,871.4,Yes,Yes,0.3312400211277928,0.6687599788722072,Create and Promote mid to long term contracts,Promote Tech Services,No action needed,No action needed
6885,6885,7234-FECYN,Female,Yes,No,No,8,Yes,Yes,Fiber optic,No,No,Yes,No,Yes,Yes,Month-to-month,No,Electronic check,101.35,780.5,Yes,Yes,0.0847400595184555,0.9152599404815444,Create and Promote mid to long term contracts,Promote Tech Services,Enhance and Promote Entertainment Services,Engage with senior citizens to better understand their needs and concerns.
6887,6887,3191-CSNMG,Female,No,Yes,Yes,3,Yes,No,Fiber optic,No,No,No,No,Yes,No,Month-to-month,Yes,Electronic check,80.7,239.45,No,Yes,0.4565450913336624,0.5434549086663376,Create and Promote mid to long term contracts,Promote Tech Services,Enhance and Promote Entertainment Services,No action needed
6892,6892,5876-HZVZM,Female,No,Yes,Yes,6,Yes,No,DSL,Yes,Yes,No,No,No,No,Month-to-month,No,Credit card (automatic),55.9,365.35,Yes,Yes,0.4892778793781681,0.5107221206218319,Create and Promote mid to long term contracts,Promote Tech Services,No action needed,No action needed
6893,6893,1400-MMYXY,Male,Yes,Yes,No,3,Yes,Yes,Fiber optic,No,Yes,Yes,No,Yes,Yes,Month-to-month,Yes,Electronic check,105.9,334.65,Yes,Yes,0.1049624563367833,0.8950375436632166,Create and Promote mid to long term contracts,Promote Tech Services,Enhance and Promote Entertainment Services,Engage with senior citizens to better understand their needs and concerns.
6895,6895,3085-QUOZK,Female,No,No,No,1,Yes,No,DSL,No,No,No,No,No,No,Month-to-month,No,Mailed check,43.95,43.95,Yes,Yes,0.4730546408408194,0.5269453591591806,Create and Promote mid to long term contracts,Promote Tech Services,No action needed,Customize communication for customers with no dependents.
6898,6898,3926-CUQZX,Male,No,No,No,1,Yes,No,DSL,No,No,No,No,No,No,Month-to-month,Yes,Bank transfer (automatic),45.1,45.1,Yes,Yes,0.2322696065521972,0.7677303934478028,Create and Promote mid to long term contracts,Promote Tech Services,No action needed,Customize communication for customers with no dependents.
6906,6906,1041-RXHRA,Female,No,No,No,41,Yes,No,Fiber optic,No,No,No,No,No,No,Month-to-month,No,Bank transfer (automatic),70.25,2868.05,Yes,Yes,0.3307649836194979,0.6692350163805021,Create and Promote mid to long term contracts,Promote Tech Services,No action needed,Customize communication for customers with no dependents.
6907,6907,1750-CSKKM,Male,No,No,Yes,9,Yes,No,DSL,No,No,No,No,Yes,No,Month-to-month,No,Electronic check,55.35,449.75,Yes,Yes,0.3942579070349883,0.6057420929650117,Create and Promote mid to long term contracts,Promote Tech Services,Enhance and Promote Entertainment Services,No action needed
6911,6911,2215-ZAFGX,Male,No,No,No,9,Yes,Yes,Fiber optic,No,No,No,No,Yes,No,Month-to-month,Yes,Electronic check,85.5,791.7,No,Yes,0.2339660782606624,0.7660339217393376,Create and Promote mid to long term contracts,Promote Tech Services,Enhance and Promote Entertainment Services,Customize communication for customers with no dependents.
6913,6913,7142-HVGBG,Male,Yes,Yes,No,43,Yes,Yes,Fiber optic,No,Yes,Yes,No,Yes,Yes,Month-to-month,Yes,Electronic check,103.0,4414.3,Yes,Yes,0.2583085597951632,0.7416914402048368,Create and Promote mid to long term contracts,Promote Tech Services,Enhance and Promote Entertainment Services,Engage with senior citizens to better understand their needs and concerns.
6917,6917,8267-ZNYVZ,Female,No,Yes,No,33,Yes,No,Fiber optic,Yes,No,Yes,Yes,Yes,Yes,One year,Yes,Electronic check,103.75,3361.05,Yes,Yes,0.4314499737832029,0.5685500262167971,Create and Promote mid to long term contracts,Promote Tech Services,Enhance and Promote Entertainment Services,Customize communication for customers with no dependents.
6923,6923,6457-GIRWB,Male,No,No,No,1,Yes,No,Fiber optic,No,No,No,No,No,No,Month-to-month,Yes,Electronic check,69.35,69.35,Yes,Yes,0.055192160914866,0.944807839085134,Create and Promote mid to long term contracts,Promote Tech Services,No action needed,Customize communication for customers with no dependents.
6925,6925,1450-SKCVI,Female,No,No,No,56,Yes,No,Fiber optic,No,Yes,No,No,No,No,Month-to-month,Yes,Electronic check,73.85,4092.85,Yes,Yes,0.4406433106448894,0.5593566893551106,Create and Promote mid to long term contracts,Promote Tech Services,No action needed,Customize communication for customers with no dependents.
6929,6929,5570-PTWEH,Female,No,Yes,No,3,Yes,Yes,Fiber optic,No,No,No,No,No,No,Month-to-month,Yes,Credit card (automatic),75.15,216.75,Yes,Yes,0.1104005924041298,0.8895994075958702,Create and Promote mid to long term contracts,Promote Tech Services,No action needed,Customize communication for customers with no dependents.
6932,6932,6502-MJQAE,Male,No,No,No,1,Yes,No,Fiber optic,No,No,No,No,No,No,Month-to-month,Yes,Electronic check,69.6,69.6,Yes,Yes,0.0571409975045643,0.9428590024954356,Create and Promote mid to long term contracts,Promote Tech Services,No action needed,Customize communication for customers with no dependents.
6935,6935,7693-LCKZL,Male,No,Yes,Yes,5,Yes,Yes,Fiber optic,No,Yes,No,No,No,No,Month-to-month,Yes,Electronic check,80.15,385.0,Yes,Yes,0.207112261060509,0.7928877389394909,Create and Promote mid to long term contracts,Promote Tech Services,No action needed,No action needed
6942,6942,0032-PGELS,Female,No,Yes,Yes,1,No,No phone service,DSL,Yes,No,No,No,No,No,Month-to-month,No,Bank transfer (automatic),30.5,30.5,Yes,Yes,0.2624976286020815,0.7375023713979185,Create and Promote mid to long term contracts,Promote Tech Services,No action needed,No action needed
6951,6951,6394-MFYNG,Female,No,No,No,48,Yes,Yes,Fiber optic,No,Yes,Yes,No,Yes,Yes,Month-to-month,Yes,Bank transfer (automatic),107.4,5121.3,Yes,Yes,0.2623656199730175,0.7376343800269825,Create and Promote mid to long term contracts,Promote Tech Services,Enhance and Promote Entertainment Services,Customize communication for customers with no dependents.
6952,6952,1564-NTYXF,Female,Yes,No,No,13,Yes,Yes,Fiber optic,No,No,No,No,No,Yes,Month-to-month,Yes,Electronic check,82.0,1127.2,Yes,Yes,0.1424573787878762,0.8575426212121238,Create and Promote mid to long term contracts,Promote Tech Services,Enhance and Promote Entertainment Services,Engage with senior citizens to better understand their needs and concerns.
6954,6954,5392-AKEMH,Female,No,No,No,12,Yes,No,DSL,No,No,No,No,No,No,Month-to-month,Yes,Electronic check,45.05,523.1,No,Yes,0.4021403187049379,0.5978596812950621,Create and Promote mid to long term contracts,Promote Tech Services,No action needed,Customize communication for customers with no dependents.
6960,6960,8155-IBNHG,Female,No,Yes,No,24,Yes,Yes,Fiber optic,No,No,No,No,No,No,Month-to-month,Yes,Credit card (automatic),75.4,1747.85,Yes,Yes,0.3386860416047779,0.6613139583952221,Create and Promote mid to long term contracts,Promote Tech Services,No action needed,Customize communication for customers with no dependents.
6961,6961,0886-QGENL,Female,Yes,Yes,No,27,Yes,No,Fiber optic,Yes,No,Yes,No,Yes,Yes,Month-to-month,Yes,Electronic check,101.25,2754.45,Yes,Yes,0.2792472849974405,0.7207527150025594,Create and Promote mid to long term contracts,Promote Tech Services,Enhance and Promote Entertainment Services,Engage with senior citizens to better understand their needs and concerns.
6966,6966,8739-WWKDU,Male,Yes,No,No,25,Yes,Yes,Fiber optic,No,Yes,No,No,Yes,No,Month-to-month,Yes,Electronic check,89.5,2196.15,Yes,Yes,0.2432004803710089,0.7567995196289911,Create and Promote mid to long term contracts,Promote Tech Services,Enhance and Promote Entertainment Services,Engage with senior citizens to better understand their needs and concerns.
6967,6967,8685-WHQPW,Female,Yes,No,No,22,Yes,Yes,Fiber optic,No,No,No,No,No,No,Month-to-month,Yes,Bank transfer (automatic),74.4,1692.6,Yes,Yes,0.2495010289518129,0.7504989710481871,Create and Promote mid to long term contracts,Promote Tech Services,No action needed,Engage with senior citizens to better understand their needs and concerns.
6969,6969,8083-YTZES,Male,No,No,No,4,Yes,Yes,Fiber optic,No,No,No,No,No,No,Month-to-month,Yes,Electronic check,74.35,265.35,Yes,Yes,0.1169456457977833,0.8830543542022167,Create and Promote mid to long term contracts,Promote Tech Services,No action needed,Customize communication for customers with no dependents.
6970,6970,7240-FQLHE,Female,Yes,Yes,No,18,Yes,Yes,Fiber optic,No,No,No,Yes,Yes,Yes,Month-to-month,No,Bank transfer (automatic),99.75,1836.25,Yes,Yes,0.2543634035703416,0.7456365964296584,Create and Promote mid to long term contracts,Promote Tech Services,Enhance and Promote Entertainment Services,Engage with senior citizens to better understand their needs and concerns.
6971,6971,6664-FPDAC,Female,Yes,No,No,56,Yes,Yes,Fiber optic,No,Yes,Yes,Yes,Yes,Yes,One year,Yes,Electronic check,111.95,6418.9,Yes,Yes,0.3199411658354563,0.6800588341645437,Create and Promote mid to long term contracts,Promote Tech Services,Enhance and Promote Entertainment Services,Engage with senior citizens to better understand their needs and concerns.
6979,6979,0786-VSSUD,Male,Yes,No,No,16,No,No phone service,DSL,No,Yes,No,No,Yes,No,Month-to-month,Yes,Mailed check,39.0,679.85,Yes,Yes,0.3722936919946988,0.6277063080053011,Create and Promote mid to long term contracts,Promote Tech Services,Enhance and Promote Entertainment Services,Engage with senior citizens to better understand their needs and concerns.
6985,6985,3976-BWUCK,Female,No,Yes,No,30,Yes,Yes,Fiber optic,No,Yes,No,Yes,Yes,No,Month-to-month,Yes,Credit card (automatic),94.1,2804.45,Yes,Yes,0.4408478027930339,0.5591521972069661,Create and Promote mid to long term contracts,Promote Tech Services,Enhance and Promote Entertainment Services,Customize communication for customers with no dependents.
6990,6990,3585-ISXZP,Female,No,No,No,8,Yes,Yes,Fiber optic,No,No,No,No,Yes,Yes,Month-to-month,No,Bank transfer (automatic),95.65,778.1,Yes,Yes,0.0552480870668963,0.9447519129331036,Create and Promote mid to long term contracts,Promote Tech Services,Enhance and Promote Entertainment Services,Customize communication for customers with no dependents.
6992,6992,6583-QGCSI,Female,Yes,Yes,No,50,Yes,Yes,Fiber optic,No,Yes,No,No,Yes,No,Month-to-month,Yes,Electronic check,88.05,4367.35,Yes,Yes,0.2984570459755467,0.7015429540244533,Create and Promote mid to long term contracts,Promote Tech Services,Enhance and Promote Entertainment Services,Engage with senior citizens to better understand their needs and concerns.
6997,6997,0928-XUTSN,Female,No,No,No,13,Yes,No,Fiber optic,No,No,No,No,No,Yes,Month-to-month,Yes,Electronic check,80.5,1011.8,No,Yes,0.2848725222416521,0.7151274777583478,Create and Promote mid to long term contracts,Promote Tech Services,Enhance and Promote Entertainment Services,Customize communication for customers with no dependents.
6998,6998,2108-XWMPY,Male,No,No,No,3,No,No phone service,DSL,Yes,Yes,No,No,No,No,Month-to-month,Yes,Mailed check,35.45,106.85,Yes,Yes,0.274509785838399,0.725490214161601,Create and Promote mid to long term contracts,Promote Tech Services,No action needed,Customize communication for customers with no dependents.
7000,7000,6304-IJFSQ,Male,No,No,No,3,Yes,No,DSL,No,Yes,No,No,No,No,Month-to-month,Yes,Mailed check,49.9,130.1,Yes,Yes,0.4507010247369584,0.5492989752630416,Create and Promote mid to long term contracts,Promote Tech Services,No action needed,Customize communication for customers with no dependents.
7005,7005,0093-XWZFY,Male,No,No,No,40,Yes,Yes,Fiber optic,No,Yes,Yes,No,Yes,Yes,Month-to-month,Yes,Credit card (automatic),104.5,4036.85,Yes,Yes,0.2283059022609641,0.7716940977390359,Create and Promote mid to long term contracts,Promote Tech Services,Enhance and Promote Entertainment Services,Customize communication for customers with no dependents.
7007,7007,1980-KXVPM,Female,Yes,No,No,3,Yes,Yes,Fiber optic,No,No,No,No,No,No,Month-to-month,Yes,Credit card (automatic),75.05,256.25,Yes,Yes,0.1031613190163716,0.8968386809836284,Create and Promote mid to long term contracts,Promote Tech Services,No action needed,Engage with senior citizens to better understand their needs and concerns.
7008,7008,7703-ZEKEF,Male,No,No,No,23,Yes,Yes,Fiber optic,No,No,Yes,No,No,No,Month-to-month,Yes,Electronic check,81.0,1917.1,Yes,Yes,0.3851159740073876,0.6148840259926124,Create and Promote mid to long term contracts,Promote Tech Services,No action needed,Customize communication for customers with no dependents.
7009,7009,0723-DRCLG,Female,Yes,Yes,No,1,Yes,Yes,Fiber optic,No,No,No,No,No,No,Month-to-month,Yes,Electronic check,74.45,74.45,Yes,Yes,0.0624964440404673,0.9375035559595326,Create and Promote mid to long term contracts,Promote Tech Services,No action needed,Engage with senior citizens to better understand their needs and concerns.
7010,7010,5482-NUPNA,Female,No,No,No,4,Yes,No,DSL,Yes,Yes,No,Yes,No,No,Month-to-month,Yes,Mailed check,60.4,272.15,Yes,Yes,0.4744699931734284,0.5255300068265716,Create and Promote mid to long term contracts,Promote Tech Services,No action needed,Customize communication for customers with no dependents.
7017,7017,1122-JWTJW,Male,No,Yes,Yes,1,Yes,No,Fiber optic,No,No,No,No,No,No,Month-to-month,Yes,Mailed check,70.65,70.65,Yes,Yes,0.1396083690867472,0.8603916309132528,Create and Promote mid to long term contracts,Promote Tech Services,No action needed,No action needed
7025,7025,8775-CEBBJ,Female,No,No,No,9,Yes,No,DSL,No,No,No,No,No,No,Month-to-month,Yes,Bank transfer (automatic),44.2,403.35,Yes,Yes,0.2727980705870686,0.7272019294129314,Create and Promote mid to long term contracts,Promote Tech Services,No action needed,Customize communication for customers with no dependents.
7028,7028,2235-DWLJU,Female,Yes,No,No,6,No,No phone service,DSL,No,No,No,No,Yes,Yes,Month-to-month,Yes,Electronic check,44.4,263.05,No,Yes,0.4629481032474634,0.5370518967525366,Create and Promote mid to long term contracts,Promote Tech Services,Enhance and Promote Entertainment Services,Engage with senior citizens to better understand their needs and concerns.
7031,7031,6894-LFHLY,Male,Yes,No,No,1,Yes,Yes,Fiber optic,No,No,No,No,No,No,Month-to-month,Yes,Electronic check,75.75,75.75,Yes,Yes,0.0481564241916404,0.9518435758083597,Create and Promote mid to long term contracts,Promote Tech Services,No action needed,Engage with senior citizens to better understand their needs and concerns.
7033,7033,0639-TSIQW,Female,No,No,No,67,Yes,Yes,Fiber optic,Yes,Yes,Yes,No,Yes,No,Month-to-month,Yes,Credit card (automatic),102.95,6886.25,Yes,Yes,0.3938583677649649,0.606141632235035,Create and Promote mid to long term contracts,Promote Tech Services,Enhance and Promote Entertainment Services,Customize communication for customers with no dependents.
7040,7040,8361-LTMKD,Male,Yes,Yes,No,4,Yes,Yes,Fiber optic,No,No,No,No,No,No,Month-to-month,Yes,Mailed check,74.4,306.6,Yes,Yes,0.2097767035544253,0.7902232964455747,Create and Promote mid to long term contracts,Promote Tech Services,No action needed,Engage with senior citizens to better understand their needs and concerns.
